-- phpMyAdmin SQL Dump
-- version 5.2.1
-- https://www.phpmyadmin.net/
--
-- Host: 127.0.0.1
-- Generation Time: Oct 16, 2025 at 10:24 AM
-- Server version: 10.4.32-MariaDB
-- PHP Version: 8.2.12

SET SQL_MODE = "NO_AUTO_VALUE_ON_ZERO";
START TRANSACTION;
SET time_zone = "+00:00";


/*!40101 SET @OLD_CHARACTER_SET_CLIENT=@@CHARACTER_SET_CLIENT */;
/*!40101 SET @OLD_CHARACTER_SET_RESULTS=@@CHARACTER_SET_RESULTS */;
/*!40101 SET @OLD_COLLATION_CONNECTION=@@COLLATION_CONNECTION */;
/*!40101 SET NAMES utf8mb4 */;

--
-- Database: `skin911`
--

-- --------------------------------------------------------

--
-- Table structure for table `bookings`
--

CREATE TABLE `bookings` (
  `id` bigint(20) UNSIGNED NOT NULL,
  `user_id` bigint(20) UNSIGNED DEFAULT NULL,
  `walkin_name` varchar(255) DEFAULT NULL,
  `walkin_phone` varchar(255) DEFAULT NULL,
  `walkin_email` varchar(255) DEFAULT NULL,
  `is_walkin` tinyint(1) NOT NULL DEFAULT 0,
  `service_id` bigint(20) UNSIGNED DEFAULT NULL,
  `package_id` bigint(20) UNSIGNED DEFAULT NULL,
  `branch_id` bigint(20) UNSIGNED NOT NULL,
  `date` date NOT NULL,
  `time_slot` varchar(255) NOT NULL,
  `status` varchar(255) NOT NULL DEFAULT 'active',
  `created_at` timestamp NULL DEFAULT NULL,
  `updated_at` timestamp NULL DEFAULT NULL
) ENGINE=InnoDB DEFAULT CHARSET=utf8mb4 COLLATE=utf8mb4_unicode_ci;

--
-- Dumping data for table `bookings`
--

INSERT INTO `bookings` (`id`, `user_id`, `walkin_name`, `walkin_phone`, `walkin_email`, `is_walkin`, `service_id`, `package_id`, `branch_id`, `date`, `time_slot`, `status`, `created_at`, `updated_at`) VALUES
(1, 1, NULL, NULL, NULL, 0, 2, NULL, 1, '2025-08-25', '10:00-11:00', 'cancelled', '2025-08-25 12:50:41', '2025-08-25 12:50:49'),
(2, 1, NULL, NULL, NULL, 0, 3, NULL, 1, '2025-08-25', '10:00-11:00', 'cancelled', '2025-08-25 13:20:08', '2025-08-25 16:28:52'),
(3, 1, NULL, NULL, NULL, 0, 12, NULL, 1, '2025-08-26', '09:00-10:00', 'Cancelled', '2025-08-25 16:29:39', '2025-08-26 08:40:41'),
(4, 1, NULL, NULL, NULL, 0, 2, NULL, 1, '2025-08-26', '09:00-10:00', 'cancelled', '2025-08-25 16:29:53', '2025-08-25 16:29:57'),
(5, 1, NULL, NULL, NULL, 0, 3, NULL, 1, '2025-08-27', '09:00-10:00', 'Cancelled', '2025-08-25 16:30:11', '2025-08-26 09:15:02'),
(6, 1, NULL, NULL, NULL, 0, 2, NULL, 1, '2025-08-27', '09:00-10:00', 'Cancelled', '2025-08-26 07:04:34', '2025-08-26 09:22:40'),
(7, 5, NULL, NULL, NULL, 0, 8, NULL, 1, '2025-08-27', '09:00-10:00', 'Cancelled', '2025-08-26 07:14:25', '2025-08-26 09:24:33'),
(8, 1, NULL, NULL, NULL, 0, 1, NULL, 1, '2025-08-26', '09:00-10:00', 'Cancelled', '2025-08-26 09:26:26', '2025-08-26 09:28:42'),
(9, 1, NULL, NULL, NULL, 0, 1, NULL, 1, '2025-08-26', '09:00-10:00', 'Cancelled', '2025-08-26 09:26:43', '2025-08-26 09:27:11'),
(10, 1, NULL, NULL, NULL, 0, 9, NULL, 1, '2025-08-26', '09:00-10:00', 'Cancelled', '2025-08-26 09:26:56', '2025-08-26 09:28:57'),
(11, 1, NULL, NULL, NULL, 0, 5, NULL, 1, '2025-08-26', '09:00-10:00', 'Cancelled', '2025-08-26 09:28:15', '2025-08-26 09:30:37'),
(12, 1, NULL, NULL, NULL, 0, 1, NULL, 1, '2025-08-26', '09:00-10:00', 'cancelled', '2025-08-26 09:31:05', '2025-08-26 09:33:04'),
(13, 1, NULL, NULL, NULL, 0, 3, NULL, 1, '2025-08-26', '09:00-10:00', 'Cancelled', '2025-08-26 09:33:32', '2025-08-26 09:34:37'),
(14, 1, NULL, NULL, NULL, 0, 10, NULL, 1, '2025-08-28', '09:00-10:00', 'Cancelled', '2025-08-26 09:35:01', '2025-08-26 09:35:40'),
(15, 1, NULL, NULL, NULL, 0, 2, NULL, 1, '2025-08-26', '09:00-10:00', 'cancelled', '2025-08-26 09:36:35', '2025-08-26 09:36:51'),
(16, 1, NULL, NULL, NULL, 0, 11, NULL, 1, '2025-08-26', '10:00-11:00', 'Cancelled', '2025-08-26 09:37:09', '2025-08-26 09:59:56'),
(17, 1, NULL, NULL, NULL, 0, 63, NULL, 1, '2025-08-26', '09:00-10:00', 'Cancelled', '2025-08-26 09:38:08', '2025-08-26 10:55:33'),
(18, 1, NULL, NULL, NULL, 0, 63, NULL, 2, '2025-08-26', '10:00-11:00', 'Cancelled', '2025-08-26 09:58:07', '2025-08-31 13:49:00'),
(19, 1, NULL, NULL, NULL, 0, 1, NULL, 1, '2025-08-31', '09:00-10:00', 'Cancelled', '2025-08-31 13:34:47', '2025-08-31 13:49:06'),
(20, 1, NULL, NULL, NULL, 0, 7, NULL, 2, '2025-08-31', '10:00-11:00', 'cancelled', '2025-08-31 13:35:40', '2025-09-01 14:47:19'),
(21, 1, NULL, NULL, NULL, 0, 72, NULL, 1, '2025-08-31', '09:00-10:00', 'cancelled', '2025-08-31 13:36:15', '2025-08-31 13:40:50'),
(22, 1, NULL, NULL, NULL, 0, 3, NULL, 1, '2025-08-31', '09:00-10:00', 'cancelled', '2025-08-31 14:47:23', '2025-09-01 15:30:56'),
(23, 1, NULL, NULL, NULL, 0, 2, NULL, 1, '2025-08-31', '09:00-10:00', 'cancelled', '2025-08-31 14:47:30', '2025-09-01 15:30:53'),
(24, 1, NULL, NULL, NULL, 0, 5, NULL, 1, '2025-08-31', '09:00-10:00', 'cancelled', '2025-08-31 14:47:44', '2025-09-01 15:07:20'),
(25, 1, NULL, NULL, NULL, 0, 4, NULL, 1, '2025-08-31', '09:00-10:00', 'cancelled', '2025-08-31 14:47:54', '2025-09-01 15:30:50'),
(26, 1, NULL, NULL, NULL, 0, 8, NULL, 1, '2025-08-31', '09:00-10:00', 'cancelled', '2025-08-31 14:48:04', '2025-09-01 15:29:42'),
(27, 1, NULL, NULL, NULL, 0, 1, NULL, 1, '2025-09-01', '09:00-10:00', 'cancelled', '2025-09-01 12:58:52', '2025-09-01 12:59:03'),
(28, 1, NULL, NULL, NULL, 0, 1, NULL, 1, '2025-09-01', '21:00-22:00', 'cancelled', '2025-09-01 14:39:08', '2025-09-01 15:07:15'),
(29, 1, NULL, NULL, NULL, 0, NULL, NULL, 1, '2025-09-04', '10:00-11:00', 'cancelled', '2025-09-01 14:46:35', '2025-09-01 14:47:52'),
(30, 1, NULL, NULL, NULL, 0, NULL, NULL, 1, '2025-09-01', '10:00-11:00', 'Cancelled', '2025-09-01 14:48:42', '2025-09-01 15:29:22'),
(31, 1, NULL, NULL, NULL, 0, NULL, NULL, 1, '2025-09-01', '10:00-11:00', 'Cancelled', '2025-09-01 15:08:45', '2025-09-01 15:29:31'),
(32, 1, NULL, NULL, NULL, 0, NULL, NULL, 1, '2025-09-01', '13:00-14:00', 'cancelled', '2025-09-01 15:29:04', '2025-09-01 15:29:38'),
(33, 1, NULL, NULL, NULL, 0, 1, NULL, 1, '2025-09-03', '09:00-10:00', 'Cancelled', '2025-09-01 15:31:11', '2025-09-02 06:37:11'),
(34, 1, NULL, NULL, NULL, 0, NULL, NULL, 1, '2025-09-04', '11:00-12:00', 'Cancelled', '2025-09-01 15:41:13', '2025-09-02 06:43:10'),
(35, 1, NULL, NULL, NULL, 0, 2, NULL, 2, '2025-09-05', '10:00-11:00', 'Cancelled', '2025-09-01 15:42:15', '2025-09-02 06:43:11'),
(36, 1, NULL, NULL, NULL, 0, 1, NULL, 3, '2025-09-04', '09:00-10:00', 'Cancelled', '2025-09-01 15:54:13', '2025-09-02 06:43:11'),
(37, 1, NULL, NULL, NULL, 0, NULL, NULL, 1, '2025-09-18', '13:00-14:00', 'Cancelled', '2025-09-01 15:54:25', '2025-09-02 06:43:12'),
(38, 1, NULL, NULL, NULL, 0, 16, NULL, 2, '2025-09-24', '09:00-10:00', 'Cancelled', '2025-09-01 15:54:44', '2025-09-02 06:43:15'),
(39, 1, NULL, NULL, NULL, 0, 14, NULL, 2, '2025-09-03', '11:00-12:00', 'Cancelled', '2025-09-01 15:55:20', '2025-09-02 06:44:18'),
(40, 1, NULL, NULL, NULL, 0, 15, NULL, 2, '2025-09-25', '10:00-11:00', 'Cancelled', '2025-09-01 15:55:32', '2025-09-02 06:43:16'),
(41, NULL, NULL, NULL, NULL, 1, 1, NULL, 1, '2025-09-03', '10:00-11:00', 'Cancelled', '2025-09-02 05:15:42', '2025-09-02 05:30:51'),
(42, NULL, 'Leo', NULL, NULL, 1, 15, NULL, 1, '2025-09-03', '09:00-10:00', 'Cancelled', '2025-09-02 05:20:34', '2025-09-02 05:30:54'),
(43, 1, NULL, NULL, NULL, 0, NULL, NULL, 1, '2025-09-03', '10:00-11:00', 'Cancelled', '2025-09-02 05:28:29', '2025-09-02 06:43:08'),
(44, NULL, 'buset', NULL, NULL, 1, 9, NULL, 1, '2025-09-03', '10:00-11:00', 'Cancelled', '2025-09-02 05:31:15', '2025-09-02 06:38:29'),
(45, NULL, 'cleibnt name', NULL, NULL, 1, 2, NULL, 1, '2025-09-10', '10:00-11:00', 'Cancelled', '2025-09-02 06:22:23', '2025-09-02 06:38:32'),
(46, NULL, 'guset', NULL, NULL, 1, 1, NULL, 1, '2025-09-03', '10:00-11:00', 'Cancelled', '2025-09-02 06:44:28', '2025-09-03 05:32:01'),
(47, 1, NULL, NULL, NULL, 0, NULL, NULL, 1, '2025-09-03', '12:00-13:00', 'Cancelled', '2025-09-02 06:52:45', '2025-09-03 05:31:55'),
(48, 1, NULL, NULL, NULL, 0, 16, NULL, 1, '2025-09-04', '12:00-13:00', 'cancelled', '2025-09-02 07:10:43', '2025-09-03 05:14:05'),
(49, 1, NULL, NULL, NULL, 0, 3, NULL, 5, '2025-09-03', '12:00-13:00', 'Cancelled', '2025-09-02 07:11:02', '2025-09-03 05:31:52'),
(50, 1, NULL, NULL, NULL, 0, 3, NULL, 1, '2025-09-03', '11:00-12:00', 'cancelled', '2025-09-02 07:11:16', '2025-09-03 05:21:00'),
(51, 1, NULL, NULL, NULL, 0, NULL, NULL, 1, '2025-09-02', '10:00-11:00', 'cancelled', '2025-09-02 07:11:45', '2025-09-03 05:21:03'),
(52, NULL, 'asdafasd', NULL, NULL, 1, 6, NULL, 1, '2025-09-03', '11:00-12:00', 'Cancelled', '2025-09-02 07:21:58', '2025-09-03 05:32:03'),
(53, NULL, 'asfagfasd', NULL, NULL, 1, 10, NULL, 1, '2025-09-02', '19:00-20:00', 'Cancelled', '2025-09-02 07:22:34', '2025-09-03 05:31:59'),
(54, NULL, 'faghtrgsr', NULL, NULL, 1, 2, NULL, 1, '2025-09-03', '12:00-13:00', 'Cancelled', '2025-09-02 07:44:37', '2025-09-03 05:32:05'),
(55, 1, NULL, NULL, NULL, 0, 16, NULL, 1, '2025-09-03', '09:00-10:00', 'cancelled', '2025-09-02 08:47:03', '2025-09-03 04:56:48'),
(56, NULL, 'afawsdcfaw', NULL, NULL, 1, 2, NULL, 1, '2025-09-10', '08:00-09:00', 'Cancelled', '2025-09-02 14:20:15', '2025-09-03 05:32:07'),
(57, 1, NULL, NULL, NULL, 0, 2, NULL, 1, '2025-09-03', '12:00-13:00', 'cancelled', '2025-09-02 14:40:35', '2025-09-03 04:56:44'),
(58, 1, NULL, NULL, NULL, 0, NULL, NULL, 1, '2025-09-12', '12:00-13:00', 'cancelled', '2025-09-02 15:18:35', '2025-09-03 04:56:41'),
(59, 1, NULL, NULL, NULL, 0, 1, NULL, 1, '2025-09-02', '20:00-21:00', 'cancelled', '2025-09-02 15:52:06', '2025-09-03 04:56:37'),
(60, 1, NULL, NULL, NULL, 0, NULL, NULL, 1, '2025-09-05', '12:00-13:00', 'cancelled', '2025-09-03 03:14:07', '2025-09-03 04:56:32'),
(61, 1, NULL, NULL, NULL, 0, 1, NULL, 1, '2025-09-04', '12:00-13:00', 'cancelled', '2025-09-03 04:14:58', '2025-09-03 04:56:29'),
(62, NULL, 'asdasd', NULL, NULL, 1, 1, NULL, 1, '2025-09-04', '10:00-11:00', 'Cancelled', '2025-09-03 04:15:39', '2025-09-03 05:32:15'),
(63, 1, NULL, NULL, NULL, 0, 1, NULL, 1, '2025-09-03', '12:00-13:00', 'cancelled', '2025-09-03 04:16:01', '2025-09-03 04:56:26'),
(64, 1, NULL, NULL, NULL, 0, 1, NULL, 1, '2025-09-04', '12:00-13:00', 'cancelled', '2025-09-03 04:55:40', '2025-09-03 04:56:22'),
(65, 1, NULL, NULL, NULL, 0, 1, NULL, 1, '2025-09-04', '12:00-13:00', 'cancelled', '2025-09-03 04:57:11', '2025-09-03 05:13:11'),
(66, NULL, 'asfdaSFa', NULL, NULL, 1, 1, NULL, 1, '2025-09-04', '13:00-14:00', 'Cancelled', '2025-09-03 04:58:16', '2025-09-03 05:32:21'),
(67, 1, NULL, NULL, NULL, 0, 1, NULL, 1, '2025-09-03', '13:00-14:00', 'cancelled', '2025-09-03 05:10:29', '2025-09-03 05:13:08'),
(68, 1, NULL, NULL, NULL, 0, 1, NULL, 1, '2025-09-04', '12:00-13:00', 'cancelled', '2025-09-03 05:13:29', '2025-09-03 05:13:56'),
(69, 1, NULL, NULL, NULL, 0, 1, NULL, 1, '2025-09-05', '13:00-14:00', 'cancelled', '2025-09-03 05:14:27', '2025-09-03 05:20:54'),
(70, 1, NULL, NULL, NULL, 0, 1, NULL, 1, '2025-09-04', '12:00-13:00', 'cancelled', '2025-09-03 05:20:12', '2025-09-03 05:20:51'),
(71, 1, NULL, NULL, NULL, 0, 1, NULL, 1, '2025-09-04', '17:00-18:00', 'cancelled', '2025-09-03 05:21:27', '2025-09-03 05:31:23'),
(72, 1, NULL, NULL, NULL, 0, 1, NULL, 1, '2025-09-04', '19:00-20:00', 'cancelled', '2025-09-03 05:25:31', '2025-09-03 05:31:19'),
(73, 1, NULL, NULL, NULL, 0, 1, NULL, 1, '2025-09-04', '12:00-13:00', 'cancelled', '2025-09-03 05:31:01', '2025-09-03 05:31:15'),
(74, 1, NULL, NULL, NULL, 0, 1, NULL, 1, '2025-09-03', '12:00-13:00', 'cancelled', '2025-09-03 05:32:49', '2025-09-03 06:08:45'),
(75, NULL, 'asfasdasd', NULL, NULL, 1, 1, NULL, 1, '2025-09-04', '12:00-13:00', 'Cancelled', '2025-09-03 05:40:56', '2025-09-03 06:29:58'),
(76, 1, NULL, NULL, NULL, 0, 1, NULL, 1, '2025-09-03', '12:00-13:00', 'cancelled', '2025-09-03 05:55:24', '2025-09-03 06:08:41'),
(77, 1, NULL, NULL, NULL, 0, 1, NULL, 1, '2025-09-03', '12:00-13:00', 'cancelled', '2025-09-03 06:08:57', '2025-09-03 06:29:50'),
(78, NULL, 'reffgsdfas', NULL, NULL, 1, 1, NULL, 1, '2025-09-04', '14:00-15:00', 'Cancelled', '2025-09-03 06:14:28', '2025-09-03 06:29:59'),
(79, NULL, 'adasdavcazxc', NULL, NULL, 1, 1, NULL, 1, '2025-09-05', '12:00-13:00', 'Cancelled', '2025-09-03 06:20:28', '2025-09-03 06:24:40'),
(80, NULL, 'fghjfghdfgh', NULL, NULL, 1, 1, NULL, 1, '2025-09-05', '12:00-13:00', 'Cancelled', '2025-09-03 06:28:59', '2025-09-03 06:30:01'),
(81, NULL, 'asdasdaSD', NULL, NULL, 1, 1, NULL, 1, '2025-09-03', '16:00-17:00', 'Cancelled', '2025-09-03 06:30:19', '2025-09-11 09:11:19'),
(82, NULL, 'ASFDASFGASD', NULL, NULL, 1, 7, NULL, 1, '2025-09-03', '14:00-15:00', 'Cancelled', '2025-09-03 06:31:19', '2025-09-11 09:11:14'),
(83, 1, NULL, NULL, NULL, 0, 1, NULL, 1, '2025-09-12', '12:00-13:00', 'Cancelled', '2025-09-11 05:15:52', '2025-09-11 07:19:44'),
(84, NULL, 'sdfafd', NULL, NULL, 1, 1, NULL, 1, '2025-09-11', '14:00-15:00', 'Cancelled', '2025-09-11 05:17:52', '2025-09-11 06:30:54'),
(85, NULL, 'asddad', NULL, NULL, 1, 1, NULL, 1, '2025-09-12', '14:00-15:00', 'Cancelled', '2025-09-11 06:30:25', '2025-09-11 09:11:24'),
(86, 1, NULL, NULL, NULL, 0, 8, NULL, 1, '2025-09-11', '13:00-14:00', 'Cancelled', '2025-09-11 06:37:09', '2025-09-11 09:11:07'),
(87, NULL, 'ASDASD', NULL, NULL, 1, 12, NULL, 1, '2025-09-12', '12:00-13:00', 'Cancelled', '2025-09-11 08:57:06', '2025-09-11 09:11:28'),
(88, 1, NULL, NULL, NULL, 0, 1, NULL, 1, '2025-09-11', '12:00-13:00', 'Cancelled', '2025-09-11 09:10:03', '2025-09-11 09:11:09'),
(89, 1, NULL, NULL, NULL, 0, NULL, NULL, 1, '2025-09-13', '12:00-13:00', 'cancelled', '2025-09-11 10:03:50', '2025-09-17 11:35:18'),
(90, NULL, 'dafafgasdd', NULL, NULL, 1, 1, NULL, 1, '2025-09-12', '12:00-13:00', 'Cancelled', '2025-09-11 11:24:48', '2025-10-08 07:48:06'),
(91, 1, NULL, NULL, NULL, 0, 1, NULL, 1, '2025-09-13', '12:00-13:00', 'Cancelled', '2025-09-12 13:54:45', '2025-09-12 14:01:40'),
(92, NULL, 'sdasdasdasda', NULL, NULL, 1, 1, NULL, 1, '2025-09-13', '16:00-17:00', 'Cancelled', '2025-09-12 13:57:13', '2025-09-12 14:39:28'),
(93, NULL, 'samleguest', NULL, NULL, 1, 4, NULL, 1, '2025-09-13', '13:00-14:00', 'Cancelled', '2025-09-12 14:30:34', '2025-10-08 07:48:10'),
(94, NULL, 'je', NULL, NULL, 1, 3, NULL, 1, '2025-09-13', '14:00-15:00', 'Cancelled', '2025-09-12 14:32:18', '2025-10-08 07:48:14'),
(95, 1, NULL, NULL, NULL, 0, NULL, 8, 1, '2025-09-14', '13:00-14:00', 'cancelled', '2025-09-12 15:11:57', '2025-09-17 11:35:15'),
(96, 1, NULL, NULL, NULL, 0, NULL, NULL, 1, '2025-09-18', '12:00-13:00', 'Cancelled', '2025-09-17 14:11:30', '2025-09-23 07:34:18'),
(97, 1, NULL, NULL, NULL, 0, 1, NULL, 1, '2025-09-18', '13:00-14:00', 'cancelled', '2025-09-18 14:42:53', '2025-09-19 08:23:38'),
(98, 1, NULL, NULL, NULL, 0, 15, NULL, 1, '2025-05-01', '9:00-10:00', 'Cancelled', '2025-04-30 23:40:06', '2025-10-08 07:19:39'),
(99, 5, NULL, NULL, NULL, 0, 7, NULL, 1, '2025-05-17', '13:00-11:00', 'Cancelled', '2025-05-17 00:42:43', '2025-10-08 07:40:20'),
(100, 2, NULL, NULL, NULL, 0, 8, NULL, 1, '2025-05-12', '15:00-17:00', 'Cancelled', '2025-05-11 20:42:43', '2025-10-08 07:40:17'),
(101, 5, NULL, NULL, NULL, 0, 69, NULL, 1, '2025-05-20', '12:00-17:00', 'Cancelled', '2025-05-19 21:42:43', '2025-10-08 07:40:21'),
(102, 5, NULL, NULL, NULL, 0, 15, NULL, 1, '2025-05-07', '11:00-12:00', 'Cancelled', '2025-05-06 19:42:43', '2025-10-08 07:19:42'),
(103, 1, NULL, NULL, NULL, 0, 7, NULL, 1, '2025-05-14', '12:00-11:00', 'Cancelled', '2025-05-13 23:42:43', '2025-10-08 07:40:19'),
(104, 1, NULL, NULL, NULL, 0, 97, NULL, 1, '2025-05-16', '11:00-15:00', 'Cancelled', '2025-05-16 03:42:43', '2025-10-08 07:40:19'),
(105, 5, NULL, NULL, NULL, 0, 35, NULL, 1, '2025-05-24', '11:00-12:00', 'Cancelled', '2025-05-23 21:42:43', '2025-10-08 07:40:52'),
(106, 2, NULL, NULL, NULL, 0, 56, NULL, 1, '2025-04-28', '15:00-13:00', 'Cancelled', '2025-04-27 22:42:43', '2025-10-08 07:19:37'),
(107, 1, NULL, NULL, NULL, 0, 33, NULL, 1, '2025-05-08', '16:00-12:00', 'Cancelled', '2025-05-07 20:42:43', '2025-10-08 07:27:57'),
(108, 1, NULL, NULL, NULL, 0, 64, NULL, 1, '2025-05-02', '16:00-15:00', 'Cancelled', '2025-05-01 21:42:43', '2025-10-08 07:19:41'),
(109, 1, NULL, NULL, NULL, 0, 19, NULL, 1, '2025-05-24', '14:00-12:00', 'Cancelled', '2025-05-23 21:42:43', '2025-10-08 07:40:52'),
(110, 2, NULL, NULL, NULL, 0, 86, NULL, 1, '2025-05-22', '10:00-12:00', 'Cancelled', '2025-05-21 22:42:43', '2025-10-08 07:40:52'),
(111, 2, NULL, NULL, NULL, 0, 109, NULL, 2, '2025-04-30', '13:00-11:00', 'active', '2025-04-29 23:42:43', '2025-04-29 23:42:43'),
(112, 2, NULL, NULL, NULL, 0, 24, NULL, 2, '2025-05-13', '11:00-12:00', 'active', '2025-05-13 03:42:43', '2025-05-13 03:42:43'),
(113, 2, NULL, NULL, NULL, 0, 36, NULL, 2, '2025-05-07', '14:00-15:00', 'active', '2025-05-07 00:42:43', '2025-05-07 00:42:43'),
(114, 1, NULL, NULL, NULL, 0, 69, NULL, 2, '2025-05-10', '13:00-11:00', 'active', '2025-05-09 22:42:43', '2025-05-09 22:42:43'),
(115, 2, NULL, NULL, NULL, 0, 31, NULL, 2, '2025-05-11', '10:00-14:00', 'active', '2025-05-10 22:42:43', '2025-05-10 22:42:43'),
(116, 1, NULL, NULL, NULL, 0, 44, NULL, 2, '2025-05-22', '16:00-13:00', 'active', '2025-05-22 01:42:43', '2025-05-22 01:42:43'),
(117, 5, NULL, NULL, NULL, 0, 126, NULL, 2, '2025-05-23', '13:00-10:00', 'active', '2025-05-22 19:42:43', '2025-05-22 19:42:43'),
(118, 2, NULL, NULL, NULL, 0, 32, NULL, 3, '2025-05-03', '12:00-17:00', 'active', '2025-05-03 02:42:43', '2025-05-03 02:42:43'),
(119, 2, NULL, NULL, NULL, 0, 76, NULL, 3, '2025-05-22', '13:00-16:00', 'active', '2025-05-22 00:42:43', '2025-05-22 00:42:43'),
(120, 1, NULL, NULL, NULL, 0, 42, NULL, 3, '2025-05-17', '14:00-10:00', 'active', '2025-05-16 21:42:43', '2025-05-16 21:42:43'),
(121, 1, NULL, NULL, NULL, 0, 120, NULL, 3, '2025-04-29', '16:00-14:00', 'cancelled', '2025-04-28 20:42:43', '2025-10-08 07:46:05'),
(122, 2, NULL, NULL, NULL, 0, 32, NULL, 3, '2025-05-17', '12:00-11:00', 'active', '2025-05-16 20:42:43', '2025-05-16 20:42:43'),
(123, 5, NULL, NULL, NULL, 0, 28, NULL, 3, '2025-05-21', '16:00-12:00', 'active', '2025-05-21 03:42:43', '2025-05-21 03:42:43'),
(124, 1, NULL, NULL, NULL, 0, 36, NULL, 3, '2025-05-08', '9:00-12:00', 'active', '2025-05-08 01:42:43', '2025-05-08 01:42:43'),
(125, 5, NULL, NULL, NULL, 0, 118, NULL, 3, '2025-05-08', '15:00-12:00', 'active', '2025-05-08 00:42:43', '2025-05-08 00:42:43'),
(126, 2, NULL, NULL, NULL, 0, 9, NULL, 3, '2025-05-08', '13:00-17:00', 'active', '2025-05-07 22:42:43', '2025-05-07 22:42:43'),
(127, 2, NULL, NULL, NULL, 0, 43, NULL, 3, '2025-05-10', '11:00-13:00', 'active', '2025-05-10 01:42:43', '2025-05-10 01:42:43'),
(128, 2, NULL, NULL, NULL, 0, 68, NULL, 3, '2025-05-06', '12:00-14:00', 'active', '2025-05-06 03:42:43', '2025-05-06 03:42:43'),
(129, 2, NULL, NULL, NULL, 0, 17, NULL, 3, '2025-05-01', '10:00-13:00', 'active', '2025-04-30 20:42:43', '2025-04-30 20:42:43'),
(130, 2, NULL, NULL, NULL, 0, 74, NULL, 3, '2025-05-04', '14:00-17:00', 'active', '2025-05-04 00:42:43', '2025-05-04 00:42:43'),
(131, 5, NULL, NULL, NULL, 0, 1, NULL, 3, '2025-05-09', '14:00-17:00', 'active', '2025-05-09 03:42:43', '2025-05-09 03:42:43'),
(132, 5, NULL, NULL, NULL, 0, 122, NULL, 4, '2025-05-25', '10:00-11:00', 'active', '2025-05-25 03:42:43', '2025-05-25 03:42:43'),
(133, 1, NULL, NULL, NULL, 0, 55, NULL, 4, '2025-05-07', '12:00-13:00', 'active', '2025-05-06 23:42:43', '2025-05-06 23:42:43'),
(134, 5, NULL, NULL, NULL, 0, 89, NULL, 4, '2025-05-03', '9:00-12:00', 'active', '2025-05-02 23:42:43', '2025-05-02 23:42:43'),
(135, 1, NULL, NULL, NULL, 0, 76, NULL, 4, '2025-05-10', '16:00-10:00', 'active', '2025-05-10 00:42:43', '2025-05-10 00:42:43'),
(136, 1, NULL, NULL, NULL, 0, 66, NULL, 4, '2025-05-22', '16:00-11:00', 'active', '2025-05-21 20:42:43', '2025-05-21 20:42:43'),
(137, 2, NULL, NULL, NULL, 0, 15, NULL, 4, '2025-05-18', '11:00-10:00', 'active', '2025-05-17 19:42:43', '2025-05-17 19:42:43'),
(138, 2, NULL, NULL, NULL, 0, 48, NULL, 4, '2025-05-12', '11:00-15:00', 'active', '2025-05-12 02:42:43', '2025-05-12 02:42:43'),
(139, 2, NULL, NULL, NULL, 0, 123, NULL, 4, '2025-05-11', '16:00-15:00', 'active', '2025-05-11 01:42:43', '2025-05-11 01:42:43'),
(140, 5, NULL, NULL, NULL, 0, 20, NULL, 4, '2025-05-12', '9:00-13:00', 'active', '2025-05-11 23:42:43', '2025-05-11 23:42:43'),
(141, 5, NULL, NULL, NULL, 0, 72, NULL, 4, '2025-05-06', '13:00-12:00', 'active', '2025-05-05 23:42:43', '2025-05-05 23:42:43'),
(142, 5, NULL, NULL, NULL, 0, 112, NULL, 4, '2025-05-14', '9:00-13:00', 'active', '2025-05-13 19:42:43', '2025-05-13 19:42:43'),
(143, 1, NULL, NULL, NULL, 0, 16, NULL, 4, '2025-05-04', '12:00-10:00', 'active', '2025-05-04 03:42:43', '2025-05-04 03:42:43'),
(144, 5, NULL, NULL, NULL, 0, 119, NULL, 4, '2025-05-16', '10:00-14:00', 'active', '2025-05-16 02:42:43', '2025-05-16 02:42:43'),
(145, 1, NULL, NULL, NULL, 0, 2, NULL, 4, '2025-05-23', '13:00-13:00', 'active', '2025-05-22 22:42:43', '2025-05-22 22:42:43'),
(146, 2, NULL, NULL, NULL, 0, 78, NULL, 5, '2025-05-20', '13:00-12:00', 'active', '2025-05-19 22:42:43', '2025-05-19 22:42:43'),
(147, 5, NULL, NULL, NULL, 0, 91, NULL, 5, '2025-05-07', '9:00-13:00', 'active', '2025-05-06 21:42:43', '2025-05-06 21:42:43'),
(148, 5, NULL, NULL, NULL, 0, 8, NULL, 5, '2025-04-28', '15:00-14:00', 'active', '2025-04-27 22:42:43', '2025-04-27 22:42:43'),
(149, 2, NULL, NULL, NULL, 0, 70, NULL, 5, '2025-05-14', '12:00-16:00', 'active', '2025-05-13 21:42:43', '2025-05-13 21:42:43'),
(150, 1, NULL, NULL, NULL, 0, 83, NULL, 5, '2025-05-10', '15:00-14:00', 'active', '2025-05-09 23:42:43', '2025-05-09 23:42:43'),
(151, 2, NULL, NULL, NULL, 0, 66, NULL, 5, '2025-05-10', '15:00-16:00', 'active', '2025-05-10 03:42:43', '2025-05-10 03:42:43'),
(152, 1, NULL, NULL, NULL, 0, 126, NULL, 5, '2025-05-23', '12:00-11:00', 'active', '2025-05-22 20:42:43', '2025-05-22 20:42:43'),
(153, 5, NULL, NULL, NULL, 0, 13, NULL, 5, '2025-05-09', '12:00-13:00', 'active', '2025-05-08 20:42:43', '2025-05-08 20:42:43'),
(154, 5, NULL, NULL, NULL, 0, 92, NULL, 5, '2025-05-20', '13:00-17:00', 'active', '2025-05-19 22:42:43', '2025-05-19 22:42:43'),
(155, 2, NULL, NULL, NULL, 0, 112, NULL, 5, '2025-05-11', '16:00-16:00', 'active', '2025-05-11 01:42:43', '2025-05-11 01:42:43'),
(156, 5, NULL, NULL, NULL, 0, 117, NULL, 5, '2025-04-29', '10:00-12:00', 'active', '2025-04-29 01:42:43', '2025-04-29 01:42:43'),
(157, 1, NULL, NULL, NULL, 0, 11, NULL, 5, '2025-05-04', '9:00-10:00', 'cancelled', '2025-05-03 22:42:43', '2025-10-13 14:44:34'),
(158, 2, NULL, NULL, NULL, 0, 37, NULL, 1, '2025-06-01', '15:00-17:00', 'Cancelled', '2025-05-31 19:42:44', '2025-10-08 07:40:54'),
(159, 1, NULL, NULL, NULL, 0, 3, NULL, 1, '2025-06-14', '10:00-15:00', 'Cancelled', '2025-06-14 01:42:44', '2025-10-08 07:41:05'),
(160, 2, NULL, NULL, NULL, 0, 60, NULL, 1, '2025-05-30', '16:00-12:00', 'Cancelled', '2025-05-29 22:42:44', '2025-10-08 07:40:51'),
(161, 2, NULL, NULL, NULL, 0, 28, NULL, 1, '2025-06-12', '15:00-12:00', 'Cancelled', '2025-06-11 22:42:44', '2025-10-08 07:41:04'),
(162, 5, NULL, NULL, NULL, 0, 89, NULL, 1, '2025-06-07', '12:00-12:00', 'Cancelled', '2025-06-07 03:42:44', '2025-10-08 07:40:59'),
(163, 5, NULL, NULL, NULL, 0, 105, NULL, 1, '2025-06-15', '14:00-12:00', 'Cancelled', '2025-06-15 03:42:44', '2025-10-08 07:41:06'),
(164, 1, NULL, NULL, NULL, 0, 125, NULL, 1, '2025-06-09', '10:00-12:00', 'Cancelled', '2025-06-08 21:42:44', '2025-10-08 07:40:59'),
(165, 1, NULL, NULL, NULL, 0, 21, NULL, 1, '2025-05-30', '15:00-17:00', 'Cancelled', '2025-05-29 23:42:44', '2025-10-08 07:40:50'),
(166, 2, NULL, NULL, NULL, 0, 34, NULL, 1, '2025-06-06', '16:00-14:00', 'Cancelled', '2025-06-06 03:42:44', '2025-10-08 07:40:59'),
(167, 2, NULL, NULL, NULL, 0, 42, NULL, 1, '2025-06-01', '14:00-16:00', 'Cancelled', '2025-05-31 22:42:44', '2025-10-08 07:40:55'),
(168, 5, NULL, NULL, NULL, 0, 11, NULL, 1, '2025-06-09', '15:00-16:00', 'Cancelled', '2025-06-09 01:42:44', '2025-10-08 07:41:00'),
(169, 1, NULL, NULL, NULL, 0, 117, NULL, 1, '2025-06-24', '9:00-12:00', 'Cancelled', '2025-06-24 01:42:44', '2025-10-08 07:41:08'),
(170, 2, NULL, NULL, NULL, 0, 45, NULL, 1, '2025-06-09', '15:00-12:00', 'Cancelled', '2025-06-08 22:42:44', '2025-10-08 07:41:00'),
(171, 1, NULL, NULL, NULL, 0, 92, NULL, 2, '2025-06-08', '12:00-10:00', 'active', '2025-06-07 21:42:44', '2025-06-07 21:42:44'),
(172, 2, NULL, NULL, NULL, 0, 125, NULL, 2, '2025-06-22', '11:00-17:00', 'active', '2025-06-21 23:42:44', '2025-06-21 23:42:44'),
(173, 1, NULL, NULL, NULL, 0, 92, NULL, 2, '2025-06-14', '15:00-11:00', 'active', '2025-06-13 23:42:44', '2025-06-13 23:42:44'),
(174, 1, NULL, NULL, NULL, 0, 74, NULL, 2, '2025-06-09', '12:00-11:00', 'active', '2025-06-09 00:42:44', '2025-06-09 00:42:44'),
(175, 1, NULL, NULL, NULL, 0, 37, NULL, 2, '2025-06-12', '14:00-11:00', 'active', '2025-06-11 21:42:44', '2025-06-11 21:42:44'),
(176, 2, NULL, NULL, NULL, 0, 55, NULL, 2, '2025-05-31', '9:00-13:00', 'active', '2025-05-31 01:42:44', '2025-05-31 01:42:44'),
(177, 2, NULL, NULL, NULL, 0, 40, NULL, 2, '2025-06-10', '9:00-13:00', 'active', '2025-06-10 02:42:44', '2025-06-10 02:42:44'),
(178, 1, NULL, NULL, NULL, 0, 124, NULL, 3, '2025-06-06', '13:00-12:00', 'active', '2025-06-06 00:42:44', '2025-06-06 00:42:44'),
(179, 5, NULL, NULL, NULL, 0, 7, NULL, 3, '2025-05-31', '9:00-12:00', 'active', '2025-05-30 19:42:44', '2025-05-30 19:42:44'),
(180, 1, NULL, NULL, NULL, 0, 41, NULL, 3, '2025-06-05', '10:00-13:00', 'active', '2025-06-05 00:42:44', '2025-06-05 00:42:44'),
(181, 2, NULL, NULL, NULL, 0, 18, NULL, 3, '2025-06-13', '14:00-12:00', 'active', '2025-06-12 22:42:44', '2025-06-12 22:42:44'),
(182, 2, NULL, NULL, NULL, 0, 41, NULL, 3, '2025-06-01', '16:00-11:00', 'active', '2025-06-01 01:42:44', '2025-06-01 01:42:44'),
(183, 2, NULL, NULL, NULL, 0, 70, NULL, 3, '2025-06-18', '12:00-10:00', 'active', '2025-06-17 19:42:44', '2025-06-17 19:42:44'),
(184, 5, NULL, NULL, NULL, 0, 76, NULL, 3, '2025-06-02', '11:00-10:00', 'active', '2025-06-01 22:42:44', '2025-06-01 22:42:44'),
(185, 1, NULL, NULL, NULL, 0, 65, NULL, 3, '2025-06-19', '13:00-12:00', 'active', '2025-06-18 21:42:44', '2025-06-18 21:42:44'),
(186, 1, NULL, NULL, NULL, 0, 2, NULL, 3, '2025-05-30', '12:00-14:00', 'active', '2025-05-29 23:42:44', '2025-05-29 23:42:44'),
(187, 1, NULL, NULL, NULL, 0, 78, NULL, 3, '2025-06-19', '13:00-13:00', 'active', '2025-06-18 22:42:44', '2025-06-18 22:42:44'),
(188, 2, NULL, NULL, NULL, 0, 67, NULL, 3, '2025-06-15', '15:00-16:00', 'active', '2025-06-14 23:42:44', '2025-06-14 23:42:44'),
(189, 5, NULL, NULL, NULL, 0, 38, NULL, 3, '2025-06-16', '13:00-16:00', 'active', '2025-06-15 19:42:44', '2025-06-15 19:42:44'),
(190, 2, NULL, NULL, NULL, 0, 76, NULL, 4, '2025-06-02', '14:00-17:00', 'active', '2025-06-01 23:42:44', '2025-06-01 23:42:44'),
(191, 5, NULL, NULL, NULL, 0, 70, NULL, 4, '2025-05-31', '15:00-14:00', 'active', '2025-05-31 01:42:44', '2025-05-31 01:42:44'),
(192, 1, NULL, NULL, NULL, 0, 25, NULL, 4, '2025-06-04', '10:00-12:00', 'active', '2025-06-03 21:42:44', '2025-06-03 21:42:44'),
(193, 1, NULL, NULL, NULL, 0, 55, NULL, 4, '2025-06-12', '9:00-13:00', 'active', '2025-06-12 01:42:44', '2025-06-12 01:42:44'),
(194, 1, NULL, NULL, NULL, 0, 33, NULL, 4, '2025-06-21', '13:00-16:00', 'active', '2025-06-20 22:42:44', '2025-06-20 22:42:44'),
(195, 5, NULL, NULL, NULL, 0, 43, NULL, 5, '2025-05-30', '11:00-15:00', 'active', '2025-05-29 22:42:44', '2025-05-29 22:42:44'),
(196, 2, NULL, NULL, NULL, 0, 32, NULL, 5, '2025-06-12', '14:00-15:00', 'active', '2025-06-12 03:42:44', '2025-06-12 03:42:44'),
(197, 2, NULL, NULL, NULL, 0, 24, NULL, 5, '2025-06-20', '9:00-12:00', 'active', '2025-06-19 22:42:44', '2025-06-19 22:42:44'),
(198, 1, NULL, NULL, NULL, 0, 64, NULL, 5, '2025-06-10', '16:00-12:00', 'active', '2025-06-09 20:42:44', '2025-06-09 20:42:44'),
(199, 2, NULL, NULL, NULL, 0, 83, NULL, 5, '2025-06-21', '16:00-14:00', 'active', '2025-06-20 20:42:44', '2025-06-20 20:42:44'),
(200, 5, NULL, NULL, NULL, 0, 109, NULL, 5, '2025-06-14', '12:00-13:00', 'active', '2025-06-13 19:42:44', '2025-06-13 19:42:44'),
(201, 2, NULL, NULL, NULL, 0, 123, NULL, 5, '2025-06-19', '16:00-17:00', 'active', '2025-06-19 03:42:44', '2025-06-19 03:42:44'),
(202, 2, NULL, NULL, NULL, 0, 48, NULL, 5, '2025-06-10', '16:00-16:00', 'active', '2025-06-09 22:42:44', '2025-06-09 22:42:44'),
(203, 5, NULL, NULL, NULL, 0, 127, NULL, 1, '2025-07-15', '15:00-14:00', 'Cancelled', '2025-07-14 19:42:44', '2025-10-08 07:41:27'),
(204, 2, NULL, NULL, NULL, 0, 19, NULL, 1, '2025-07-06', '12:00-12:00', 'Cancelled', '2025-07-05 23:42:44', '2025-10-08 07:41:16'),
(205, 2, NULL, NULL, NULL, 0, 71, NULL, 1, '2025-07-19', '16:00-12:00', 'Cancelled', '2025-07-18 22:42:44', '2025-10-08 07:41:30'),
(206, 5, NULL, NULL, NULL, 0, 111, NULL, 1, '2025-07-21', '12:00-17:00', 'Cancelled', '2025-07-20 19:42:44', '2025-10-08 07:41:32'),
(207, 1, NULL, NULL, NULL, 0, 39, NULL, 1, '2025-07-23', '16:00-14:00', 'Cancelled', '2025-07-22 19:42:44', '2025-10-08 07:41:47'),
(208, 5, NULL, NULL, NULL, 0, 62, NULL, 1, '2025-07-11', '12:00-12:00', 'Cancelled', '2025-07-11 00:42:44', '2025-10-08 07:41:13'),
(209, 5, NULL, NULL, NULL, 0, 54, NULL, 1, '2025-07-13', '13:00-13:00', 'Cancelled', '2025-07-13 03:42:44', '2025-10-08 07:41:27'),
(210, 2, NULL, NULL, NULL, 0, 118, NULL, 1, '2025-07-06', '10:00-13:00', 'Cancelled', '2025-07-06 02:42:44', '2025-10-08 07:41:15'),
(211, 5, NULL, NULL, NULL, 0, 60, NULL, 1, '2025-07-08', '9:00-12:00', 'Cancelled', '2025-07-07 21:42:44', '2025-10-08 07:41:14'),
(212, 5, NULL, NULL, NULL, 0, 5, NULL, 1, '2025-07-20', '16:00-15:00', 'Cancelled', '2025-07-20 02:42:44', '2025-10-08 07:41:29'),
(213, 2, NULL, NULL, NULL, 0, 4, NULL, 1, '2025-07-18', '9:00-11:00', 'Cancelled', '2025-07-17 20:42:44', '2025-10-08 07:41:31'),
(214, 2, NULL, NULL, NULL, 0, 83, NULL, 1, '2025-07-07', '15:00-11:00', 'Cancelled', '2025-07-06 22:42:44', '2025-10-08 07:41:15'),
(215, 2, NULL, NULL, NULL, 0, 21, NULL, 1, '2025-07-10', '15:00-14:00', 'Cancelled', '2025-07-10 02:42:44', '2025-10-08 07:41:13'),
(216, 1, NULL, NULL, NULL, 0, 35, NULL, 1, '2025-07-21', '9:00-12:00', 'Cancelled', '2025-07-20 20:42:44', '2025-10-08 07:41:33'),
(217, 2, NULL, NULL, NULL, 0, 11, NULL, 2, '2025-07-25', '9:00-14:00', 'active', '2025-07-24 21:42:44', '2025-07-24 21:42:44'),
(218, 5, NULL, NULL, NULL, 0, 91, NULL, 2, '2025-07-14', '10:00-15:00', 'active', '2025-07-13 21:42:44', '2025-07-13 21:42:44'),
(219, 1, NULL, NULL, NULL, 0, 56, NULL, 2, '2025-07-02', '15:00-17:00', 'active', '2025-07-01 23:42:44', '2025-07-01 23:42:44'),
(220, 2, NULL, NULL, NULL, 0, 8, NULL, 2, '2025-07-21', '9:00-16:00', 'active', '2025-07-20 19:42:44', '2025-07-20 19:42:44'),
(221, 1, NULL, NULL, NULL, 0, 102, NULL, 2, '2025-07-19', '11:00-13:00', 'active', '2025-07-19 02:42:44', '2025-07-19 02:42:44'),
(222, 1, NULL, NULL, NULL, 0, 127, NULL, 2, '2025-07-25', '14:00-12:00', 'active', '2025-07-24 20:42:44', '2025-07-24 20:42:44'),
(223, 1, NULL, NULL, NULL, 0, 107, NULL, 2, '2025-07-12', '11:00-16:00', 'active', '2025-07-12 00:42:44', '2025-07-12 00:42:44'),
(224, 2, NULL, NULL, NULL, 0, 20, NULL, 2, '2025-07-12', '14:00-10:00', 'active', '2025-07-11 19:42:44', '2025-07-11 19:42:44'),
(225, 2, NULL, NULL, NULL, 0, 33, NULL, 2, '2025-07-01', '16:00-13:00', 'active', '2025-07-01 02:42:44', '2025-07-01 02:42:44'),
(226, 5, NULL, NULL, NULL, 0, 68, NULL, 2, '2025-07-01', '9:00-10:00', 'active', '2025-07-01 00:42:44', '2025-07-01 00:42:44'),
(227, 2, NULL, NULL, NULL, 0, 118, NULL, 2, '2025-06-29', '15:00-16:00', 'active', '2025-06-28 21:42:44', '2025-06-28 21:42:44'),
(228, 2, NULL, NULL, NULL, 0, 56, NULL, 2, '2025-07-09', '10:00-12:00', 'active', '2025-07-09 01:42:44', '2025-07-09 01:42:44'),
(229, 5, NULL, NULL, NULL, 0, 35, NULL, 2, '2025-07-15', '14:00-10:00', 'active', '2025-07-14 20:42:44', '2025-07-14 20:42:44'),
(230, 1, NULL, NULL, NULL, 0, 14, NULL, 3, '2025-07-21', '15:00-13:00', 'active', '2025-07-20 20:42:44', '2025-07-20 20:42:44'),
(231, 5, NULL, NULL, NULL, 0, 7, NULL, 3, '2025-07-18', '14:00-14:00', 'active', '2025-07-17 22:42:44', '2025-07-17 22:42:44'),
(232, 5, NULL, NULL, NULL, 0, 124, NULL, 3, '2025-07-17', '10:00-14:00', 'active', '2025-07-17 03:42:44', '2025-07-17 03:42:44'),
(233, 5, NULL, NULL, NULL, 0, 8, NULL, 3, '2025-07-14', '9:00-13:00', 'active', '2025-07-13 22:42:44', '2025-07-13 22:42:44'),
(234, 1, NULL, NULL, NULL, 0, 71, NULL, 3, '2025-07-16', '13:00-15:00', 'active', '2025-07-16 03:42:44', '2025-07-16 03:42:44'),
(235, 5, NULL, NULL, NULL, 0, 114, NULL, 3, '2025-07-09', '11:00-15:00', 'active', '2025-07-08 22:42:44', '2025-07-08 22:42:44'),
(236, 2, NULL, NULL, NULL, 0, 6, NULL, 3, '2025-06-28', '12:00-15:00', 'active', '2025-06-28 03:42:44', '2025-06-28 03:42:44'),
(237, 1, NULL, NULL, NULL, 0, 111, NULL, 3, '2025-07-23', '10:00-12:00', 'active', '2025-07-23 02:42:44', '2025-07-23 02:42:44'),
(238, 1, NULL, NULL, NULL, 0, 89, NULL, 3, '2025-07-18', '13:00-17:00', 'active', '2025-07-17 23:42:44', '2025-07-17 23:42:44'),
(239, 2, NULL, NULL, NULL, 0, 114, NULL, 4, '2025-07-06', '9:00-12:00', 'active', '2025-07-05 19:42:44', '2025-07-05 19:42:44'),
(240, 1, NULL, NULL, NULL, 0, 62, NULL, 4, '2025-07-23', '10:00-16:00', 'active', '2025-07-23 03:42:44', '2025-07-23 03:42:44'),
(241, 2, NULL, NULL, NULL, 0, 42, NULL, 4, '2025-07-22', '13:00-14:00', 'active', '2025-07-22 01:42:44', '2025-07-22 01:42:44'),
(242, 2, NULL, NULL, NULL, 0, 88, NULL, 4, '2025-07-11', '12:00-17:00', 'active', '2025-07-10 22:42:44', '2025-07-10 22:42:44'),
(243, 2, NULL, NULL, NULL, 0, 12, NULL, 4, '2025-06-28', '12:00-11:00', 'active', '2025-06-27 20:42:44', '2025-06-27 20:42:44'),
(244, 5, NULL, NULL, NULL, 0, 22, NULL, 5, '2025-07-08', '13:00-10:00', 'active', '2025-07-08 01:42:44', '2025-07-08 01:42:44'),
(245, 2, NULL, NULL, NULL, 0, 41, NULL, 5, '2025-06-28', '16:00-17:00', 'active', '2025-06-28 00:42:44', '2025-06-28 00:42:44'),
(246, 5, NULL, NULL, NULL, 0, 125, NULL, 5, '2025-07-18', '9:00-11:00', 'active', '2025-07-18 01:42:44', '2025-07-18 01:42:44'),
(247, 5, NULL, NULL, NULL, 0, 99, NULL, 5, '2025-07-19', '9:00-14:00', 'active', '2025-07-18 23:42:44', '2025-07-18 23:42:44'),
(248, 2, NULL, NULL, NULL, 0, 9, NULL, 5, '2025-07-01', '10:00-15:00', 'active', '2025-07-01 03:42:44', '2025-07-01 03:42:44'),
(249, 2, NULL, NULL, NULL, 0, 103, NULL, 5, '2025-07-14', '15:00-11:00', 'active', '2025-07-13 22:42:44', '2025-07-13 22:42:44'),
(250, 5, NULL, NULL, NULL, 0, 120, NULL, 5, '2025-07-07', '13:00-16:00', 'active', '2025-07-07 00:42:44', '2025-07-07 00:42:44'),
(251, 2, NULL, NULL, NULL, 0, 47, NULL, 5, '2025-07-07', '12:00-13:00', 'active', '2025-07-06 23:42:44', '2025-07-06 23:42:44'),
(252, 5, NULL, NULL, NULL, 0, 115, NULL, 5, '2025-07-09', '14:00-10:00', 'active', '2025-07-09 03:42:44', '2025-07-09 03:42:44'),
(253, 1, NULL, NULL, NULL, 0, 77, NULL, 5, '2025-07-13', '10:00-12:00', 'active', '2025-07-12 22:42:44', '2025-07-12 22:42:44'),
(254, 1, NULL, NULL, NULL, 0, 27, NULL, 5, '2025-07-06', '12:00-13:00', 'active', '2025-07-06 03:42:44', '2025-07-06 03:42:44'),
(255, 2, NULL, NULL, NULL, 0, 13, NULL, 5, '2025-07-01', '13:00-16:00', 'active', '2025-07-01 02:42:44', '2025-07-01 02:42:44'),
(256, 2, NULL, NULL, NULL, 0, 105, NULL, 5, '2025-06-28', '13:00-16:00', 'active', '2025-06-27 20:42:44', '2025-06-27 20:42:44'),
(257, 5, NULL, NULL, NULL, 0, 93, NULL, 5, '2025-07-24', '12:00-13:00', 'active', '2025-07-23 21:42:44', '2025-07-23 21:42:44'),
(258, 2, NULL, NULL, NULL, 0, 73, NULL, 1, '2025-08-23', '16:00-16:00', 'Cancelled', '2025-08-22 21:42:44', '2025-10-08 07:41:51'),
(259, 5, NULL, NULL, NULL, 0, 62, NULL, 1, '2025-08-08', '15:00-16:00', 'Cancelled', '2025-08-08 01:42:44', '2025-10-08 07:41:38'),
(260, 2, NULL, NULL, NULL, 0, 88, NULL, 1, '2025-08-04', '14:00-17:00', 'Cancelled', '2025-08-04 01:42:44', '2025-10-08 07:41:37'),
(261, 5, NULL, NULL, NULL, 0, 36, NULL, 1, '2025-08-10', '12:00-12:00', 'Cancelled', '2025-08-10 03:42:44', '2025-10-08 07:41:49'),
(262, 1, NULL, NULL, NULL, 0, 59, NULL, 1, '2025-08-03', '14:00-15:00', 'Cancelled', '2025-08-02 20:42:44', '2025-10-08 07:41:36'),
(263, 1, NULL, NULL, NULL, 0, 37, NULL, 2, '2025-08-17', '11:00-10:00', 'active', '2025-08-17 00:42:44', '2025-08-17 00:42:44'),
(264, 1, NULL, NULL, NULL, 0, 59, NULL, 2, '2025-08-18', '12:00-15:00', 'active', '2025-08-18 01:42:44', '2025-08-18 01:42:44'),
(265, 5, NULL, NULL, NULL, 0, 4, NULL, 2, '2025-08-09', '10:00-13:00', 'active', '2025-08-08 21:42:44', '2025-08-08 21:42:44'),
(266, 5, NULL, NULL, NULL, 0, 123, NULL, 2, '2025-08-09', '14:00-15:00', 'active', '2025-08-08 22:42:44', '2025-08-08 22:42:44'),
(267, 5, NULL, NULL, NULL, 0, 104, NULL, 2, '2025-08-11', '16:00-17:00', 'active', '2025-08-10 23:42:44', '2025-08-10 23:42:44'),
(268, 2, NULL, NULL, NULL, 0, 63, NULL, 2, '2025-08-18', '9:00-13:00', 'active', '2025-08-17 19:42:44', '2025-08-17 19:42:44'),
(269, 1, NULL, NULL, NULL, 0, 99, NULL, 2, '2025-08-12', '15:00-13:00', 'active', '2025-08-12 00:42:44', '2025-08-12 00:42:44'),
(270, 2, NULL, NULL, NULL, 0, 108, NULL, 3, '2025-08-07', '16:00-10:00', 'active', '2025-08-07 01:42:44', '2025-08-07 01:42:44'),
(271, 5, NULL, NULL, NULL, 0, 43, NULL, 3, '2025-08-17', '10:00-11:00', 'active', '2025-08-16 20:42:44', '2025-08-16 20:42:44'),
(272, 5, NULL, NULL, NULL, 0, 121, NULL, 3, '2025-08-14', '13:00-15:00', 'active', '2025-08-13 21:42:44', '2025-08-13 21:42:44'),
(273, 2, NULL, NULL, NULL, 0, 87, NULL, 3, '2025-08-24', '10:00-11:00', 'active', '2025-08-23 22:42:44', '2025-08-23 22:42:44'),
(274, 5, NULL, NULL, NULL, 0, 59, NULL, 3, '2025-08-03', '15:00-11:00', 'active', '2025-08-03 01:42:44', '2025-08-03 01:42:44'),
(275, 2, NULL, NULL, NULL, 0, 124, NULL, 3, '2025-08-22', '9:00-17:00', 'active', '2025-08-22 00:42:44', '2025-08-22 00:42:44'),
(276, 5, NULL, NULL, NULL, 0, 97, NULL, 3, '2025-08-02', '14:00-15:00', 'active', '2025-08-01 20:42:44', '2025-08-01 20:42:44'),
(277, 5, NULL, NULL, NULL, 0, 50, NULL, 3, '2025-08-16', '11:00-13:00', 'active', '2025-08-15 19:42:44', '2025-08-15 19:42:44'),
(278, 1, NULL, NULL, NULL, 0, 90, NULL, 3, '2025-08-11', '12:00-12:00', 'active', '2025-08-10 20:42:44', '2025-08-10 20:42:44'),
(279, 1, NULL, NULL, NULL, 0, 127, NULL, 3, '2025-07-30', '10:00-11:00', 'active', '2025-07-29 21:42:44', '2025-07-29 21:42:44'),
(280, 5, NULL, NULL, NULL, 0, 121, NULL, 4, '2025-08-03', '10:00-14:00', 'active', '2025-08-03 03:42:44', '2025-08-03 03:42:44'),
(281, 5, NULL, NULL, NULL, 0, 74, NULL, 4, '2025-07-28', '15:00-12:00', 'active', '2025-07-27 20:42:44', '2025-07-27 20:42:44'),
(282, 2, NULL, NULL, NULL, 0, 102, NULL, 4, '2025-08-05', '12:00-16:00', 'active', '2025-08-04 19:42:44', '2025-08-04 19:42:44'),
(283, 5, NULL, NULL, NULL, 0, 63, NULL, 4, '2025-08-16', '14:00-17:00', 'active', '2025-08-15 20:42:44', '2025-08-15 20:42:44'),
(284, 5, NULL, NULL, NULL, 0, 29, NULL, 4, '2025-08-06', '15:00-11:00', 'active', '2025-08-06 01:42:44', '2025-08-06 01:42:44'),
(285, 1, NULL, NULL, NULL, 0, 66, NULL, 4, '2025-08-08', '9:00-16:00', 'active', '2025-08-07 21:42:44', '2025-08-07 21:42:44'),
(286, 1, NULL, NULL, NULL, 0, 91, NULL, 4, '2025-07-29', '12:00-10:00', 'active', '2025-07-28 22:42:44', '2025-07-28 22:42:44'),
(287, 2, NULL, NULL, NULL, 0, 88, NULL, 5, '2025-08-16', '15:00-15:00', 'active', '2025-08-15 23:42:44', '2025-08-15 23:42:44'),
(288, 5, NULL, NULL, NULL, 0, 30, NULL, 5, '2025-08-18', '11:00-10:00', 'active', '2025-08-17 22:42:44', '2025-08-17 22:42:44'),
(289, 5, NULL, NULL, NULL, 0, 81, NULL, 5, '2025-08-08', '11:00-10:00', 'active', '2025-08-08 02:42:44', '2025-08-08 02:42:44'),
(290, 2, NULL, NULL, NULL, 0, 101, NULL, 5, '2025-07-29', '16:00-12:00', 'active', '2025-07-29 01:42:44', '2025-07-29 01:42:44'),
(291, 2, NULL, NULL, NULL, 0, 22, NULL, 5, '2025-07-29', '15:00-14:00', 'active', '2025-07-28 23:42:44', '2025-07-28 23:42:44'),
(292, 1, NULL, NULL, NULL, 0, 16, NULL, 5, '2025-08-15', '14:00-17:00', 'active', '2025-08-15 00:42:44', '2025-08-15 00:42:44'),
(293, 5, NULL, NULL, NULL, 0, 61, NULL, 5, '2025-07-31', '10:00-17:00', 'active', '2025-07-31 02:42:44', '2025-07-31 02:42:44'),
(294, 1, NULL, NULL, NULL, 0, 111, NULL, 5, '2025-07-29', '15:00-15:00', 'active', '2025-07-29 03:42:44', '2025-07-29 03:42:44'),
(295, 1, NULL, NULL, NULL, 0, 105, NULL, 1, '2025-08-29', '15:00-12:00', 'Cancelled', '2025-08-28 20:42:44', '2025-10-08 07:41:46'),
(296, 2, NULL, NULL, NULL, 0, 121, NULL, 1, '2025-09-20', '11:00-12:00', 'Cancelled', '2025-09-20 02:42:44', '2025-10-08 07:41:23'),
(297, 5, NULL, NULL, NULL, 0, 119, NULL, 1, '2025-09-22', '11:00-16:00', 'Cancelled', '2025-09-22 03:42:44', '2025-10-08 07:41:22'),
(298, 1, NULL, NULL, NULL, 0, 97, NULL, 1, '2025-09-09', '15:00-14:00', 'Cancelled', '2025-09-09 00:42:44', '2025-10-08 07:41:51'),
(299, 5, NULL, NULL, NULL, 0, 51, NULL, 1, '2025-09-16', '10:00-14:00', 'Cancelled', '2025-09-15 21:42:44', '2025-10-08 07:41:24'),
(300, 2, NULL, NULL, NULL, 0, 67, NULL, 1, '2025-09-17', '14:00-14:00', 'Cancelled', '2025-09-16 19:42:44', '2025-10-08 07:41:24'),
(301, 5, NULL, NULL, NULL, 0, 22, NULL, 1, '2025-09-03', '13:00-17:00', 'Cancelled', '2025-09-02 22:42:44', '2025-10-08 07:41:45'),
(302, 2, NULL, NULL, NULL, 0, 62, NULL, 1, '2025-09-04', '9:00-15:00', 'Cancelled', '2025-09-04 00:42:44', '2025-10-08 07:41:45'),
(303, 2, NULL, NULL, NULL, 0, 5, NULL, 2, '2025-09-11', '13:00-13:00', 'active', '2025-09-10 21:42:44', '2025-09-10 21:42:44'),
(304, 2, NULL, NULL, NULL, 0, 77, NULL, 2, '2025-09-07', '10:00-17:00', 'active', '2025-09-06 23:42:44', '2025-09-06 23:42:44'),
(305, 5, NULL, NULL, NULL, 0, 59, NULL, 2, '2025-09-16', '16:00-12:00', 'active', '2025-09-15 21:42:44', '2025-09-15 21:42:44'),
(306, 5, NULL, NULL, NULL, 0, 70, NULL, 2, '2025-09-21', '11:00-10:00', 'active', '2025-09-20 20:42:44', '2025-09-20 20:42:44'),
(307, 1, NULL, NULL, NULL, 0, 106, NULL, 2, '2025-09-13', '12:00-13:00', 'active', '2025-09-12 20:42:44', '2025-09-12 20:42:44'),
(308, 5, NULL, NULL, NULL, 0, 8, NULL, 2, '2025-09-14', '11:00-13:00', 'active', '2025-09-13 22:42:44', '2025-09-13 22:42:44'),
(309, 1, NULL, NULL, NULL, 0, 117, NULL, 2, '2025-09-10', '16:00-13:00', 'active', '2025-09-10 03:42:44', '2025-09-10 03:42:44'),
(310, 2, NULL, NULL, NULL, 0, 7, NULL, 2, '2025-09-10', '15:00-14:00', 'active', '2025-09-10 00:42:44', '2025-09-10 00:42:44'),
(311, 5, NULL, NULL, NULL, 0, 59, NULL, 2, '2025-09-16', '11:00-12:00', 'active', '2025-09-16 02:42:44', '2025-09-16 02:42:44'),
(312, 1, NULL, NULL, NULL, 0, 16, NULL, 3, '2025-09-14', '13:00-15:00', 'active', '2025-09-14 03:42:44', '2025-09-14 03:42:44'),
(313, 5, NULL, NULL, NULL, 0, 30, NULL, 3, '2025-08-31', '15:00-17:00', 'active', '2025-08-30 20:42:44', '2025-08-30 20:42:44'),
(314, 2, NULL, NULL, NULL, 0, 50, NULL, 3, '2025-09-19', '15:00-16:00', 'active', '2025-09-19 00:42:44', '2025-09-19 00:42:44'),
(315, 5, NULL, NULL, NULL, 0, 53, NULL, 3, '2025-09-16', '14:00-11:00', 'active', '2025-09-15 23:42:44', '2025-09-15 23:42:44'),
(316, 5, NULL, NULL, NULL, 0, 74, NULL, 3, '2025-09-18', '13:00-10:00', 'active', '2025-09-17 22:42:44', '2025-09-17 22:42:44'),
(317, 1, NULL, NULL, NULL, 0, 13, NULL, 3, '2025-08-29', '16:00-10:00', 'active', '2025-08-28 21:42:44', '2025-08-28 21:42:44'),
(318, 1, NULL, NULL, NULL, 0, 8, NULL, 3, '2025-09-12', '13:00-16:00', 'active', '2025-09-12 00:42:44', '2025-09-12 00:42:44'),
(319, 5, NULL, NULL, NULL, 0, 28, NULL, 3, '2025-09-09', '10:00-10:00', 'active', '2025-09-08 21:42:44', '2025-09-08 21:42:44'),
(320, 1, NULL, NULL, NULL, 0, 123, NULL, 3, '2025-08-29', '10:00-17:00', 'active', '2025-08-28 21:42:44', '2025-08-28 21:42:44'),
(321, 5, NULL, NULL, NULL, 0, 5, NULL, 3, '2025-09-01', '12:00-14:00', 'active', '2025-08-31 23:42:44', '2025-08-31 23:42:44'),
(322, 2, NULL, NULL, NULL, 0, 66, NULL, 3, '2025-09-13', '16:00-15:00', 'active', '2025-09-13 03:42:44', '2025-09-13 03:42:44'),
(323, 1, NULL, NULL, NULL, 0, 69, NULL, 3, '2025-09-01', '14:00-14:00', 'active', '2025-09-01 00:42:44', '2025-09-01 00:42:44'),
(324, 5, NULL, NULL, NULL, 0, 102, NULL, 3, '2025-09-09', '11:00-15:00', 'active', '2025-09-09 03:42:44', '2025-09-09 03:42:44'),
(325, 1, NULL, NULL, NULL, 0, 10, NULL, 3, '2025-09-01', '10:00-11:00', 'active', '2025-09-01 01:42:44', '2025-09-01 01:42:44'),
(326, 5, NULL, NULL, NULL, 0, 123, NULL, 4, '2025-09-05', '12:00-17:00', 'active', '2025-09-05 01:42:44', '2025-09-05 01:42:44'),
(327, 5, NULL, NULL, NULL, 0, 42, NULL, 4, '2025-09-19', '16:00-15:00', 'active', '2025-09-18 22:42:44', '2025-09-18 22:42:44'),
(328, 1, NULL, NULL, NULL, 0, 39, NULL, 4, '2025-09-09', '12:00-10:00', 'active', '2025-09-09 03:42:44', '2025-09-09 03:42:44'),
(329, 2, NULL, NULL, NULL, 0, 33, NULL, 4, '2025-09-15', '13:00-10:00', 'active', '2025-09-14 23:42:44', '2025-09-14 23:42:44'),
(330, 1, NULL, NULL, NULL, 0, 18, NULL, 4, '2025-09-08', '11:00-14:00', 'active', '2025-09-07 21:42:44', '2025-09-07 21:42:44'),
(331, 5, NULL, NULL, NULL, 0, 107, NULL, 4, '2025-09-01', '12:00-15:00', 'active', '2025-09-01 02:42:44', '2025-09-01 02:42:44'),
(332, 5, NULL, NULL, NULL, 0, 97, NULL, 4, '2025-09-14', '9:00-15:00', 'active', '2025-09-13 21:42:44', '2025-09-13 21:42:44'),
(333, 1, NULL, NULL, NULL, 0, 28, NULL, 5, '2025-09-04', '12:00-11:00', 'active', '2025-09-04 01:42:44', '2025-09-04 01:42:44'),
(334, 5, NULL, NULL, NULL, 0, 80, NULL, 5, '2025-09-18', '11:00-11:00', 'active', '2025-09-17 23:42:44', '2025-09-17 23:42:44'),
(335, 1, NULL, NULL, NULL, 0, 9, NULL, 5, '2025-09-06', '15:00-16:00', 'active', '2025-09-05 21:42:44', '2025-09-05 21:42:44'),
(336, 5, NULL, NULL, NULL, 0, 10, NULL, 5, '2025-09-10', '9:00-12:00', 'active', '2025-09-09 23:42:44', '2025-09-09 23:42:44'),
(337, 2, NULL, NULL, NULL, 0, 2, NULL, 5, '2025-08-28', '16:00-13:00', 'active', '2025-08-27 19:42:44', '2025-08-27 19:42:44'),
(338, 1, NULL, NULL, NULL, 0, 102, NULL, 5, '2025-09-15', '10:00-11:00', 'active', '2025-09-14 19:42:44', '2025-09-14 19:42:44'),
(339, 2, NULL, NULL, NULL, 0, 126, NULL, 1, '2025-10-13', '16:00-12:00', 'Cancelled', '2025-10-13 03:42:44', '2025-10-08 07:40:36'),
(340, 5, NULL, NULL, NULL, 0, 63, NULL, 1, '2025-10-08', '10:00-10:00', 'Cancelled', '2025-10-07 23:42:44', '2025-10-08 07:40:43'),
(341, 2, NULL, NULL, NULL, 0, 3, NULL, 1, '2025-10-12', '10:00-16:00', 'Cancelled', '2025-10-12 03:42:44', '2025-10-08 07:40:41'),
(342, 2, NULL, NULL, NULL, 0, 106, NULL, 1, '2025-10-16', '15:00-16:00', 'Cancelled', '2025-10-16 03:42:44', '2025-10-08 07:40:34'),
(343, 2, NULL, NULL, NULL, 0, 17, NULL, 1, '2025-10-19', '13:00-10:00', 'Cancelled', '2025-10-19 00:42:44', '2025-10-08 07:40:33'),
(344, 1, NULL, NULL, NULL, 0, 61, NULL, 1, '2025-10-14', '14:00-11:00', 'Cancelled', '2025-10-14 01:42:44', '2025-10-08 07:40:34'),
(345, 1, NULL, NULL, NULL, 0, 91, NULL, 1, '2025-10-21', '13:00-14:00', 'cancelled', '2025-10-21 00:42:44', '2025-10-08 07:31:09'),
(346, 5, NULL, NULL, NULL, 0, 81, NULL, 2, '2025-10-05', '16:00-13:00', 'active', '2025-10-04 22:42:44', '2025-10-04 22:42:44'),
(347, 1, NULL, NULL, NULL, 0, 10, NULL, 2, '2025-10-17', '15:00-17:00', 'active', '2025-10-16 22:42:44', '2025-10-16 22:42:44'),
(348, 1, NULL, NULL, NULL, 0, 98, NULL, 2, '2025-10-20', '14:00-12:00', 'cancelled', '2025-10-19 22:42:44', '2025-10-13 14:44:24'),
(349, 1, NULL, NULL, NULL, 0, 25, NULL, 2, '2025-10-20', '14:00-14:00', 'cancelled', '2025-10-19 19:42:44', '2025-10-13 14:44:49'),
(350, 2, NULL, NULL, NULL, 0, 117, NULL, 2, '2025-10-25', '11:00-15:00', 'active', '2025-10-25 02:42:44', '2025-10-25 02:42:44'),
(351, 2, NULL, NULL, NULL, 0, 19, NULL, 2, '2025-10-07', '9:00-17:00', 'active', '2025-10-06 23:42:44', '2025-10-06 23:42:44'),
(352, 1, NULL, NULL, NULL, 0, 73, NULL, 2, '2025-10-04', '12:00-11:00', 'active', '2025-10-04 02:42:44', '2025-10-04 02:42:44'),
(353, 1, NULL, NULL, NULL, 0, 18, NULL, 2, '2025-10-13', '16:00-11:00', 'active', '2025-10-13 02:42:44', '2025-10-13 02:42:44'),
(354, 5, NULL, NULL, NULL, 0, 80, NULL, 2, '2025-10-25', '16:00-11:00', 'active', '2025-10-25 00:42:44', '2025-10-25 00:42:44'),
(355, 5, NULL, NULL, NULL, 0, 22, NULL, 2, '2025-10-18', '16:00-13:00', 'active', '2025-10-18 02:42:44', '2025-10-18 02:42:44'),
(356, 5, NULL, NULL, NULL, 0, 50, NULL, 2, '2025-10-06', '10:00-11:00', 'active', '2025-10-05 22:42:44', '2025-10-05 22:42:44'),
(357, 1, NULL, NULL, NULL, 0, 2, NULL, 3, '2025-10-01', '16:00-14:00', 'active', '2025-09-30 22:42:44', '2025-09-30 22:42:44'),
(358, 2, NULL, NULL, NULL, 0, 42, NULL, 3, '2025-10-04', '14:00-12:00', 'active', '2025-10-04 00:42:44', '2025-10-04 00:42:44'),
(359, 1, NULL, NULL, NULL, 0, 92, NULL, 3, '2025-09-29', '11:00-15:00', 'active', '2025-09-28 21:42:44', '2025-09-28 21:42:44'),
(360, 2, NULL, NULL, NULL, 0, 11, NULL, 3, '2025-10-24', '11:00-10:00', 'active', '2025-10-23 21:42:44', '2025-10-23 21:42:44'),
(361, 5, NULL, NULL, NULL, 0, 46, NULL, 3, '2025-09-29', '15:00-14:00', 'active', '2025-09-28 20:42:44', '2025-09-28 20:42:44'),
(362, 2, NULL, NULL, NULL, 0, 76, NULL, 3, '2025-09-29', '15:00-13:00', 'active', '2025-09-29 01:42:44', '2025-09-29 01:42:44'),
(363, 5, NULL, NULL, NULL, 0, 46, NULL, 3, '2025-10-02', '9:00-10:00', 'active', '2025-10-02 02:42:44', '2025-10-02 02:42:44'),
(364, 1, NULL, NULL, NULL, 0, 72, NULL, 3, '2025-09-30', '15:00-12:00', 'active', '2025-09-29 19:42:44', '2025-09-29 19:42:44'),
(365, 2, NULL, NULL, NULL, 0, 124, NULL, 3, '2025-10-14', '11:00-10:00', 'active', '2025-10-13 23:42:44', '2025-10-13 23:42:44'),
(366, 2, NULL, NULL, NULL, 0, 79, NULL, 4, '2025-10-07', '11:00-13:00', 'active', '2025-10-06 21:42:44', '2025-10-06 21:42:44'),
(367, 2, NULL, NULL, NULL, 0, 127, NULL, 4, '2025-10-24', '15:00-16:00', 'active', '2025-10-23 20:42:44', '2025-10-23 20:42:44'),
(368, 2, NULL, NULL, NULL, 0, 43, NULL, 4, '2025-10-01', '15:00-16:00', 'active', '2025-09-30 22:42:44', '2025-09-30 22:42:44'),
(369, 1, NULL, NULL, NULL, 0, 119, NULL, 4, '2025-10-24', '10:00-17:00', 'cancelled', '2025-10-23 22:42:44', '2025-10-13 14:28:54'),
(370, 5, NULL, NULL, NULL, 0, 31, NULL, 4, '2025-10-25', '11:00-11:00', 'active', '2025-10-25 01:42:44', '2025-10-25 01:42:44'),
(371, 1, NULL, NULL, NULL, 0, 12, NULL, 4, '2025-10-18', '16:00-16:00', 'active', '2025-10-17 22:42:44', '2025-10-17 22:42:44'),
(372, 2, NULL, NULL, NULL, 0, 108, NULL, 4, '2025-10-23', '14:00-17:00', 'active', '2025-10-22 22:42:44', '2025-10-22 22:42:44'),
(373, 2, NULL, NULL, NULL, 0, 70, NULL, 4, '2025-10-02', '15:00-15:00', 'active', '2025-10-02 00:42:44', '2025-10-02 00:42:44'),
(374, 5, NULL, NULL, NULL, 0, 110, NULL, 4, '2025-10-11', '11:00-16:00', 'active', '2025-10-11 02:42:44', '2025-10-11 02:42:44'),
(375, 2, NULL, NULL, NULL, 0, 93, NULL, 4, '2025-10-18', '13:00-16:00', 'active', '2025-10-18 01:42:44', '2025-10-18 01:42:44'),
(376, 1, NULL, NULL, NULL, 0, 86, NULL, 4, '2025-10-24', '10:00-13:00', 'cancelled', '2025-10-24 01:42:44', '2025-10-08 07:31:44'),
(377, 5, NULL, NULL, NULL, 0, 25, NULL, 5, '2025-10-18', '16:00-14:00', 'active', '2025-10-18 00:42:44', '2025-10-18 00:42:44'),
(378, 1, NULL, NULL, NULL, 0, 18, NULL, 5, '2025-10-14', '11:00-15:00', 'active', '2025-10-14 03:42:44', '2025-10-14 03:42:44'),
(379, 2, NULL, NULL, NULL, 0, 61, NULL, 5, '2025-10-04', '10:00-14:00', 'active', '2025-10-04 01:42:44', '2025-10-04 01:42:44'),
(380, 5, NULL, NULL, NULL, 0, 3, NULL, 5, '2025-10-19', '11:00-16:00', 'active', '2025-10-19 02:42:44', '2025-10-19 02:42:44'),
(381, 1, NULL, NULL, NULL, 0, 73, NULL, 5, '2025-10-13', '16:00-16:00', 'active', '2025-10-12 20:42:44', '2025-10-12 20:42:44'),
(382, 5, NULL, NULL, NULL, 0, 55, NULL, 5, '2025-10-22', '11:00-16:00', 'active', '2025-10-21 22:42:44', '2025-10-21 22:42:44'),
(383, 5, NULL, NULL, NULL, 0, 38, NULL, 5, '2025-09-30', '16:00-12:00', 'active', '2025-09-29 22:42:44', '2025-09-29 22:42:44'),
(384, 1, NULL, NULL, NULL, 0, 81, NULL, 5, '2025-10-17', '10:00-12:00', 'active', '2025-10-17 00:42:44', '2025-10-17 00:42:44'),
(385, 5, NULL, NULL, NULL, 0, 30, NULL, 5, '2025-10-01', '9:00-13:00', 'active', '2025-09-30 20:42:44', '2025-09-30 20:42:44'),
(386, 2, NULL, NULL, NULL, 0, 97, NULL, 1, '2025-05-10', '13:00-17:00', 'Cancelled', '2025-05-10 02:42:50', '2025-10-08 07:27:58'),
(387, 5, NULL, NULL, NULL, 0, 19, NULL, 1, '2025-05-08', '15:00-17:00', 'Cancelled', '2025-05-08 03:42:50', '2025-10-08 07:27:57');
INSERT INTO `bookings` (`id`, `user_id`, `walkin_name`, `walkin_phone`, `walkin_email`, `is_walkin`, `service_id`, `package_id`, `branch_id`, `date`, `time_slot`, `status`, `created_at`, `updated_at`) VALUES
(388, 1, NULL, NULL, NULL, 0, 39, NULL, 1, '2025-05-18', '13:00-14:00', 'Cancelled', '2025-05-18 00:42:50', '2025-10-08 07:40:20'),
(389, 5, NULL, NULL, NULL, 0, 51, NULL, 1, '2025-05-19', '12:00-10:00', 'Cancelled', '2025-05-19 01:42:50', '2025-10-08 07:40:21'),
(390, 2, NULL, NULL, NULL, 0, 18, NULL, 1, '2025-05-07', '10:00-14:00', 'Cancelled', '2025-05-07 02:42:50', '2025-10-08 07:27:54'),
(391, 2, NULL, NULL, NULL, 0, 108, NULL, 1, '2025-05-13', '16:00-12:00', 'Cancelled', '2025-05-13 03:42:50', '2025-10-08 07:40:18'),
(392, 2, NULL, NULL, NULL, 0, 102, NULL, 1, '2025-05-11', '16:00-14:00', 'Cancelled', '2025-05-11 01:42:50', '2025-10-08 07:27:59'),
(393, 2, NULL, NULL, NULL, 0, 4, NULL, 1, '2025-05-13', '16:00-11:00', 'Cancelled', '2025-05-12 23:42:50', '2025-10-08 07:40:18'),
(394, 2, NULL, NULL, NULL, 0, 70, NULL, 2, '2025-05-07', '12:00-16:00', 'active', '2025-05-06 20:42:50', '2025-05-06 20:42:50'),
(395, 2, NULL, NULL, NULL, 0, 27, NULL, 2, '2025-05-22', '12:00-13:00', 'active', '2025-05-21 21:42:50', '2025-05-21 21:42:50'),
(396, 1, NULL, NULL, NULL, 0, 59, NULL, 2, '2025-05-23', '16:00-15:00', 'active', '2025-05-23 00:42:50', '2025-05-23 00:42:50'),
(397, 2, NULL, NULL, NULL, 0, 105, NULL, 2, '2025-05-12', '14:00-12:00', 'active', '2025-05-11 23:42:50', '2025-05-11 23:42:50'),
(398, 5, NULL, NULL, NULL, 0, 23, NULL, 2, '2025-05-07', '10:00-16:00', 'active', '2025-05-06 19:42:50', '2025-05-06 19:42:50'),
(399, 2, NULL, NULL, NULL, 0, 14, NULL, 2, '2025-05-13', '14:00-16:00', 'active', '2025-05-13 03:42:50', '2025-05-13 03:42:50'),
(400, 5, NULL, NULL, NULL, 0, 75, NULL, 2, '2025-05-11', '14:00-17:00', 'active', '2025-05-10 21:42:50', '2025-05-10 21:42:50'),
(401, 1, NULL, NULL, NULL, 0, 124, NULL, 2, '2025-05-22', '15:00-11:00', 'active', '2025-05-22 03:42:50', '2025-05-22 03:42:50'),
(402, 1, NULL, NULL, NULL, 0, 64, NULL, 2, '2025-05-17', '13:00-13:00', 'active', '2025-05-17 03:42:50', '2025-05-17 03:42:50'),
(403, 2, NULL, NULL, NULL, 0, 68, NULL, 2, '2025-05-05', '12:00-12:00', 'active', '2025-05-04 19:42:50', '2025-05-04 19:42:50'),
(404, 5, NULL, NULL, NULL, 0, 118, NULL, 2, '2025-04-28', '14:00-10:00', 'active', '2025-04-28 03:42:50', '2025-04-28 03:42:50'),
(405, 1, NULL, NULL, NULL, 0, 93, NULL, 3, '2025-05-13', '11:00-12:00', 'active', '2025-05-13 02:42:50', '2025-05-13 02:42:50'),
(406, 1, NULL, NULL, NULL, 0, 65, NULL, 3, '2025-05-24', '12:00-12:00', 'active', '2025-05-23 20:42:50', '2025-05-23 20:42:50'),
(407, 1, NULL, NULL, NULL, 0, 17, NULL, 3, '2025-05-25', '11:00-11:00', 'active', '2025-05-25 03:42:50', '2025-05-25 03:42:50'),
(408, 1, NULL, NULL, NULL, 0, 52, NULL, 3, '2025-04-28', '9:00-17:00', 'Cancelled', '2025-04-27 21:42:50', '2025-09-26 13:05:21'),
(409, 1, NULL, NULL, NULL, 0, 70, NULL, 3, '2025-05-04', '9:00-17:00', 'active', '2025-05-03 23:42:50', '2025-05-03 23:42:50'),
(410, 1, NULL, NULL, NULL, 0, 53, NULL, 3, '2025-05-22', '9:00-16:00', 'active', '2025-05-22 00:42:50', '2025-05-22 00:42:50'),
(411, 1, NULL, NULL, NULL, 0, 81, NULL, 3, '2025-05-20', '9:00-11:00', 'active', '2025-05-20 01:42:50', '2025-05-20 01:42:50'),
(412, 1, NULL, NULL, NULL, 0, 35, NULL, 3, '2025-05-09', '10:00-15:00', 'active', '2025-05-09 02:42:50', '2025-05-09 02:42:50'),
(413, 2, NULL, NULL, NULL, 0, 7, NULL, 3, '2025-05-03', '10:00-11:00', 'active', '2025-05-03 00:42:50', '2025-05-03 00:42:50'),
(414, 1, NULL, NULL, NULL, 0, 69, NULL, 3, '2025-05-11', '14:00-10:00', 'active', '2025-05-11 00:42:50', '2025-05-11 00:42:50'),
(415, 1, NULL, NULL, NULL, 0, 21, NULL, 3, '2025-05-10', '11:00-16:00', 'active', '2025-05-10 02:42:50', '2025-05-10 02:42:50'),
(416, 5, NULL, NULL, NULL, 0, 117, NULL, 3, '2025-05-16', '13:00-14:00', 'active', '2025-05-16 01:42:50', '2025-05-16 01:42:50'),
(417, 1, NULL, NULL, NULL, 0, 16, NULL, 3, '2025-05-21', '13:00-15:00', 'active', '2025-05-20 23:42:50', '2025-05-20 23:42:50'),
(418, 1, NULL, NULL, NULL, 0, 121, NULL, 3, '2025-05-05', '11:00-15:00', 'active', '2025-05-04 20:42:50', '2025-05-04 20:42:50'),
(419, 1, NULL, NULL, NULL, 0, 51, NULL, 4, '2025-05-07', '10:00-15:00', 'Cancelled', '2025-05-07 02:42:50', '2025-09-26 13:05:10'),
(420, 5, NULL, NULL, NULL, 0, 125, NULL, 4, '2025-05-12', '15:00-13:00', 'active', '2025-05-12 01:42:50', '2025-05-12 01:42:50'),
(421, 2, NULL, NULL, NULL, 0, 102, NULL, 4, '2025-05-14', '9:00-14:00', 'active', '2025-05-13 21:42:50', '2025-05-13 21:42:50'),
(422, 1, NULL, NULL, NULL, 0, 110, NULL, 4, '2025-05-20', '14:00-17:00', 'active', '2025-05-20 03:42:50', '2025-05-20 03:42:50'),
(423, 2, NULL, NULL, NULL, 0, 55, NULL, 4, '2025-05-22', '11:00-11:00', 'active', '2025-05-21 19:42:50', '2025-05-21 19:42:50'),
(424, 2, NULL, NULL, NULL, 0, 15, NULL, 4, '2025-05-02', '9:00-11:00', 'active', '2025-05-01 19:42:50', '2025-05-01 19:42:50'),
(425, 5, NULL, NULL, NULL, 0, 37, NULL, 4, '2025-05-25', '16:00-17:00', 'active', '2025-05-25 00:42:50', '2025-05-25 00:42:50'),
(426, 2, NULL, NULL, NULL, 0, 28, NULL, 4, '2025-05-16', '9:00-10:00', 'active', '2025-05-15 21:42:50', '2025-05-15 21:42:50'),
(427, 1, NULL, NULL, NULL, 0, 98, NULL, 4, '2025-05-12', '12:00-14:00', 'active', '2025-05-11 20:42:50', '2025-05-11 20:42:50'),
(428, 1, NULL, NULL, NULL, 0, 13, NULL, 4, '2025-05-22', '13:00-11:00', 'active', '2025-05-22 03:42:50', '2025-05-22 03:42:50'),
(429, 5, NULL, NULL, NULL, 0, 75, NULL, 4, '2025-05-18', '16:00-13:00', 'active', '2025-05-18 00:42:50', '2025-05-18 00:42:50'),
(430, 2, NULL, NULL, NULL, 0, 89, NULL, 4, '2025-05-21', '9:00-13:00', 'active', '2025-05-20 21:42:50', '2025-05-20 21:42:50'),
(431, 2, NULL, NULL, NULL, 0, 125, NULL, 4, '2025-05-09', '15:00-11:00', 'active', '2025-05-08 19:42:50', '2025-05-08 19:42:50'),
(432, 2, NULL, NULL, NULL, 0, 74, NULL, 5, '2025-05-24', '15:00-17:00', 'active', '2025-05-23 23:42:50', '2025-05-23 23:42:50'),
(433, 2, NULL, NULL, NULL, 0, 15, NULL, 5, '2025-05-16', '13:00-17:00', 'active', '2025-05-16 02:42:50', '2025-05-16 02:42:50'),
(434, 2, NULL, NULL, NULL, 0, 1, NULL, 5, '2025-05-17', '16:00-13:00', 'active', '2025-05-16 19:42:50', '2025-05-16 19:42:50'),
(435, 1, NULL, NULL, NULL, 0, 86, NULL, 5, '2025-05-14', '9:00-13:00', 'active', '2025-05-14 01:42:50', '2025-05-14 01:42:50'),
(436, 2, NULL, NULL, NULL, 0, 125, NULL, 5, '2025-05-23', '9:00-16:00', 'active', '2025-05-23 00:42:50', '2025-05-23 00:42:50'),
(437, 5, NULL, NULL, NULL, 0, 122, NULL, 5, '2025-05-07', '11:00-11:00', 'active', '2025-05-06 23:42:50', '2025-05-06 23:42:50'),
(438, 5, NULL, NULL, NULL, 0, 5, NULL, 5, '2025-04-30', '11:00-15:00', 'active', '2025-04-30 02:42:50', '2025-04-30 02:42:50'),
(439, 5, NULL, NULL, NULL, 0, 117, NULL, 5, '2025-05-20', '11:00-13:00', 'active', '2025-05-20 03:42:50', '2025-05-20 03:42:50'),
(440, 1, NULL, NULL, NULL, 0, 55, NULL, 5, '2025-05-09', '11:00-13:00', 'active', '2025-05-08 20:42:50', '2025-05-08 20:42:50'),
(441, 5, NULL, NULL, NULL, 0, 7, NULL, 5, '2025-05-02', '16:00-17:00', 'active', '2025-05-01 19:42:50', '2025-05-01 19:42:50'),
(442, 2, NULL, NULL, NULL, 0, 108, NULL, 5, '2025-05-04', '9:00-15:00', 'active', '2025-05-03 20:42:50', '2025-05-03 20:42:50'),
(443, 5, NULL, NULL, NULL, 0, 29, NULL, 5, '2025-05-06', '12:00-15:00', 'active', '2025-05-06 02:42:50', '2025-05-06 02:42:50'),
(444, 5, NULL, NULL, NULL, 0, 64, NULL, 1, '2025-06-09', '14:00-17:00', 'Cancelled', '2025-06-09 01:42:51', '2025-10-08 07:41:01'),
(445, 5, NULL, NULL, NULL, 0, 71, NULL, 1, '2025-05-31', '9:00-11:00', 'Cancelled', '2025-05-31 03:42:51', '2025-10-08 07:40:54'),
(446, 5, NULL, NULL, NULL, 0, 91, NULL, 1, '2025-06-05', '10:00-15:00', 'Cancelled', '2025-06-04 20:42:51', '2025-10-08 07:40:58'),
(447, 5, NULL, NULL, NULL, 0, 113, NULL, 1, '2025-06-14', '13:00-11:00', 'Cancelled', '2025-06-14 02:42:51', '2025-10-08 07:41:05'),
(448, 1, NULL, NULL, NULL, 0, 81, NULL, 1, '2025-05-29', '11:00-15:00', 'Cancelled', '2025-05-28 19:42:51', '2025-10-08 07:40:53'),
(449, 2, NULL, NULL, NULL, 0, 81, NULL, 1, '2025-06-11', '11:00-11:00', 'Cancelled', '2025-06-10 21:42:51', '2025-10-08 07:41:03'),
(450, 2, NULL, NULL, NULL, 0, 97, NULL, 1, '2025-06-13', '15:00-17:00', 'Cancelled', '2025-06-13 03:42:51', '2025-10-08 07:41:05'),
(451, 5, NULL, NULL, NULL, 0, 93, NULL, 1, '2025-06-12', '10:00-14:00', 'Cancelled', '2025-06-11 19:42:51', '2025-10-08 07:41:04'),
(452, 1, NULL, NULL, NULL, 0, 102, NULL, 1, '2025-06-15', '15:00-16:00', 'Cancelled', '2025-06-15 02:42:51', '2025-10-08 07:41:06'),
(453, 1, NULL, NULL, NULL, 0, 106, NULL, 1, '2025-06-06', '11:00-12:00', 'Cancelled', '2025-06-06 02:42:51', '2025-10-08 07:40:58'),
(454, 1, NULL, NULL, NULL, 0, 50, NULL, 1, '2025-06-16', '16:00-16:00', 'Cancelled', '2025-06-15 21:42:51', '2025-10-08 07:41:07'),
(455, 5, NULL, NULL, NULL, 0, 107, NULL, 1, '2025-06-02', '16:00-14:00', 'Cancelled', '2025-06-01 22:42:51', '2025-10-08 07:40:57'),
(456, 2, NULL, NULL, NULL, 0, 64, NULL, 2, '2025-06-06', '13:00-11:00', 'active', '2025-06-05 21:42:51', '2025-06-05 21:42:51'),
(457, 2, NULL, NULL, NULL, 0, 21, NULL, 2, '2025-05-31', '9:00-15:00', 'active', '2025-05-31 02:42:51', '2025-05-31 02:42:51'),
(458, 5, NULL, NULL, NULL, 0, 20, NULL, 2, '2025-06-21', '10:00-15:00', 'active', '2025-06-21 02:42:51', '2025-06-21 02:42:51'),
(459, 1, NULL, NULL, NULL, 0, 42, NULL, 2, '2025-06-02', '16:00-10:00', 'active', '2025-06-02 01:42:51', '2025-06-02 01:42:51'),
(460, 5, NULL, NULL, NULL, 0, 62, NULL, 2, '2025-05-31', '12:00-14:00', 'active', '2025-05-30 19:42:51', '2025-05-30 19:42:51'),
(461, 2, NULL, NULL, NULL, 0, 25, NULL, 2, '2025-06-21', '13:00-17:00', 'active', '2025-06-21 00:42:51', '2025-06-21 00:42:51'),
(462, 1, NULL, NULL, NULL, 0, 48, NULL, 2, '2025-05-31', '11:00-13:00', 'active', '2025-05-31 00:42:51', '2025-05-31 00:42:51'),
(463, 2, NULL, NULL, NULL, 0, 3, NULL, 2, '2025-06-19', '11:00-14:00', 'active', '2025-06-19 01:42:51', '2025-06-19 01:42:51'),
(464, 1, NULL, NULL, NULL, 0, 30, NULL, 3, '2025-05-28', '16:00-15:00', 'active', '2025-05-28 01:42:51', '2025-05-28 01:42:51'),
(465, 1, NULL, NULL, NULL, 0, 102, NULL, 3, '2025-06-19', '14:00-16:00', 'active', '2025-06-19 01:42:51', '2025-06-19 01:42:51'),
(466, 2, NULL, NULL, NULL, 0, 117, NULL, 3, '2025-06-15', '13:00-15:00', 'active', '2025-06-14 19:42:51', '2025-06-14 19:42:51'),
(467, 2, NULL, NULL, NULL, 0, 89, NULL, 3, '2025-06-02', '10:00-10:00', 'active', '2025-06-02 03:42:51', '2025-06-02 03:42:51'),
(468, 2, NULL, NULL, NULL, 0, 45, NULL, 3, '2025-05-29', '15:00-16:00', 'active', '2025-05-28 23:42:51', '2025-05-28 23:42:51'),
(469, 5, NULL, NULL, NULL, 0, 76, NULL, 3, '2025-06-01', '13:00-14:00', 'active', '2025-05-31 20:42:51', '2025-05-31 20:42:51'),
(470, 1, NULL, NULL, NULL, 0, 54, NULL, 3, '2025-06-06', '14:00-11:00', 'active', '2025-06-05 22:42:51', '2025-06-05 22:42:51'),
(471, 5, NULL, NULL, NULL, 0, 89, NULL, 3, '2025-06-04', '16:00-12:00', 'active', '2025-06-04 02:42:51', '2025-06-04 02:42:51'),
(472, 2, NULL, NULL, NULL, 0, 26, NULL, 3, '2025-06-06', '11:00-10:00', 'active', '2025-06-05 23:42:51', '2025-06-05 23:42:51'),
(473, 5, NULL, NULL, NULL, 0, 2, NULL, 3, '2025-06-07', '10:00-17:00', 'active', '2025-06-07 03:42:51', '2025-06-07 03:42:51'),
(474, 5, NULL, NULL, NULL, 0, 1, NULL, 4, '2025-06-09', '12:00-12:00', 'active', '2025-06-09 02:42:51', '2025-06-09 02:42:51'),
(475, 5, NULL, NULL, NULL, 0, 36, NULL, 4, '2025-06-13', '11:00-17:00', 'active', '2025-06-12 19:42:51', '2025-06-12 19:42:51'),
(476, 1, NULL, NULL, NULL, 0, 126, NULL, 4, '2025-06-15', '14:00-13:00', 'active', '2025-06-14 22:42:51', '2025-06-14 22:42:51'),
(477, 1, NULL, NULL, NULL, 0, 72, NULL, 4, '2025-06-23', '12:00-11:00', 'active', '2025-06-23 03:42:51', '2025-06-23 03:42:51'),
(478, 2, NULL, NULL, NULL, 0, 18, NULL, 4, '2025-06-04', '13:00-13:00', 'active', '2025-06-03 21:42:51', '2025-06-03 21:42:51'),
(479, 2, NULL, NULL, NULL, 0, 99, NULL, 4, '2025-06-09', '12:00-17:00', 'active', '2025-06-08 19:42:51', '2025-06-08 19:42:51'),
(480, 2, NULL, NULL, NULL, 0, 4, NULL, 4, '2025-06-05', '15:00-16:00', 'active', '2025-06-04 23:42:51', '2025-06-04 23:42:51'),
(481, 5, NULL, NULL, NULL, 0, 104, NULL, 4, '2025-06-11', '16:00-15:00', 'active', '2025-06-10 23:42:51', '2025-06-10 23:42:51'),
(482, 5, NULL, NULL, NULL, 0, 100, NULL, 4, '2025-06-03', '12:00-16:00', 'active', '2025-06-02 23:42:51', '2025-06-02 23:42:51'),
(483, 1, NULL, NULL, NULL, 0, 77, NULL, 4, '2025-06-14', '13:00-14:00', 'active', '2025-06-14 03:42:51', '2025-06-14 03:42:51'),
(484, 1, NULL, NULL, NULL, 0, 42, NULL, 4, '2025-06-10', '9:00-15:00', 'active', '2025-06-10 03:42:51', '2025-06-10 03:42:51'),
(485, 5, NULL, NULL, NULL, 0, 25, NULL, 4, '2025-06-08', '9:00-13:00', 'active', '2025-06-08 02:42:51', '2025-06-08 02:42:51'),
(486, 5, NULL, NULL, NULL, 0, 107, NULL, 4, '2025-06-16', '12:00-13:00', 'active', '2025-06-16 02:42:51', '2025-06-16 02:42:51'),
(487, 2, NULL, NULL, NULL, 0, 3, NULL, 4, '2025-06-19', '11:00-12:00', 'active', '2025-06-18 19:42:51', '2025-06-18 19:42:51'),
(488, 2, NULL, NULL, NULL, 0, 26, NULL, 4, '2025-06-17', '10:00-15:00', 'active', '2025-06-16 23:42:51', '2025-06-16 23:42:51'),
(489, 1, NULL, NULL, NULL, 0, 62, NULL, 5, '2025-06-04', '13:00-14:00', 'active', '2025-06-04 01:42:51', '2025-06-04 01:42:51'),
(490, 5, NULL, NULL, NULL, 0, 18, NULL, 5, '2025-06-23', '16:00-16:00', 'active', '2025-06-23 03:42:51', '2025-06-23 03:42:51'),
(491, 5, NULL, NULL, NULL, 0, 81, NULL, 5, '2025-05-28', '16:00-12:00', 'active', '2025-05-27 19:42:51', '2025-05-27 19:42:51'),
(492, 2, NULL, NULL, NULL, 0, 89, NULL, 5, '2025-06-16', '13:00-14:00', 'active', '2025-06-15 19:42:51', '2025-06-15 19:42:51'),
(493, 2, NULL, NULL, NULL, 0, 109, NULL, 5, '2025-06-08', '9:00-13:00', 'active', '2025-06-08 03:42:51', '2025-06-08 03:42:51'),
(494, 2, NULL, NULL, NULL, 0, 14, NULL, 5, '2025-06-22', '12:00-11:00', 'active', '2025-06-22 02:42:51', '2025-06-22 02:42:51'),
(495, 5, NULL, NULL, NULL, 0, 20, NULL, 5, '2025-06-13', '15:00-17:00', 'active', '2025-06-13 00:42:51', '2025-06-13 00:42:51'),
(496, 2, NULL, NULL, NULL, 0, 73, NULL, 5, '2025-05-29', '13:00-13:00', 'active', '2025-05-29 00:42:51', '2025-05-29 00:42:51'),
(497, 1, NULL, NULL, NULL, 0, 107, NULL, 5, '2025-06-09', '11:00-14:00', 'active', '2025-06-08 21:42:51', '2025-06-08 21:42:51'),
(498, 1, NULL, NULL, NULL, 0, 20, NULL, 5, '2025-06-05', '15:00-11:00', 'active', '2025-06-05 00:42:51', '2025-06-05 00:42:51'),
(499, 5, NULL, NULL, NULL, 0, 60, NULL, 5, '2025-06-08', '9:00-12:00', 'active', '2025-06-07 19:42:51', '2025-06-07 19:42:51'),
(500, 5, NULL, NULL, NULL, 0, 89, NULL, 1, '2025-07-09', '11:00-12:00', 'Cancelled', '2025-07-08 22:42:51', '2025-10-08 07:41:14'),
(501, 1, NULL, NULL, NULL, 0, 116, NULL, 1, '2025-07-06', '15:00-12:00', 'Cancelled', '2025-07-05 21:42:51', '2025-10-08 07:41:11'),
(502, 2, NULL, NULL, NULL, 0, 57, NULL, 1, '2025-07-10', '9:00-15:00', 'Cancelled', '2025-07-09 22:42:51', '2025-10-08 07:41:26'),
(503, 5, NULL, NULL, NULL, 0, 5, NULL, 1, '2025-06-30', '15:00-17:00', 'Cancelled', '2025-06-29 21:42:51', '2025-10-08 07:41:09'),
(504, 2, NULL, NULL, NULL, 0, 118, NULL, 1, '2025-07-21', '15:00-17:00', 'Cancelled', '2025-07-20 21:42:51', '2025-10-08 07:41:33'),
(505, 1, NULL, NULL, NULL, 0, 21, NULL, 1, '2025-07-25', '9:00-14:00', 'Cancelled', '2025-07-24 19:42:51', '2025-10-08 07:41:48'),
(506, 5, NULL, NULL, NULL, 0, 99, NULL, 1, '2025-06-30', '15:00-11:00', 'Cancelled', '2025-06-30 03:42:51', '2025-10-08 07:41:11'),
(507, 5, NULL, NULL, NULL, 0, 24, NULL, 1, '2025-07-12', '14:00-15:00', 'Cancelled', '2025-07-11 21:42:51', '2025-10-08 07:41:12'),
(508, 5, NULL, NULL, NULL, 0, 111, NULL, 1, '2025-07-18', '15:00-12:00', 'Cancelled', '2025-07-17 19:42:51', '2025-10-08 07:41:31'),
(509, 2, NULL, NULL, NULL, 0, 47, NULL, 1, '2025-07-15', '11:00-15:00', 'Cancelled', '2025-07-15 01:42:51', '2025-10-08 07:41:31'),
(510, 5, NULL, NULL, NULL, 0, 126, NULL, 1, '2025-06-30', '14:00-17:00', 'Cancelled', '2025-06-29 22:42:51', '2025-10-08 07:41:10'),
(511, 1, NULL, NULL, NULL, 0, 102, NULL, 1, '2025-06-29', '11:00-13:00', 'Cancelled', '2025-06-29 01:42:51', '2025-10-08 07:41:09'),
(512, 5, NULL, NULL, NULL, 0, 56, NULL, 1, '2025-07-18', '11:00-15:00', 'Cancelled', '2025-07-18 00:42:51', '2025-10-08 07:41:30'),
(513, 1, NULL, NULL, NULL, 0, 13, NULL, 1, '2025-07-25', '13:00-14:00', 'Cancelled', '2025-07-25 00:42:51', '2025-10-08 07:41:35'),
(514, 5, NULL, NULL, NULL, 0, 66, NULL, 2, '2025-07-05', '10:00-17:00', 'active', '2025-07-04 21:42:51', '2025-07-04 21:42:51'),
(515, 2, NULL, NULL, NULL, 0, 48, NULL, 2, '2025-07-03', '16:00-16:00', 'active', '2025-07-02 20:42:51', '2025-07-02 20:42:51'),
(516, 5, NULL, NULL, NULL, 0, 110, NULL, 2, '2025-07-02', '16:00-10:00', 'active', '2025-07-02 00:42:51', '2025-07-02 00:42:51'),
(517, 2, NULL, NULL, NULL, 0, 82, NULL, 2, '2025-07-17', '9:00-14:00', 'active', '2025-07-17 03:42:51', '2025-07-17 03:42:51'),
(518, 5, NULL, NULL, NULL, 0, 26, NULL, 2, '2025-07-04', '15:00-13:00', 'active', '2025-07-04 00:42:51', '2025-07-04 00:42:51'),
(519, 2, NULL, NULL, NULL, 0, 8, NULL, 2, '2025-07-12', '11:00-10:00', 'active', '2025-07-12 03:42:51', '2025-07-12 03:42:51'),
(520, 2, NULL, NULL, NULL, 0, 16, NULL, 2, '2025-07-06', '13:00-14:00', 'active', '2025-07-06 03:42:51', '2025-07-06 03:42:51'),
(521, 2, NULL, NULL, NULL, 0, 70, NULL, 2, '2025-07-22', '11:00-15:00', 'active', '2025-07-21 20:42:51', '2025-07-21 20:42:51'),
(522, 2, NULL, NULL, NULL, 0, 123, NULL, 2, '2025-07-22', '15:00-17:00', 'active', '2025-07-21 20:42:51', '2025-07-21 20:42:51'),
(523, 2, NULL, NULL, NULL, 0, 79, NULL, 3, '2025-07-05', '16:00-14:00', 'active', '2025-07-05 01:42:51', '2025-07-05 01:42:51'),
(524, 5, NULL, NULL, NULL, 0, 26, NULL, 3, '2025-06-30', '10:00-14:00', 'active', '2025-06-30 01:42:51', '2025-06-30 01:42:51'),
(525, 2, NULL, NULL, NULL, 0, 120, NULL, 3, '2025-07-11', '14:00-10:00', 'active', '2025-07-10 20:42:51', '2025-07-10 20:42:51'),
(526, 1, NULL, NULL, NULL, 0, 91, NULL, 3, '2025-07-22', '10:00-10:00', 'active', '2025-07-21 20:42:51', '2025-07-21 20:42:51'),
(527, 2, NULL, NULL, NULL, 0, 85, NULL, 3, '2025-07-21', '11:00-13:00', 'active', '2025-07-20 23:42:51', '2025-07-20 23:42:51'),
(528, 5, NULL, NULL, NULL, 0, 44, NULL, 3, '2025-07-08', '13:00-15:00', 'active', '2025-07-08 03:42:51', '2025-07-08 03:42:51'),
(529, 5, NULL, NULL, NULL, 0, 120, NULL, 3, '2025-07-07', '13:00-10:00', 'active', '2025-07-07 02:42:51', '2025-07-07 02:42:51'),
(530, 2, NULL, NULL, NULL, 0, 18, NULL, 3, '2025-07-11', '12:00-14:00', 'active', '2025-07-10 19:42:51', '2025-07-10 19:42:51'),
(531, 2, NULL, NULL, NULL, 0, 124, NULL, 3, '2025-06-29', '14:00-11:00', 'active', '2025-06-28 23:42:51', '2025-06-28 23:42:51'),
(532, 2, NULL, NULL, NULL, 0, 49, NULL, 4, '2025-07-08', '13:00-12:00', 'active', '2025-07-07 22:42:51', '2025-07-07 22:42:51'),
(533, 5, NULL, NULL, NULL, 0, 17, NULL, 4, '2025-07-23', '10:00-16:00', 'active', '2025-07-23 00:42:51', '2025-07-23 00:42:51'),
(534, 2, NULL, NULL, NULL, 0, 116, NULL, 4, '2025-07-23', '12:00-11:00', 'active', '2025-07-23 00:42:51', '2025-07-23 00:42:51'),
(535, 5, NULL, NULL, NULL, 0, 41, NULL, 4, '2025-06-29', '14:00-12:00', 'active', '2025-06-29 02:42:51', '2025-06-29 02:42:51'),
(536, 5, NULL, NULL, NULL, 0, 64, NULL, 4, '2025-06-28', '15:00-13:00', 'active', '2025-06-28 00:42:51', '2025-06-28 00:42:51'),
(537, 2, NULL, NULL, NULL, 0, 65, NULL, 4, '2025-07-09', '14:00-17:00', 'active', '2025-07-08 23:42:51', '2025-07-08 23:42:51'),
(538, 5, NULL, NULL, NULL, 0, 104, NULL, 4, '2025-07-07', '15:00-12:00', 'active', '2025-07-07 03:42:51', '2025-07-07 03:42:51'),
(539, 1, NULL, NULL, NULL, 0, 43, NULL, 4, '2025-07-01', '9:00-10:00', 'active', '2025-07-01 03:42:51', '2025-07-01 03:42:51'),
(540, 2, NULL, NULL, NULL, 0, 107, NULL, 4, '2025-07-15', '15:00-13:00', 'active', '2025-07-15 00:42:51', '2025-07-15 00:42:51'),
(541, 1, NULL, NULL, NULL, 0, 100, NULL, 5, '2025-07-12', '12:00-13:00', 'active', '2025-07-11 19:42:51', '2025-07-11 19:42:51'),
(542, 2, NULL, NULL, NULL, 0, 59, NULL, 5, '2025-07-01', '12:00-13:00', 'active', '2025-07-01 00:42:51', '2025-07-01 00:42:51'),
(543, 5, NULL, NULL, NULL, 0, 112, NULL, 5, '2025-07-02', '9:00-10:00', 'active', '2025-07-02 03:42:51', '2025-07-02 03:42:51'),
(544, 5, NULL, NULL, NULL, 0, 19, NULL, 5, '2025-07-06', '15:00-11:00', 'active', '2025-07-05 20:42:51', '2025-07-05 20:42:51'),
(545, 2, NULL, NULL, NULL, 0, 4, NULL, 5, '2025-07-07', '12:00-16:00', 'active', '2025-07-07 03:42:51', '2025-07-07 03:42:51'),
(546, 1, NULL, NULL, NULL, 0, 20, NULL, 5, '2025-07-14', '15:00-15:00', 'active', '2025-07-14 00:42:51', '2025-07-14 00:42:51'),
(547, 1, NULL, NULL, NULL, 0, 25, NULL, 5, '2025-07-07', '9:00-16:00', 'active', '2025-07-07 00:42:51', '2025-07-07 00:42:51'),
(548, 2, NULL, NULL, NULL, 0, 56, NULL, 5, '2025-07-21', '16:00-13:00', 'active', '2025-07-21 00:42:51', '2025-07-21 00:42:51'),
(549, 5, NULL, NULL, NULL, 0, 68, NULL, 5, '2025-07-10', '10:00-14:00', 'active', '2025-07-09 20:42:51', '2025-07-09 20:42:51'),
(550, 5, NULL, NULL, NULL, 0, 88, NULL, 5, '2025-07-06', '12:00-15:00', 'active', '2025-07-05 20:42:51', '2025-07-05 20:42:51'),
(551, 1, NULL, NULL, NULL, 0, 114, NULL, 5, '2025-07-25', '14:00-10:00', 'active', '2025-07-24 19:42:51', '2025-07-24 19:42:51'),
(552, 5, NULL, NULL, NULL, 0, 63, NULL, 1, '2025-08-08', '11:00-15:00', 'Cancelled', '2025-08-08 03:42:51', '2025-10-08 07:41:38'),
(553, 1, NULL, NULL, NULL, 0, 46, NULL, 1, '2025-08-14', '13:00-13:00', 'Cancelled', '2025-08-14 01:42:51', '2025-10-08 07:41:49'),
(554, 2, NULL, NULL, NULL, 0, 90, NULL, 1, '2025-08-18', '13:00-12:00', 'Cancelled', '2025-08-18 03:42:51', '2025-10-08 07:41:50'),
(555, 1, NULL, NULL, NULL, 0, 125, NULL, 1, '2025-07-29', '14:00-12:00', 'Cancelled', '2025-07-28 20:42:51', '2025-10-08 07:41:34'),
(556, 5, NULL, NULL, NULL, 0, 17, NULL, 1, '2025-08-11', '13:00-12:00', 'Cancelled', '2025-08-10 20:42:51', '2025-10-08 07:41:49'),
(557, 5, NULL, NULL, NULL, 0, 77, NULL, 1, '2025-08-22', '10:00-17:00', 'Cancelled', '2025-08-22 01:42:51', '2025-10-08 07:41:51'),
(558, 5, NULL, NULL, NULL, 0, 49, NULL, 1, '2025-07-28', '15:00-15:00', 'Cancelled', '2025-07-27 23:42:51', '2025-10-08 07:41:36'),
(559, 1, NULL, NULL, NULL, 0, 105, NULL, 2, '2025-07-29', '10:00-13:00', 'active', '2025-07-28 23:42:51', '2025-07-28 23:42:51'),
(560, 5, NULL, NULL, NULL, 0, 108, NULL, 2, '2025-08-19', '11:00-11:00', 'active', '2025-08-19 00:42:51', '2025-08-19 00:42:51'),
(561, 5, NULL, NULL, NULL, 0, 6, NULL, 2, '2025-08-04', '15:00-14:00', 'active', '2025-08-03 23:42:51', '2025-08-03 23:42:51'),
(562, 2, NULL, NULL, NULL, 0, 66, NULL, 2, '2025-08-04', '15:00-15:00', 'active', '2025-08-03 20:42:51', '2025-08-03 20:42:51'),
(563, 5, NULL, NULL, NULL, 0, 5, NULL, 2, '2025-08-14', '11:00-12:00', 'active', '2025-08-14 01:42:51', '2025-08-14 01:42:51'),
(564, 1, NULL, NULL, NULL, 0, 93, NULL, 2, '2025-08-18', '11:00-15:00', 'active', '2025-08-17 21:42:51', '2025-08-17 21:42:51'),
(565, 1, NULL, NULL, NULL, 0, 117, NULL, 2, '2025-08-24', '16:00-17:00', 'active', '2025-08-23 23:42:51', '2025-08-23 23:42:51'),
(566, 2, NULL, NULL, NULL, 0, 106, NULL, 2, '2025-08-16', '12:00-12:00', 'active', '2025-08-15 21:42:51', '2025-08-15 21:42:51'),
(567, 1, NULL, NULL, NULL, 0, 19, NULL, 3, '2025-07-29', '11:00-10:00', 'active', '2025-07-29 00:42:51', '2025-07-29 00:42:51'),
(568, 2, NULL, NULL, NULL, 0, 93, NULL, 3, '2025-08-12', '11:00-16:00', 'active', '2025-08-11 20:42:51', '2025-08-11 20:42:51'),
(569, 2, NULL, NULL, NULL, 0, 12, NULL, 3, '2025-08-24', '9:00-12:00', 'active', '2025-08-24 00:42:51', '2025-08-24 00:42:51'),
(570, 2, NULL, NULL, NULL, 0, 69, NULL, 3, '2025-08-03', '12:00-17:00', 'active', '2025-08-03 02:42:51', '2025-08-03 02:42:51'),
(571, 1, NULL, NULL, NULL, 0, 64, NULL, 3, '2025-08-04', '12:00-15:00', 'active', '2025-08-03 19:42:51', '2025-08-03 19:42:51'),
(572, 1, NULL, NULL, NULL, 0, 54, NULL, 3, '2025-08-11', '10:00-10:00', 'active', '2025-08-11 03:42:51', '2025-08-11 03:42:51'),
(573, 5, NULL, NULL, NULL, 0, 119, NULL, 3, '2025-08-10', '12:00-11:00', 'active', '2025-08-10 02:42:51', '2025-08-10 02:42:51'),
(574, 2, NULL, NULL, NULL, 0, 86, NULL, 3, '2025-08-06', '14:00-16:00', 'active', '2025-08-05 21:42:51', '2025-08-05 21:42:51'),
(575, 2, NULL, NULL, NULL, 0, 97, NULL, 4, '2025-08-19', '13:00-12:00', 'active', '2025-08-18 21:42:51', '2025-08-18 21:42:51'),
(576, 1, NULL, NULL, NULL, 0, 108, NULL, 4, '2025-08-10', '13:00-12:00', 'active', '2025-08-10 03:42:51', '2025-08-10 03:42:51'),
(577, 2, NULL, NULL, NULL, 0, 53, NULL, 4, '2025-08-12', '10:00-16:00', 'active', '2025-08-12 01:42:51', '2025-08-12 01:42:51'),
(578, 5, NULL, NULL, NULL, 0, 31, NULL, 4, '2025-08-20', '14:00-10:00', 'active', '2025-08-19 19:42:51', '2025-08-19 19:42:51'),
(579, 1, NULL, NULL, NULL, 0, 7, NULL, 4, '2025-08-10', '15:00-13:00', 'active', '2025-08-09 21:42:51', '2025-08-09 21:42:51'),
(580, 5, NULL, NULL, NULL, 0, 59, NULL, 4, '2025-08-24', '10:00-13:00', 'active', '2025-08-23 23:42:51', '2025-08-23 23:42:51'),
(581, 5, NULL, NULL, NULL, 0, 58, NULL, 4, '2025-08-04', '13:00-12:00', 'active', '2025-08-03 19:42:51', '2025-08-03 19:42:51'),
(582, 1, NULL, NULL, NULL, 0, 98, NULL, 4, '2025-08-09', '10:00-11:00', 'active', '2025-08-08 19:42:51', '2025-08-08 19:42:51'),
(583, 5, NULL, NULL, NULL, 0, 19, NULL, 4, '2025-07-29', '15:00-14:00', 'active', '2025-07-28 22:42:51', '2025-07-28 22:42:51'),
(584, 2, NULL, NULL, NULL, 0, 63, NULL, 5, '2025-08-19', '12:00-13:00', 'active', '2025-08-18 22:42:51', '2025-08-18 22:42:51'),
(585, 1, NULL, NULL, NULL, 0, 86, NULL, 5, '2025-08-22', '15:00-14:00', 'active', '2025-08-21 19:42:51', '2025-08-21 19:42:51'),
(586, 5, NULL, NULL, NULL, 0, 58, NULL, 5, '2025-07-30', '14:00-14:00', 'active', '2025-07-30 00:42:51', '2025-07-30 00:42:51'),
(587, 1, NULL, NULL, NULL, 0, 80, NULL, 5, '2025-08-17', '16:00-15:00', 'active', '2025-08-16 21:42:51', '2025-08-16 21:42:51'),
(588, 5, NULL, NULL, NULL, 0, 107, NULL, 5, '2025-08-17', '14:00-13:00', 'active', '2025-08-17 03:42:51', '2025-08-17 03:42:51'),
(589, 5, NULL, NULL, NULL, 0, 64, NULL, 5, '2025-08-07', '12:00-11:00', 'active', '2025-08-07 03:42:51', '2025-08-07 03:42:51'),
(590, 2, NULL, NULL, NULL, 0, 70, NULL, 5, '2025-08-13', '15:00-14:00', 'active', '2025-08-12 20:42:51', '2025-08-12 20:42:51'),
(591, 5, NULL, NULL, NULL, 0, 32, NULL, 5, '2025-08-11', '13:00-13:00', 'active', '2025-08-10 23:42:51', '2025-08-10 23:42:51'),
(592, 1, NULL, NULL, NULL, 0, 78, NULL, 1, '2025-09-06', '10:00-16:00', 'Cancelled', '2025-09-05 19:42:51', '2025-10-08 07:41:45'),
(593, 2, NULL, NULL, NULL, 0, 50, NULL, 1, '2025-09-16', '11:00-14:00', 'Cancelled', '2025-09-15 19:42:51', '2025-10-08 07:41:43'),
(594, 1, NULL, NULL, NULL, 0, 10, NULL, 1, '2025-09-23', '14:00-17:00', 'Cancelled', '2025-09-23 02:42:51', '2025-10-08 07:41:21'),
(595, 2, NULL, NULL, NULL, 0, 106, NULL, 1, '2025-09-22', '9:00-11:00', 'Cancelled', '2025-09-22 02:42:51', '2025-10-08 07:41:22'),
(596, 1, NULL, NULL, NULL, 0, 24, NULL, 1, '2025-09-07', '12:00-14:00', 'Cancelled', '2025-09-07 03:42:51', '2025-10-08 07:41:44'),
(597, 5, NULL, NULL, NULL, 0, 43, NULL, 1, '2025-09-02', '12:00-11:00', 'Cancelled', '2025-09-01 20:42:51', '2025-10-08 07:41:46'),
(598, 5, NULL, NULL, NULL, 0, 120, NULL, 1, '2025-09-20', '9:00-11:00', 'Cancelled', '2025-09-19 23:42:51', '2025-10-08 07:41:23'),
(599, 1, NULL, NULL, NULL, 0, 60, NULL, 1, '2025-09-18', '16:00-11:00', 'Cancelled', '2025-09-18 02:42:51', '2025-10-08 07:41:43'),
(600, 2, NULL, NULL, NULL, 0, 37, NULL, 1, '2025-09-23', '13:00-14:00', 'Cancelled', '2025-09-22 20:42:51', '2025-10-08 07:41:21'),
(601, 2, NULL, NULL, NULL, 0, 50, NULL, 1, '2025-09-15', '9:00-14:00', 'Cancelled', '2025-09-14 19:42:51', '2025-10-08 07:41:44'),
(602, 5, NULL, NULL, NULL, 0, 83, NULL, 2, '2025-09-13', '12:00-12:00', 'active', '2025-09-13 02:42:51', '2025-09-13 02:42:51'),
(603, 5, NULL, NULL, NULL, 0, 20, NULL, 2, '2025-09-11', '11:00-11:00', 'active', '2025-09-11 00:42:51', '2025-09-11 00:42:51'),
(604, 1, NULL, NULL, NULL, 0, 66, NULL, 2, '2025-09-23', '15:00-11:00', 'active', '2025-09-23 00:42:51', '2025-09-23 00:42:51'),
(605, 2, NULL, NULL, NULL, 0, 44, NULL, 2, '2025-09-06', '13:00-14:00', 'active', '2025-09-06 03:42:51', '2025-09-06 03:42:51'),
(606, 5, NULL, NULL, NULL, 0, 103, NULL, 2, '2025-09-23', '14:00-13:00', 'active', '2025-09-23 01:42:51', '2025-09-23 01:42:51'),
(607, 1, NULL, NULL, NULL, 0, 52, NULL, 2, '2025-09-23', '16:00-13:00', 'active', '2025-09-23 03:42:51', '2025-09-23 03:42:51'),
(608, 1, NULL, NULL, NULL, 0, 116, NULL, 2, '2025-09-14', '16:00-13:00', 'active', '2025-09-14 01:42:51', '2025-09-14 01:42:51'),
(609, 1, NULL, NULL, NULL, 0, 90, NULL, 3, '2025-09-13', '9:00-17:00', 'active', '2025-09-13 01:42:51', '2025-09-13 01:42:51'),
(610, 5, NULL, NULL, NULL, 0, 17, NULL, 3, '2025-09-14', '9:00-12:00', 'active', '2025-09-14 02:42:51', '2025-09-14 02:42:51'),
(611, 5, NULL, NULL, NULL, 0, 76, NULL, 3, '2025-08-29', '12:00-14:00', 'active', '2025-08-28 20:42:51', '2025-08-28 20:42:51'),
(612, 1, NULL, NULL, NULL, 0, 22, NULL, 3, '2025-09-05', '16:00-10:00', 'active', '2025-09-04 22:42:51', '2025-09-04 22:42:51'),
(613, 5, NULL, NULL, NULL, 0, 40, NULL, 3, '2025-09-06', '13:00-13:00', 'active', '2025-09-06 03:42:51', '2025-09-06 03:42:51'),
(614, 2, NULL, NULL, NULL, 0, 120, NULL, 3, '2025-09-08', '12:00-14:00', 'active', '2025-09-08 01:42:51', '2025-09-08 01:42:51'),
(615, 2, NULL, NULL, NULL, 0, 119, NULL, 3, '2025-09-03', '14:00-11:00', 'active', '2025-09-03 03:42:51', '2025-09-03 03:42:51'),
(616, 2, NULL, NULL, NULL, 0, 109, NULL, 3, '2025-09-19', '10:00-16:00', 'active', '2025-09-18 21:42:51', '2025-09-18 21:42:51'),
(617, 1, NULL, NULL, NULL, 0, 14, NULL, 4, '2025-09-13', '16:00-15:00', 'active', '2025-09-12 21:42:51', '2025-09-12 21:42:51'),
(618, 5, NULL, NULL, NULL, 0, 65, NULL, 4, '2025-09-08', '11:00-12:00', 'active', '2025-09-07 22:42:51', '2025-09-07 22:42:51'),
(619, 5, NULL, NULL, NULL, 0, 85, NULL, 4, '2025-09-18', '14:00-12:00', 'active', '2025-09-17 23:42:51', '2025-09-17 23:42:51'),
(620, 1, NULL, NULL, NULL, 0, 92, NULL, 4, '2025-09-23', '12:00-16:00', 'active', '2025-09-22 20:42:51', '2025-09-22 20:42:51'),
(621, 1, NULL, NULL, NULL, 0, 3, NULL, 4, '2025-09-03', '9:00-13:00', 'active', '2025-09-02 20:42:51', '2025-09-02 20:42:51'),
(622, 2, NULL, NULL, NULL, 0, 91, NULL, 4, '2025-09-07', '9:00-14:00', 'active', '2025-09-07 01:42:51', '2025-09-07 01:42:51'),
(623, 1, NULL, NULL, NULL, 0, 23, NULL, 4, '2025-09-18', '13:00-12:00', 'active', '2025-09-17 23:42:51', '2025-09-17 23:42:51'),
(624, 2, NULL, NULL, NULL, 0, 17, NULL, 4, '2025-09-08', '13:00-17:00', 'active', '2025-09-07 23:42:51', '2025-09-07 23:42:51'),
(625, 2, NULL, NULL, NULL, 0, 105, NULL, 4, '2025-09-23', '9:00-16:00', 'active', '2025-09-22 23:42:51', '2025-09-22 23:42:51'),
(626, 1, NULL, NULL, NULL, 0, 110, NULL, 4, '2025-09-19', '10:00-10:00', 'active', '2025-09-19 01:42:51', '2025-09-19 01:42:51'),
(627, 1, NULL, NULL, NULL, 0, 43, NULL, 4, '2025-09-21', '16:00-10:00', 'active', '2025-09-21 00:42:51', '2025-09-21 00:42:51'),
(628, 2, NULL, NULL, NULL, 0, 69, NULL, 4, '2025-09-04', '13:00-13:00', 'active', '2025-09-03 20:42:51', '2025-09-03 20:42:51'),
(629, 1, NULL, NULL, NULL, 0, 75, NULL, 5, '2025-09-17', '16:00-14:00', 'active', '2025-09-17 02:42:51', '2025-09-17 02:42:51'),
(630, 1, NULL, NULL, NULL, 0, 123, NULL, 5, '2025-09-01', '15:00-15:00', 'active', '2025-08-31 19:42:51', '2025-08-31 19:42:51'),
(631, 1, NULL, NULL, NULL, 0, 89, NULL, 5, '2025-09-04', '9:00-14:00', 'active', '2025-09-04 02:42:51', '2025-09-04 02:42:51'),
(632, 5, NULL, NULL, NULL, 0, 54, NULL, 5, '2025-09-10', '14:00-13:00', 'active', '2025-09-10 03:42:51', '2025-09-10 03:42:51'),
(633, 5, NULL, NULL, NULL, 0, 37, NULL, 5, '2025-08-29', '15:00-14:00', 'active', '2025-08-28 23:42:51', '2025-08-28 23:42:51'),
(634, 5, NULL, NULL, NULL, 0, 80, NULL, 5, '2025-08-29', '11:00-17:00', 'active', '2025-08-28 20:42:51', '2025-08-28 20:42:51'),
(635, 1, NULL, NULL, NULL, 0, 32, NULL, 1, '2025-10-02', '15:00-16:00', 'Cancelled', '2025-10-02 02:42:51', '2025-10-08 07:40:49'),
(636, 1, NULL, NULL, NULL, 0, 114, NULL, 1, '2025-10-09', '12:00-10:00', 'Cancelled', '2025-10-08 23:42:51', '2025-10-08 07:40:42'),
(637, 5, NULL, NULL, NULL, 0, 97, NULL, 1, '2025-10-09', '11:00-17:00', 'Cancelled', '2025-10-09 01:42:51', '2025-10-08 07:40:41'),
(638, 5, NULL, NULL, NULL, 0, 72, NULL, 1, '2025-09-28', '14:00-13:00', 'Cancelled', '2025-09-27 22:42:51', '2025-10-08 07:41:20'),
(639, 2, NULL, NULL, NULL, 0, 69, NULL, 1, '2025-10-04', '13:00-17:00', 'Cancelled', '2025-10-03 23:42:51', '2025-10-08 07:40:44'),
(640, 1, NULL, NULL, NULL, 0, 73, NULL, 1, '2025-10-12', '13:00-12:00', 'Cancelled', '2025-10-11 21:42:51', '2025-10-08 07:40:41'),
(641, 5, NULL, NULL, NULL, 0, 122, NULL, 1, '2025-10-15', '14:00-12:00', 'Cancelled', '2025-10-15 03:42:51', '2025-10-08 07:40:34'),
(642, 1, NULL, NULL, NULL, 0, 28, NULL, 1, '2025-10-18', '13:00-10:00', 'Cancelled', '2025-10-18 02:42:51', '2025-10-08 07:40:33'),
(643, 1, NULL, NULL, NULL, 0, 116, NULL, 1, '2025-10-14', '13:00-11:00', 'Cancelled', '2025-10-13 20:42:51', '2025-10-08 07:40:35'),
(644, 2, NULL, NULL, NULL, 0, 37, NULL, 1, '2025-10-06', '11:00-17:00', 'Cancelled', '2025-10-06 00:42:51', '2025-10-08 07:40:43'),
(645, 1, NULL, NULL, NULL, 0, 62, NULL, 1, '2025-10-13', '16:00-17:00', 'Cancelled', '2025-10-12 20:42:51', '2025-10-08 07:40:40'),
(646, 1, NULL, NULL, NULL, 0, 56, NULL, 1, '2025-10-14', '12:00-11:00', 'Cancelled', '2025-10-13 19:42:51', '2025-10-08 07:40:35'),
(647, 2, NULL, NULL, NULL, 0, 102, NULL, 1, '2025-10-06', '16:00-10:00', 'Cancelled', '2025-10-05 21:42:51', '2025-10-08 07:40:43'),
(648, 5, NULL, NULL, NULL, 0, 104, NULL, 1, '2025-10-17', '13:00-11:00', 'Cancelled', '2025-10-17 02:42:51', '2025-10-08 07:40:33'),
(649, 2, NULL, NULL, NULL, 0, 17, NULL, 1, '2025-10-24', '16:00-14:00', 'Cancelled', '2025-10-23 20:42:51', '2025-10-08 07:40:32'),
(650, 2, NULL, NULL, NULL, 0, 13, NULL, 2, '2025-09-28', '15:00-16:00', 'active', '2025-09-28 00:42:51', '2025-09-28 00:42:51'),
(651, 2, NULL, NULL, NULL, 0, 49, NULL, 2, '2025-10-05', '13:00-17:00', 'active', '2025-10-04 19:42:51', '2025-10-04 19:42:51'),
(652, 5, NULL, NULL, NULL, 0, 68, NULL, 2, '2025-10-21', '15:00-17:00', 'active', '2025-10-21 03:42:51', '2025-10-21 03:42:51'),
(653, 2, NULL, NULL, NULL, 0, 86, NULL, 2, '2025-10-23', '13:00-16:00', 'active', '2025-10-23 01:42:51', '2025-10-23 01:42:51'),
(654, 1, NULL, NULL, NULL, 0, 120, NULL, 2, '2025-10-03', '11:00-17:00', 'active', '2025-10-02 19:42:51', '2025-10-02 19:42:51'),
(655, 1, NULL, NULL, NULL, 0, 111, NULL, 3, '2025-10-23', '15:00-11:00', 'cancelled', '2025-10-23 03:42:51', '2025-10-13 14:44:18'),
(656, 5, NULL, NULL, NULL, 0, 88, NULL, 3, '2025-09-29', '13:00-13:00', 'active', '2025-09-28 21:42:51', '2025-09-28 21:42:51'),
(657, 1, NULL, NULL, NULL, 0, 31, NULL, 3, '2025-10-16', '13:00-16:00', 'active', '2025-10-16 02:42:51', '2025-10-16 02:42:51'),
(658, 5, NULL, NULL, NULL, 0, 104, NULL, 3, '2025-10-12', '10:00-17:00', 'active', '2025-10-11 19:42:51', '2025-10-11 19:42:51'),
(659, 1, NULL, NULL, NULL, 0, 118, NULL, 3, '2025-10-16', '15:00-11:00', 'active', '2025-10-16 01:42:51', '2025-10-16 01:42:51'),
(660, 5, NULL, NULL, NULL, 0, 51, NULL, 3, '2025-10-09', '9:00-13:00', 'active', '2025-10-08 23:42:51', '2025-10-08 23:42:51'),
(661, 1, NULL, NULL, NULL, 0, 15, NULL, 3, '2025-10-17', '10:00-13:00', 'active', '2025-10-16 19:42:51', '2025-10-16 19:42:51'),
(662, 2, NULL, NULL, NULL, 0, 80, NULL, 3, '2025-10-16', '10:00-14:00', 'active', '2025-10-16 03:42:51', '2025-10-16 03:42:51'),
(663, 1, NULL, NULL, NULL, 0, 127, NULL, 3, '2025-10-06', '13:00-11:00', 'active', '2025-10-06 01:42:51', '2025-10-06 01:42:51'),
(664, 1, NULL, NULL, NULL, 0, 43, NULL, 3, '2025-10-21', '16:00-15:00', 'cancelled', '2025-10-21 03:42:51', '2025-10-13 14:44:40'),
(665, 1, NULL, NULL, NULL, 0, 101, NULL, 4, '2025-10-03', '15:00-11:00', 'active', '2025-10-02 22:42:51', '2025-10-02 22:42:51'),
(666, 1, NULL, NULL, NULL, 0, 73, NULL, 4, '2025-10-09', '13:00-10:00', 'active', '2025-10-08 20:42:51', '2025-10-08 20:42:51'),
(667, 5, NULL, NULL, NULL, 0, 29, NULL, 4, '2025-10-12', '14:00-11:00', 'active', '2025-10-12 03:42:51', '2025-10-12 03:42:51'),
(668, 5, NULL, NULL, NULL, 0, 53, NULL, 4, '2025-10-24', '13:00-17:00', 'active', '2025-10-24 02:42:51', '2025-10-24 02:42:51'),
(669, 1, NULL, NULL, NULL, 0, 74, NULL, 4, '2025-10-15', '10:00-10:00', 'active', '2025-10-14 19:42:51', '2025-10-14 19:42:51'),
(670, 5, NULL, NULL, NULL, 0, 62, NULL, 4, '2025-10-04', '14:00-17:00', 'active', '2025-10-04 00:42:51', '2025-10-04 00:42:51'),
(671, 5, NULL, NULL, NULL, 0, 70, NULL, 4, '2025-10-05', '12:00-13:00', 'active', '2025-10-04 19:42:51', '2025-10-04 19:42:51'),
(672, 1, NULL, NULL, NULL, 0, 86, NULL, 4, '2025-10-06', '15:00-11:00', 'active', '2025-10-05 21:42:51', '2025-10-05 21:42:51'),
(673, 1, NULL, NULL, NULL, 0, 84, NULL, 4, '2025-10-17', '14:00-17:00', 'active', '2025-10-16 19:42:51', '2025-10-16 19:42:51'),
(674, 5, NULL, NULL, NULL, 0, 126, NULL, 4, '2025-10-10', '10:00-14:00', 'active', '2025-10-10 02:42:51', '2025-10-10 02:42:51'),
(675, 2, NULL, NULL, NULL, 0, 3, NULL, 4, '2025-10-12', '13:00-14:00', 'active', '2025-10-12 02:42:51', '2025-10-12 02:42:51'),
(676, 1, NULL, NULL, NULL, 0, 17, NULL, 4, '2025-10-04', '16:00-15:00', 'active', '2025-10-03 23:42:51', '2025-10-03 23:42:51'),
(677, 5, NULL, NULL, NULL, 0, 41, NULL, 5, '2025-10-07', '16:00-16:00', 'active', '2025-10-06 23:42:51', '2025-10-06 23:42:51'),
(678, 2, NULL, NULL, NULL, 0, 86, NULL, 5, '2025-10-07', '10:00-13:00', 'active', '2025-10-06 20:42:51', '2025-10-06 20:42:51'),
(679, 2, NULL, NULL, NULL, 0, 120, NULL, 5, '2025-09-30', '12:00-17:00', 'active', '2025-09-29 19:42:51', '2025-09-29 19:42:51'),
(680, 5, NULL, NULL, NULL, 0, 77, NULL, 5, '2025-10-01', '9:00-10:00', 'active', '2025-09-30 22:42:51', '2025-09-30 22:42:51'),
(681, 2, NULL, NULL, NULL, 0, 30, NULL, 5, '2025-10-12', '11:00-15:00', 'active', '2025-10-11 19:42:51', '2025-10-11 19:42:51'),
(682, 1, NULL, NULL, NULL, 0, 123, NULL, 5, '2025-10-25', '10:00-12:00', 'cancelled', '2025-10-24 21:42:51', '2025-10-08 07:31:23'),
(683, 2, NULL, NULL, NULL, 0, 23, NULL, 5, '2025-10-03', '13:00-10:00', 'active', '2025-10-02 21:42:51', '2025-10-02 21:42:51'),
(684, 1, NULL, NULL, NULL, 0, 123, NULL, 5, '2025-10-19', '9:00-17:00', 'cancelled', '2025-10-18 21:42:51', '2025-10-13 14:44:56'),
(685, 1, NULL, NULL, NULL, 0, 1, NULL, 1, '2025-10-08', '13:00-14:00', 'Cancelled', '2025-10-08 07:27:06', '2025-10-08 07:40:42'),
(686, 1, NULL, NULL, NULL, 0, 1, NULL, 1, '2025-10-09', '12:00-13:00', 'Cancelled', '2025-10-08 07:42:39', '2025-10-08 07:44:43'),
(687, 1, NULL, NULL, NULL, 0, 1, NULL, 1, '2025-10-08', '14:00-15:00', 'Cancelled', '2025-10-08 07:45:06', '2025-10-08 07:45:48'),
(688, 1, NULL, NULL, NULL, 0, 1, NULL, 1, '2025-10-09', '12:00-13:00', 'cancelled', '2025-10-08 07:46:19', '2025-10-08 07:49:30'),
(689, 1, NULL, NULL, NULL, 0, NULL, NULL, 1, '2025-10-09', '12:00-13:00', 'Cancelled', '2025-10-08 07:51:03', '2025-10-08 07:58:40'),
(690, 1, NULL, NULL, NULL, 0, NULL, NULL, 1, '2025-10-09', '13:00-14:00', 'Cancelled', '2025-10-08 07:52:56', '2025-10-08 07:58:41'),
(691, 1, NULL, NULL, NULL, 0, NULL, NULL, 1, '2025-10-09', '12:00-13:00', 'Cancelled', '2025-10-08 07:59:16', '2025-10-08 08:04:41'),
(692, 1, NULL, NULL, NULL, 0, NULL, NULL, 1, '2025-10-09', '13:00-14:00', 'Cancelled', '2025-10-08 07:59:36', '2025-10-08 08:04:39'),
(693, NULL, 'asdasd', NULL, NULL, 1, 1, NULL, 1, '2025-10-08', '16:00-17:00', 'cancelled', '2025-10-08 08:04:02', '2025-10-08 08:04:15'),
(694, 1, NULL, NULL, NULL, 0, 1, NULL, 1, '2025-10-11', '12:00-13:00', 'Cancelled', '2025-10-08 08:52:21', '2025-10-08 09:03:34'),
(695, 1, NULL, NULL, NULL, 0, 1, NULL, 1, '2025-10-11', '12:00-13:00', 'Cancelled', '2025-10-08 09:04:20', '2025-10-08 09:14:06'),
(696, 1, NULL, NULL, NULL, 0, NULL, NULL, 1, '2025-10-11', '12:00-13:00', 'Cancelled', '2025-10-08 09:10:49', '2025-10-08 09:14:05'),
(697, 1, NULL, NULL, NULL, 0, 2, NULL, 1, '2025-10-11', '15:00-16:00', 'Cancelled', '2025-10-08 09:12:59', '2025-10-08 09:14:07'),
(698, 1, NULL, NULL, NULL, 0, 129, NULL, 1, '2025-10-15', '14:00-15:00', 'confirmed', '2025-10-08 09:19:20', '2025-10-08 09:19:20'),
(699, 1, NULL, NULL, NULL, 0, 23, NULL, 1, '2025-10-16', '10:00-11:00', 'confirmed', '2025-10-08 09:22:08', '2025-10-08 09:22:08'),
(700, 1, NULL, NULL, NULL, 0, 3, NULL, 1, '2025-10-11', '12:00-13:00', 'Cancelled', '2025-10-08 09:23:23', '2025-10-08 09:31:24'),
(701, 1, NULL, NULL, NULL, 0, 1, NULL, 1, '2025-10-11', '13:00-14:00', 'cancelled', '2025-10-08 09:31:46', '2025-10-08 10:20:18'),
(702, NULL, 'asdadasd', NULL, NULL, 1, 1, NULL, 1, '2025-10-08', '17:00-18:00', 'cancelled', '2025-10-08 09:55:31', '2025-10-08 10:02:29'),
(703, NULL, 'asdadasd', NULL, NULL, 1, 1, NULL, 1, '2025-10-08', '17:00-18:00', 'cancelled', '2025-10-08 09:58:35', '2025-10-08 10:02:39'),
(704, NULL, 'asdadasd', NULL, NULL, 1, 1, NULL, 1, '2025-10-08', '17:00-18:00', 'cancelled', '2025-10-08 09:58:39', '2025-10-08 10:02:41'),
(705, NULL, 'asdadasd', NULL, NULL, 1, 1, NULL, 1, '2025-10-08', '17:00-18:00', 'cancelled', '2025-10-08 09:58:44', '2025-10-08 10:02:17'),
(706, NULL, 'asdadasd', NULL, NULL, 1, 1, NULL, 1, '2025-10-08', '17:00-18:00', 'cancelled', '2025-10-08 10:00:39', '2025-10-08 10:02:15'),
(707, NULL, 'asdadasd', NULL, NULL, 1, 2, NULL, 1, '2025-10-08', '18:00-19:00', 'cancelled', '2025-10-08 10:01:40', '2025-10-08 10:02:45'),
(708, NULL, 'asdasd', NULL, NULL, 1, 2, NULL, 1, '2025-10-08', '18:00-19:00', 'cancelled', '2025-10-08 10:01:57', '2025-10-08 10:02:33'),
(709, NULL, '1', NULL, NULL, 1, 1, NULL, 1, '2025-10-08', '18:00-19:00', 'cancelled', '2025-10-08 10:03:11', '2025-10-08 10:04:09'),
(710, NULL, '1', NULL, NULL, 1, 1, NULL, 1, '2025-10-08', '18:00-19:00', 'cancelled', '2025-10-08 10:03:52', '2025-10-08 10:04:08'),
(711, 1, NULL, NULL, NULL, 0, 1, NULL, 1, '2025-10-11', '12:00-13:00', 'cancelled', '2025-10-08 10:19:48', '2025-10-08 10:20:17'),
(712, 1, NULL, NULL, NULL, 0, 1, NULL, 1, '2025-10-11', '17:00-18:00', 'cancelled', '2025-10-08 10:20:55', '2025-10-08 10:22:05'),
(713, NULL, 'adasd', NULL, NULL, 1, 1, NULL, 1, '2025-10-08', '18:00-19:00', 'Cancelled', '2025-10-08 10:21:36', '2025-10-08 10:21:52'),
(714, 1, NULL, NULL, NULL, 0, 1, NULL, 1, '2025-10-16', '12:00-13:00', 'cancelled', '2025-10-13 14:27:48', '2025-10-13 14:40:55'),
(715, 1, NULL, NULL, NULL, 0, 1, NULL, 2, '2025-10-16', '09:00-10:00', 'active', '2025-10-13 14:31:14', '2025-10-13 14:31:14');

-- --------------------------------------------------------

--
-- Table structure for table `branches`
--

CREATE TABLE `branches` (
  `id` bigint(20) UNSIGNED NOT NULL,
  `key` varchar(255) NOT NULL,
  `name` varchar(255) NOT NULL,
  `address` varchar(255) NOT NULL,
  `contact_number` varchar(255) DEFAULT NULL,
  `telephone_number` varchar(255) DEFAULT NULL,
  `operating_days` text DEFAULT NULL,
  `location_detail` varchar(255) DEFAULT NULL,
  `hours` text DEFAULT NULL,
  `map_src` text DEFAULT NULL,
  `created_at` timestamp NULL DEFAULT NULL,
  `updated_at` timestamp NULL DEFAULT NULL,
  `time_slot` varchar(255) DEFAULT NULL,
  `break_start` time DEFAULT NULL,
  `break_end` time DEFAULT NULL,
  `slot_capacity` int(11) DEFAULT NULL,
  `active` tinyint(1) NOT NULL DEFAULT 1
) ENGINE=InnoDB DEFAULT CHARSET=utf8mb4 COLLATE=utf8mb4_unicode_ci;

--
-- Dumping data for table `branches`
--

INSERT INTO `branches` (`id`, `key`, `name`, `address`, `contact_number`, `telephone_number`, `operating_days`, `location_detail`, `hours`, `map_src`, `created_at`, `updated_at`, `time_slot`, `break_start`, `break_end`, `slot_capacity`, `active`) VALUES
(1, 'banilad', 'Banilad Town Centre', '2nd Level, Banilad Town Centre, Gov. M. Cuenco Ave., Cebu City', '0917 123 4567', '(032) 123 4567', 'Monday,Tuesday,Wednesday,Thursday,Saturday', '(2nd level of Banilad Town Centre)', '<div class=\"hours-display\"><div class=\"day-group\"><span class=\"days\"><strong>Mon</strong>:</span> <span class=\"hours\">10:00 am - 10:00 pm</span></div><div class=\"day-group\"><span class=\"days\"><strong>Tue</strong>:</span> <span class=\"hours\">10:00 am - 10:00 pm</span></div><div class=\"day-group\"><span class=\"days\"><strong>Wed</strong>:</span> <span class=\"hours\">10:00 am - 10:00 pm</span></div><div class=\"day-group\"><span class=\"days\"><strong>Thu</strong>:</span> <span class=\"hours\">10:00 am - 10:00 pm</span></div><div class=\"day-group\"><span class=\"days\"><strong>Sat</strong>:</span> <span class=\"hours\">10:00 am - 10:00 pm</span></div><div class=\"day-group\"><span class=\"days\"><strong>Fri</strong>:</span> <span class=\"hours\">Closed</span></div><div class=\"day-group\"><span class=\"days\"><strong>Sun</strong>:</span> <span class=\"hours\">Closed</span></div></div>', 'https://www.google.com/maps/embed?pb=!1m18!1m12!1m3!1d3925.263004968588!2d123.9016596739544!3d10.320824489801565!2m3!1f0!2f0!3f0!3m2!1i1024!2i768!4f13.1!3m3!1m2!1s0x33a9990509381945%3A0x73e7592e1d0f982f!2sSkin911%20Medical!5e0!3m2!1sen!2sph!4v1755606033060!5m2!1sen!2sph', '2025-08-25 12:49:27', '2025-10-09 10:17:04', '10:00 - 22:00', '11:00:00', '12:00:00', 5, 1),
(2, 'ayala', 'Ayala Center Cebu', 'Archbishop Reyes Ave, Cebu City, 6000 Cebu', '+63 982 234 5678', '(082) 234-5678', 'Monday,Tuesday,Wednesday,Thursday,Friday', '(Ayala Center Cebu)', '<div class=\"hours-display\"><div class=\"day-group\"><span class=\"days\"><strong>Mon - Fri</strong>:</span> <span class=\"hours\">9:00 am - 7:00 pm</span></div><div class=\"day-group\"><span class=\"days\"><strong>Sat</strong>:</span> <span class=\"hours\">Closed</span></div><div class=\"day-group\"><span class=\"days\"><strong>Sun</strong>:</span> <span class=\"hours\">Closed</span></div></div>', 'https://www.google.com/maps/embed?pb=!1m23!1m12!1m3!1d3925.295290702664!2d123.90181517053274!3d10.318236315795497!2m3!1f0!2f0!3f0!3m2!1i1024!2i768!4f13.1!4m8!3e6!4m0!4m5!1s0x33a9993c27f7ca1d%3A0x5b901072be141a1!2sArchbishop%20Reyes%20Ave%2C%20Cebu%20City%2C%206000%20Cebu!3m2!1d10.320865699999999!2d123.9041927!5e0!3m2!1sen!2sph!4v1755874091860!5m2!1sen!2sph', '2025-08-25 12:49:27', '2025-10-09 09:52:35', '09:00 - 19:00', '11:00:00', '12:00:00', 10, 1),
(3, 'vrama', 'V. Rama Avenue', '2211 V. Rama Ave, Cebu City, Cebu', '+63 933 298 7654', '(033) 298-7654', 'Monday,Tuesday,Wednesday,Thursday,Friday', '(V. Rama Avenue)', '<div class=\"hours-display\"><div class=\"day-group\"><span class=\"days\"><strong>Mon - Fri</strong>:</span> <span class=\"hours\">10:00 am - 7:00 pm</span></div><div class=\"day-group\"><span class=\"days\"><strong>Sat</strong>:</span> <span class=\"hours\">Closed</span></div><div class=\"day-group\"><span class=\"days\"><strong>Sun</strong>:</span> <span class=\"hours\">Closed</span></div></div>', 'https://www.google.com/maps/embed?pb=!1m18!1m12!1m3!1d3925.66693574932!2d123.8860074758835!3d10.30739946609938!2m3!1f0!2f0!3f0!3m2!1i1024!2i768!4f13.1!3m3!1m2!1s0x33a99955776a3103%3A0x28945a1f4965c401!2s2211%20V%20Rama%20Ave%2C%20Cebu%20City%2C%20Cebu!5e0!3m2!1sen!2sph!4v1678887234567!5m2!1sen!2sph', '2025-08-25 12:49:27', '2025-10-09 10:08:25', '10:00 - 19:00', '12:00:00', '13:00:00', 2, 1),
(4, 'smcebu', 'SM City Cebu', 'Juan Luna Ave. corner Cabahug and Kaohsiung St., North Reclamation Area, Cebu City', '+63 9917 555 1234', '0917-555-1234', 'Monday,Tuesday,Wednesday,Thursday,Friday', '(SM City Cebu)', '<div class=\"hours-display\"><div class=\"day-group\"><span class=\"days\"><strong>Mon - Fri</strong>:</span> <span class=\"hours\">9:00 am - 9:00 pm</span></div><div class=\"day-group\"><span class=\"days\"><strong>Sat</strong>:</span> <span class=\"hours\">Closed</span></div><div class=\"day-group\"><span class=\"days\"><strong>Sun</strong>:</span> <span class=\"hours\">Closed</span></div></div>', 'https://www.google.com/maps/embed?pb=!1m18!1m12!1m3!1d3925.434823483981!2d123.9161218758837!3d10.326758865882885!2m3!1f0!2f0!3f0!3m2!1i1024!2i768!4f13.1!3m3!1m2!1s0x33a999212456102b%3A0x6318371832222853!2sSM%20City%20Cebu!5e0!3m2!1sen!2sph!4v1678887345678!5m2!1sen!2sph', '2025-08-25 12:49:27', '2025-10-09 10:08:55', '09:00 - 21:00', '12:00:00', '14:00:00', 7, 1),
(5, 'smseaside', 'SM Seaside City', 'South Road Properties, Cebu City, Cebu', '0917-555-1234', '(033) 298-7654', 'Monday,Tuesday,Wednesday,Thursday,Friday', '(SM Seaside City)', '<div class=\"hours-display\"><div class=\"day-group\"><span class=\"days\"><strong>Mon - Fri</strong>:</span> <span class=\"hours\">1:00 pm - 11:00 pm</span></div><div class=\"day-group\"><span class=\"days\"><strong>Sat</strong>:</span> <span class=\"hours\">Closed</span></div><div class=\"day-group\"><span class=\"days\"><strong>Sun</strong>:</span> <span class=\"hours\">Closed</span></div></div>', 'https://www.google.com/maps/embed?pb=!1m18!1m12!1m3!1d3925.992817293529!2d123.8790014758832!3d10.281898766318187!2m3!1f0!2f0!3f0!3m2!1i1024!2i768!4f13.1!3m3!1m2!1s0x33a99c001802052d%3A0x321a556396e83f3b!2sSM%20Seaside%20City%20Cebu!5e0!3m2!1sen!2sph!4v1678887456789!5m2!1sen!2sph', '2025-08-25 12:49:27', '2025-10-09 10:09:15', '13:00 - 23:00', '15:00:00', '16:00:00', 20, 1),
(6, 'branch_1758891491', 'Quezon city', '886 Banawe Street, corner Del Monte Ave, Quezon City, 1115 Metro Manila update', '+63 92 8123 4567', '(02) 8123-4567', 'Monday,Tuesday,Wednesday,Thursday,Friday,Saturday', NULL, '<div class=\"hours-display\"><div class=\"day-group\"><span class=\"days\"><strong>Mon - Sat</strong>:</span> <span class=\"hours\">8:00 am - 8:00 pm</span></div><div class=\"day-group\"><span class=\"days\"><strong>Sun</strong>:</span> <span class=\"hours\">Closed</span></div></div>', 'https://www.google.com/maps/embed?pb=!1m18!1m12!1m3!1d3860.3052669762897!2d120.99812767404369!3d14.638605085852227!2m3!1f0!2f0!3f0!3m2!1i1024!2i768!4f13.1!3m3!1m2!1s0x3397b71c0e310ea3%3A0xf8349ba79a5e25a3!2sSkin%20911%20Banawe%20-%20Quezon%20City!5e0!3m2!1sen!2sph!4v1758890845106!5m2!1sen!2sph', '2025-09-26 12:58:11', '2025-10-09 10:10:49', '08:00 - 20:00', '11:00:00', '12:00:00', 12, 1);

-- --------------------------------------------------------

--
-- Table structure for table `branch_service`
--

CREATE TABLE `branch_service` (
  `id` bigint(20) UNSIGNED NOT NULL,
  `branch_id` bigint(20) UNSIGNED NOT NULL,
  `service_id` bigint(20) UNSIGNED NOT NULL,
  `price` decimal(10,2) DEFAULT NULL,
  `duration` int(11) DEFAULT NULL,
  `active` tinyint(1) NOT NULL DEFAULT 1,
  `custom_description` text DEFAULT NULL,
  `created_at` timestamp NULL DEFAULT NULL,
  `updated_at` timestamp NULL DEFAULT NULL
) ENGINE=InnoDB DEFAULT CHARSET=utf8mb4 COLLATE=utf8mb4_unicode_ci;

--
-- Dumping data for table `branch_service`
--

INSERT INTO `branch_service` (`id`, `branch_id`, `service_id`, `price`, `duration`, `active`, `custom_description`, `created_at`, `updated_at`) VALUES
(1, 2, 1, 1100.00, 1, 1, NULL, '2025-09-01 12:36:11', '2025-09-03 04:25:59'),
(2, 2, 2, 2000.00, 1, 1, NULL, '2025-09-01 12:36:11', '2025-09-03 04:25:59'),
(3, 2, 3, 2800.00, 1, 1, NULL, '2025-09-01 12:36:11', '2025-09-03 04:25:59'),
(4, 2, 4, 2000.00, 1, 1, NULL, '2025-09-01 12:36:11', '2025-09-03 04:25:59'),
(5, 2, 5, 4500.00, 1, 1, NULL, '2025-09-01 12:36:11', '2025-09-03 04:25:59'),
(6, 2, 6, 3000.00, 1, 1, NULL, '2025-09-01 12:36:11', '2025-09-03 04:25:59'),
(7, 2, 7, 3000.00, 1, 1, NULL, '2025-09-01 12:36:11', '2025-09-03 04:25:59'),
(8, 2, 8, 2700.00, 1, 1, NULL, '2025-09-01 12:36:11', '2025-09-03 04:25:59'),
(9, 2, 9, 5000.00, 1, 1, NULL, '2025-09-01 12:36:11', '2025-09-03 04:25:59'),
(10, 2, 10, 1500.00, 1, 1, NULL, '2025-09-01 12:36:11', '2025-09-03 04:25:59'),
(11, 2, 11, 6500.00, 1, 1, NULL, '2025-09-01 12:36:11', '2025-09-03 04:25:59'),
(12, 2, 12, 3000.00, 1, 1, NULL, '2025-09-01 12:36:11', '2025-09-03 04:25:59'),
(13, 2, 13, 4500.00, 1, 1, NULL, '2025-09-01 12:36:11', '2025-09-03 04:25:59'),
(14, 2, 14, 2000.00, 1, 1, NULL, '2025-09-01 12:36:11', '2025-09-03 04:25:59'),
(15, 2, 15, 2000.00, 1, 1, NULL, '2025-09-01 12:36:11', '2025-09-03 04:25:59'),
(16, 2, 16, 2500.00, 1, 1, NULL, '2025-09-01 12:36:11', '2025-09-03 04:25:59'),
(17, 2, 17, 4000.00, 1, 1, NULL, '2025-09-01 12:36:11', '2025-09-03 04:25:59'),
(18, 2, 18, 2500.00, 1, 1, NULL, '2025-09-01 12:36:11', '2025-09-03 04:25:59'),
(19, 2, 19, 3500.00, 1, 1, NULL, '2025-09-01 12:36:11', '2025-09-03 04:25:59'),
(20, 2, 20, 5000.00, 1, 1, NULL, '2025-09-01 12:36:11', '2025-09-03 04:25:59'),
(21, 2, 21, 7000.00, 1, 1, NULL, '2025-09-01 12:36:11', '2025-09-03 04:25:59'),
(22, 2, 22, 5000.00, 1, 1, NULL, '2025-09-01 12:36:11', '2025-09-03 04:25:59'),
(23, 2, 23, 9000.00, 1, 1, NULL, '2025-09-01 12:36:11', '2025-09-03 04:25:59'),
(24, 2, 24, 4000.00, 1, 1, NULL, '2025-09-01 12:36:11', '2025-09-03 04:25:59'),
(25, 2, 25, 7500.00, 1, 1, NULL, '2025-09-01 12:36:11', '2025-09-03 04:25:59'),
(26, 2, 26, 8000.00, 1, 1, NULL, '2025-09-01 12:36:11', '2025-09-03 04:25:59'),
(27, 2, 27, 7500.00, 1, 1, NULL, '2025-09-01 12:36:11', '2025-09-03 04:25:59'),
(28, 2, 28, 9500.00, 1, 1, NULL, '2025-09-01 12:36:11', '2025-09-03 04:25:59'),
(29, 2, 29, 8000.00, 1, 1, NULL, '2025-09-01 12:36:11', '2025-09-03 04:25:59'),
(30, 2, 30, 9000.00, 1, 1, NULL, '2025-09-01 12:36:11', '2025-09-03 04:25:59'),
(31, 2, 31, 10000.00, 1, 1, NULL, '2025-09-01 12:36:11', '2025-09-03 04:25:59'),
(32, 2, 32, 1100.00, 1, 1, NULL, '2025-09-01 12:36:11', '2025-09-03 04:25:59'),
(33, 2, 33, 2000.00, 1, 1, NULL, '2025-09-01 12:36:11', '2025-09-03 04:25:59'),
(34, 2, 34, 2800.00, 1, 1, NULL, '2025-09-01 12:36:11', '2025-09-03 04:25:59'),
(35, 2, 35, 2000.00, 1, 1, NULL, '2025-09-01 12:36:11', '2025-09-03 04:25:59'),
(36, 2, 36, 4500.00, 1, 1, NULL, '2025-09-01 12:36:11', '2025-09-03 04:25:59'),
(37, 2, 37, 3000.00, 1, 1, NULL, '2025-09-01 12:36:11', '2025-09-03 04:25:59'),
(38, 2, 38, 3000.00, 1, 1, NULL, '2025-09-01 12:36:11', '2025-09-03 04:25:59'),
(39, 2, 39, 2700.00, 1, 1, NULL, '2025-09-01 12:36:11', '2025-09-03 04:25:59'),
(40, 2, 40, 5000.00, 1, 1, NULL, '2025-09-01 12:36:11', '2025-09-03 04:25:59'),
(41, 2, 41, 1500.00, 1, 1, NULL, '2025-09-01 12:36:11', '2025-09-03 04:25:59'),
(42, 2, 42, 6500.00, 1, 1, NULL, '2025-09-01 12:36:11', '2025-09-03 04:25:59'),
(43, 2, 43, 3000.00, 1, 1, NULL, '2025-09-01 12:36:11', '2025-09-03 04:25:59'),
(44, 2, 44, 4500.00, 1, 1, NULL, '2025-09-01 12:36:11', '2025-09-03 04:25:59'),
(45, 2, 45, 2000.00, 1, 1, NULL, '2025-09-01 12:36:11', '2025-09-03 04:25:59'),
(46, 2, 46, 2000.00, 1, 1, NULL, '2025-09-01 12:36:11', '2025-09-03 04:25:59'),
(47, 2, 47, 2500.00, 1, 1, NULL, '2025-09-01 12:36:11', '2025-09-03 04:25:59'),
(48, 2, 48, 4000.00, 1, 1, NULL, '2025-09-01 12:36:11', '2025-09-03 04:25:59'),
(49, 2, 49, 2500.00, 1, 1, NULL, '2025-09-01 12:36:11', '2025-09-03 04:25:59'),
(50, 2, 50, 3500.00, 1, 1, NULL, '2025-09-01 12:36:11', '2025-09-03 04:25:59'),
(51, 2, 51, 5000.00, 1, 1, NULL, '2025-09-01 12:36:11', '2025-09-03 04:25:59'),
(52, 2, 52, 7000.00, 1, 1, NULL, '2025-09-01 12:36:11', '2025-09-03 04:25:59'),
(53, 2, 53, 5000.00, 1, 1, NULL, '2025-09-01 12:36:11', '2025-09-03 04:25:59'),
(54, 2, 54, 9000.00, 1, 1, NULL, '2025-09-01 12:36:11', '2025-09-03 04:25:59'),
(55, 2, 55, 4000.00, 1, 1, NULL, '2025-09-01 12:36:11', '2025-09-03 04:25:59'),
(56, 2, 56, 7500.00, 1, 1, NULL, '2025-09-01 12:36:11', '2025-09-03 04:25:59'),
(57, 2, 57, 8000.00, 1, 1, NULL, '2025-09-01 12:36:11', '2025-09-03 04:25:59'),
(58, 2, 58, 7500.00, 1, 1, NULL, '2025-09-01 12:36:11', '2025-09-03 04:25:59'),
(59, 2, 59, 9500.00, 1, 1, NULL, '2025-09-01 12:36:11', '2025-09-03 04:25:59'),
(60, 2, 60, 8000.00, 1, 1, NULL, '2025-09-01 12:36:11', '2025-09-03 04:25:59'),
(61, 2, 61, 9000.00, 1, 1, NULL, '2025-09-01 12:36:11', '2025-09-03 04:25:59'),
(62, 2, 62, 10000.00, 1, 1, NULL, '2025-09-01 12:36:11', '2025-09-03 04:25:59'),
(63, 2, 63, 1100.00, 1, 1, NULL, '2025-09-01 12:36:11', '2025-09-03 04:25:59'),
(64, 2, 64, 2000.00, 1, 1, NULL, '2025-09-01 12:36:11', '2025-09-03 04:25:59'),
(65, 2, 65, 2800.00, 1, 1, NULL, '2025-09-01 12:36:11', '2025-09-03 04:25:59'),
(66, 2, 66, 2000.00, 1, 1, NULL, '2025-09-01 12:36:11', '2025-09-03 04:25:59'),
(67, 2, 67, 4500.00, 1, 1, NULL, '2025-09-01 12:36:11', '2025-09-03 04:25:59'),
(68, 2, 68, 3000.00, 1, 1, NULL, '2025-09-01 12:36:11', '2025-09-03 04:25:59'),
(69, 2, 69, 3000.00, 1, 1, NULL, '2025-09-01 12:36:11', '2025-09-03 04:25:59'),
(70, 2, 70, 2700.00, 1, 1, NULL, '2025-09-01 12:36:11', '2025-09-03 04:25:59'),
(71, 2, 71, 5000.00, 1, 1, NULL, '2025-09-01 12:36:11', '2025-09-03 04:25:59'),
(72, 2, 72, 1500.00, 1, 1, NULL, '2025-09-01 12:36:11', '2025-09-03 04:25:59'),
(73, 2, 73, 6500.00, 1, 1, NULL, '2025-09-01 12:36:11', '2025-09-03 04:25:59'),
(74, 2, 74, 3000.00, 1, 1, NULL, '2025-09-01 12:36:11', '2025-09-03 04:25:59'),
(75, 2, 75, 4500.00, 1, 1, NULL, '2025-09-01 12:36:11', '2025-09-03 04:25:59'),
(76, 2, 76, 2000.00, 1, 1, NULL, '2025-09-01 12:36:11', '2025-09-03 04:25:59'),
(77, 2, 77, 2000.00, 1, 1, NULL, '2025-09-01 12:36:11', '2025-09-03 04:25:59'),
(78, 2, 78, 2500.00, 1, 1, NULL, '2025-09-01 12:36:11', '2025-09-03 04:25:59'),
(79, 2, 79, 4000.00, 1, 1, NULL, '2025-09-01 12:36:11', '2025-09-03 04:25:59'),
(80, 2, 80, 2500.00, 1, 1, NULL, '2025-09-01 12:36:11', '2025-09-03 04:25:59'),
(81, 2, 81, 3500.00, 1, 1, NULL, '2025-09-01 12:36:11', '2025-09-03 04:25:59'),
(82, 2, 82, 5000.00, 1, 1, NULL, '2025-09-01 12:36:11', '2025-09-03 04:25:59'),
(83, 2, 83, 7000.00, 1, 1, NULL, '2025-09-01 12:36:11', '2025-09-03 04:25:59'),
(84, 2, 84, 5000.00, 1, 1, NULL, '2025-09-01 12:36:11', '2025-09-03 04:25:59'),
(85, 2, 85, 9000.00, 1, 1, NULL, '2025-09-01 12:36:11', '2025-09-03 04:25:59'),
(86, 2, 86, 4000.00, 1, 1, NULL, '2025-09-01 12:36:11', '2025-09-03 04:25:59'),
(87, 2, 87, 7500.00, 1, 1, NULL, '2025-09-01 12:36:11', '2025-09-03 04:25:59'),
(88, 2, 88, 8000.00, 1, 1, NULL, '2025-09-01 12:36:11', '2025-09-03 04:25:59'),
(89, 2, 89, 7500.00, 1, 1, NULL, '2025-09-01 12:36:11', '2025-09-03 04:25:59'),
(90, 2, 90, 9500.00, 1, 1, NULL, '2025-09-01 12:36:11', '2025-09-03 04:25:59'),
(91, 2, 91, 8000.00, 1, 1, NULL, '2025-09-01 12:36:11', '2025-09-03 04:25:59'),
(92, 2, 92, 9000.00, 1, 1, NULL, '2025-09-01 12:36:12', '2025-09-03 04:25:59'),
(93, 2, 93, 10000.00, 1, 1, NULL, '2025-09-01 12:36:12', '2025-09-03 04:25:59'),
(94, 1, 1, 1400.00, 2, 1, NULL, '2025-09-03 04:53:09', '2025-09-11 05:30:18'),
(95, 1, 2, 2000.00, 1, 1, NULL, '2025-09-01 12:36:12', '2025-10-08 09:20:59'),
(96, 1, 3, 2800.00, 3, 1, NULL, '2025-09-01 12:36:12', '2025-10-08 09:50:08'),
(97, 1, 4, 2000.00, 1, 1, NULL, '2025-09-01 12:36:12', '2025-10-08 09:51:40'),
(98, 1, 5, 4500.00, 1, 1, NULL, '2025-09-01 12:36:12', '2025-09-03 04:25:59'),
(99, 1, 6, 3000.00, 1, 1, NULL, '2025-09-01 12:36:12', '2025-09-03 04:25:59'),
(100, 1, 7, 3000.00, 1, 1, NULL, '2025-09-01 12:36:12', '2025-09-03 04:25:59'),
(101, 1, 8, 2700.00, 1, 1, NULL, '2025-09-01 12:36:12', '2025-09-03 04:25:59'),
(102, 1, 9, 5000.00, 1, 1, NULL, '2025-09-01 12:36:12', '2025-09-03 04:25:59'),
(103, 1, 10, 1500.00, 1, 1, NULL, '2025-09-01 12:36:12', '2025-09-03 04:25:59'),
(104, 1, 11, 6500.00, 1, 1, NULL, '2025-09-01 12:36:12', '2025-09-03 04:25:59'),
(105, 1, 12, 3000.00, 1, 1, NULL, '2025-09-01 12:36:12', '2025-09-03 04:25:59'),
(106, 1, 13, 4500.00, 1, 1, NULL, '2025-09-01 12:36:12', '2025-09-03 04:25:59'),
(107, 1, 14, 2000.00, 1, 1, NULL, '2025-09-01 12:36:12', '2025-09-03 04:25:59'),
(108, 1, 15, 2000.00, 1, 1, NULL, '2025-09-01 12:36:12', '2025-09-03 04:25:59'),
(109, 1, 16, 2500.00, 1, 1, NULL, '2025-09-01 12:36:12', '2025-09-03 04:25:59'),
(110, 1, 17, 4000.00, 1, 1, NULL, '2025-09-01 12:36:12', '2025-09-03 04:25:59'),
(111, 1, 18, 2500.00, 1, 1, NULL, '2025-09-01 12:36:12', '2025-09-03 04:25:59'),
(112, 1, 19, 3500.00, 1, 1, NULL, '2025-09-01 12:36:12', '2025-09-03 04:25:59'),
(113, 1, 20, 5000.00, 1, 1, NULL, '2025-09-01 12:36:12', '2025-09-03 04:25:59'),
(114, 1, 21, 7000.00, 1, 1, NULL, '2025-09-01 12:36:12', '2025-09-03 04:25:59'),
(115, 1, 22, 5000.00, 1, 1, NULL, '2025-09-01 12:36:12', '2025-09-03 04:25:59'),
(116, 1, 23, 9000.00, 1, 1, NULL, '2025-09-01 12:36:12', '2025-09-03 04:25:59'),
(117, 1, 24, 4000.00, 1, 1, NULL, '2025-09-01 12:36:12', '2025-09-03 04:25:59'),
(118, 1, 25, 7500.00, 1, 1, NULL, '2025-09-01 12:36:12', '2025-09-03 04:25:59'),
(119, 1, 26, 8000.00, 1, 1, NULL, '2025-09-01 12:36:12', '2025-09-03 04:25:59'),
(120, 1, 27, 7500.00, 1, 1, NULL, '2025-09-01 12:36:12', '2025-09-03 04:25:59'),
(121, 1, 28, 9500.00, 1, 1, NULL, '2025-09-01 12:36:12', '2025-09-03 04:25:59'),
(122, 1, 29, 8000.00, 1, 1, NULL, '2025-09-01 12:36:12', '2025-09-03 04:25:59'),
(123, 1, 30, 9000.00, 1, 1, NULL, '2025-09-01 12:36:12', '2025-09-03 04:25:59'),
(124, 1, 31, 10000.00, 1, 1, NULL, '2025-09-01 12:36:12', '2025-09-03 04:25:59'),
(125, 1, 32, 1100.00, 1, 1, NULL, '2025-09-01 12:36:12', '2025-09-03 04:25:59'),
(126, 1, 33, 2000.00, 1, 1, NULL, '2025-09-01 12:36:12', '2025-09-03 04:25:59'),
(127, 1, 34, 2800.00, 1, 1, NULL, '2025-09-01 12:36:12', '2025-09-03 04:25:59'),
(128, 1, 35, 2000.00, 1, 1, NULL, '2025-09-01 12:36:12', '2025-09-03 04:25:59'),
(129, 1, 36, 4500.00, 1, 1, NULL, '2025-09-01 12:36:12', '2025-09-03 04:25:59'),
(130, 1, 37, 3000.00, 1, 1, NULL, '2025-09-01 12:36:12', '2025-09-03 04:25:59'),
(131, 1, 38, 3000.00, 1, 1, NULL, '2025-09-01 12:36:12', '2025-09-03 04:25:59'),
(132, 1, 39, 2700.00, 1, 1, NULL, '2025-09-01 12:36:12', '2025-09-03 04:25:59'),
(133, 1, 40, 5000.00, 1, 1, NULL, '2025-09-01 12:36:12', '2025-09-03 04:25:59'),
(134, 1, 41, 1500.00, 1, 1, NULL, '2025-09-01 12:36:12', '2025-09-03 04:25:59'),
(135, 1, 42, 6500.00, 1, 1, NULL, '2025-09-01 12:36:12', '2025-09-03 04:25:59'),
(136, 1, 43, 3000.00, 1, 1, NULL, '2025-09-01 12:36:12', '2025-09-03 04:25:59'),
(137, 1, 44, 4500.00, 1, 1, NULL, '2025-09-01 12:36:12', '2025-09-03 04:25:59'),
(138, 1, 45, 2000.00, 1, 1, NULL, '2025-09-01 12:36:12', '2025-09-03 04:25:59'),
(139, 1, 46, 2000.00, 1, 1, NULL, '2025-09-01 12:36:12', '2025-09-03 04:25:59'),
(140, 1, 47, 2500.00, 1, 1, NULL, '2025-09-01 12:36:12', '2025-09-03 04:25:59'),
(141, 1, 48, 4000.00, 1, 1, NULL, '2025-09-01 12:36:12', '2025-09-03 04:25:59'),
(142, 1, 49, 2500.00, 1, 1, NULL, '2025-09-01 12:36:12', '2025-09-03 04:25:59'),
(143, 1, 50, 3500.00, 1, 1, NULL, '2025-09-01 12:36:12', '2025-09-03 04:25:59'),
(144, 1, 51, 5000.00, 1, 1, NULL, '2025-09-01 12:36:12', '2025-09-03 04:25:59'),
(145, 1, 52, 7000.00, 1, 1, NULL, '2025-09-01 12:36:12', '2025-09-03 04:25:59'),
(146, 1, 53, 5000.00, 1, 1, NULL, '2025-09-01 12:36:12', '2025-09-03 04:25:59'),
(147, 1, 54, 9000.00, 1, 1, NULL, '2025-09-01 12:36:12', '2025-09-03 04:25:59'),
(148, 1, 55, 4000.00, 1, 1, NULL, '2025-09-01 12:36:12', '2025-09-03 04:25:59'),
(149, 1, 56, 7500.00, 1, 1, NULL, '2025-09-01 12:36:12', '2025-09-03 04:25:59'),
(150, 1, 57, 8000.00, 1, 1, NULL, '2025-09-01 12:36:12', '2025-09-03 04:25:59'),
(151, 1, 58, 7500.00, 1, 1, NULL, '2025-09-01 12:36:12', '2025-09-03 04:25:59'),
(152, 1, 59, 9500.00, 1, 1, NULL, '2025-09-01 12:36:12', '2025-09-03 04:25:59'),
(153, 1, 60, 8000.00, 1, 1, NULL, '2025-09-01 12:36:12', '2025-09-03 04:25:59'),
(154, 1, 61, 9000.00, 1, 1, NULL, '2025-09-01 12:36:12', '2025-09-03 04:25:59'),
(155, 1, 62, 10000.00, 1, 1, NULL, '2025-09-01 12:36:12', '2025-09-03 04:25:59'),
(156, 1, 63, 1100.00, 1, 1, NULL, '2025-09-01 12:36:12', '2025-09-03 04:25:59'),
(157, 1, 64, 2000.00, 1, 1, NULL, '2025-09-01 12:36:12', '2025-09-03 04:25:59'),
(158, 1, 65, 2800.00, 1, 1, NULL, '2025-09-01 12:36:12', '2025-09-03 04:25:59'),
(159, 1, 66, 2000.00, 1, 1, NULL, '2025-09-01 12:36:12', '2025-09-03 04:25:59'),
(160, 1, 67, 4500.00, 1, 1, NULL, '2025-09-01 12:36:12', '2025-09-03 04:25:59'),
(161, 1, 68, 3000.00, 1, 1, NULL, '2025-09-01 12:36:12', '2025-09-03 04:25:59'),
(162, 1, 69, 3000.00, 1, 1, NULL, '2025-09-01 12:36:12', '2025-09-03 04:25:59'),
(163, 1, 70, 2700.00, 1, 1, NULL, '2025-09-01 12:36:12', '2025-09-03 04:25:59'),
(164, 1, 71, 5000.00, 1, 1, NULL, '2025-09-01 12:36:12', '2025-09-03 04:25:59'),
(165, 1, 72, 1500.00, 1, 1, NULL, '2025-09-01 12:36:12', '2025-09-03 04:25:59'),
(166, 1, 73, 6500.00, 1, 1, NULL, '2025-09-01 12:36:12', '2025-09-03 04:25:59'),
(167, 1, 74, 3000.00, 1, 1, NULL, '2025-09-01 12:36:12', '2025-09-03 04:25:59'),
(168, 1, 75, 4500.00, 1, 1, NULL, '2025-09-01 12:36:12', '2025-09-03 04:25:59'),
(169, 1, 76, 2000.00, 1, 1, NULL, '2025-09-01 12:36:12', '2025-09-03 04:25:59'),
(170, 1, 77, 2000.00, 1, 1, NULL, '2025-09-01 12:36:12', '2025-09-03 04:25:59'),
(171, 1, 78, 2500.00, 1, 1, NULL, '2025-09-01 12:36:12', '2025-09-03 04:25:59'),
(172, 1, 79, 4000.00, 1, 1, NULL, '2025-09-01 12:36:12', '2025-09-03 04:25:59'),
(173, 1, 80, 2500.00, 1, 1, NULL, '2025-09-01 12:36:12', '2025-09-03 04:25:59'),
(174, 1, 81, 3500.00, 1, 1, NULL, '2025-09-01 12:36:12', '2025-09-03 04:25:59'),
(175, 1, 82, 5000.00, 1, 1, NULL, '2025-09-01 12:36:12', '2025-09-03 04:25:59'),
(176, 1, 83, 7000.00, 1, 1, NULL, '2025-09-01 12:36:12', '2025-09-03 04:25:59'),
(177, 1, 84, 5000.00, 1, 1, NULL, '2025-09-01 12:36:12', '2025-09-03 04:25:59'),
(178, 1, 85, 9000.00, 1, 1, NULL, '2025-09-01 12:36:12', '2025-09-03 04:25:59'),
(179, 1, 86, 4000.00, 1, 1, NULL, '2025-09-01 12:36:12', '2025-09-03 04:25:59'),
(180, 1, 87, 7500.00, 1, 1, NULL, '2025-09-01 12:36:12', '2025-09-03 04:25:59'),
(181, 1, 88, 8000.00, 1, 1, NULL, '2025-09-01 12:36:12', '2025-09-03 04:25:59'),
(182, 1, 89, 7500.00, 1, 1, NULL, '2025-09-01 12:36:12', '2025-09-03 04:25:59'),
(183, 1, 90, 9500.00, 1, 1, NULL, '2025-09-01 12:36:12', '2025-09-03 04:25:59'),
(184, 1, 91, 8000.00, 1, 1, NULL, '2025-09-01 12:36:12', '2025-09-03 04:25:59'),
(185, 1, 92, 9000.00, 1, 1, NULL, '2025-09-01 12:36:12', '2025-09-03 04:25:59'),
(186, 1, 93, 10000.00, 1, 1, NULL, '2025-09-01 12:36:12', '2025-09-03 04:25:59'),
(187, 4, 1, 1100.00, 1, 1, NULL, '2025-09-01 12:36:12', '2025-09-03 04:25:59'),
(188, 4, 2, 2000.00, 1, 1, NULL, '2025-09-01 12:36:12', '2025-09-03 04:25:59'),
(189, 4, 3, 2800.00, 1, 1, NULL, '2025-09-01 12:36:12', '2025-09-03 04:25:59'),
(190, 4, 4, 2000.00, 1, 1, NULL, '2025-09-01 12:36:12', '2025-09-03 04:25:59'),
(191, 4, 5, 4500.00, 1, 1, NULL, '2025-09-01 12:36:12', '2025-09-03 04:25:59'),
(192, 4, 6, 3000.00, 1, 1, NULL, '2025-09-01 12:36:12', '2025-09-03 04:25:59'),
(193, 4, 7, 3000.00, 1, 1, NULL, '2025-09-01 12:36:12', '2025-09-03 04:25:59'),
(194, 4, 8, 2700.00, 1, 1, NULL, '2025-09-01 12:36:12', '2025-09-03 04:25:59'),
(195, 4, 9, 5000.00, 1, 1, NULL, '2025-09-01 12:36:12', '2025-09-03 04:25:59'),
(196, 4, 10, 1500.00, 1, 1, NULL, '2025-09-01 12:36:12', '2025-09-03 04:25:59'),
(197, 4, 11, 6500.00, 1, 1, NULL, '2025-09-01 12:36:12', '2025-09-03 04:25:59'),
(198, 4, 12, 3000.00, 1, 1, NULL, '2025-09-01 12:36:12', '2025-09-03 04:25:59'),
(199, 4, 13, 4500.00, 1, 1, NULL, '2025-09-01 12:36:12', '2025-09-03 04:25:59'),
(200, 4, 14, 2000.00, 1, 1, NULL, '2025-09-01 12:36:12', '2025-09-03 04:25:59'),
(201, 4, 15, 2000.00, 1, 1, NULL, '2025-09-01 12:36:12', '2025-09-03 04:25:59'),
(202, 4, 16, 2500.00, 1, 1, NULL, '2025-09-01 12:36:12', '2025-09-03 04:25:59'),
(203, 4, 17, 4000.00, 1, 1, NULL, '2025-09-01 12:36:12', '2025-09-03 04:25:59'),
(204, 4, 18, 2500.00, 1, 1, NULL, '2025-09-01 12:36:12', '2025-09-03 04:25:59'),
(205, 4, 19, 3500.00, 1, 1, NULL, '2025-09-01 12:36:12', '2025-09-03 04:25:59'),
(206, 4, 20, 5000.00, 1, 1, NULL, '2025-09-01 12:36:12', '2025-09-03 04:25:59'),
(207, 4, 21, 7000.00, 1, 1, NULL, '2025-09-01 12:36:12', '2025-09-03 04:25:59'),
(208, 4, 22, 5000.00, 1, 1, NULL, '2025-09-01 12:36:12', '2025-09-03 04:25:59'),
(209, 4, 23, 9000.00, 1, 1, NULL, '2025-09-01 12:36:12', '2025-09-03 04:25:59'),
(210, 4, 24, 4000.00, 1, 1, NULL, '2025-09-01 12:36:12', '2025-09-03 04:25:59'),
(211, 4, 25, 7500.00, 1, 1, NULL, '2025-09-01 12:36:12', '2025-09-03 04:25:59'),
(212, 4, 26, 8000.00, 1, 1, NULL, '2025-09-01 12:36:12', '2025-09-03 04:25:59'),
(213, 4, 27, 7500.00, 1, 1, NULL, '2025-09-01 12:36:12', '2025-09-03 04:25:59'),
(214, 4, 28, 9500.00, 1, 1, NULL, '2025-09-01 12:36:12', '2025-09-03 04:25:59'),
(215, 4, 29, 8000.00, 1, 1, NULL, '2025-09-01 12:36:12', '2025-09-03 04:25:59'),
(216, 4, 30, 9000.00, 1, 1, NULL, '2025-09-01 12:36:12', '2025-09-03 04:25:59'),
(217, 4, 31, 10000.00, 1, 1, NULL, '2025-09-01 12:36:12', '2025-09-03 04:25:59'),
(218, 4, 32, 1100.00, 1, 1, NULL, '2025-09-01 12:36:12', '2025-09-03 04:25:59'),
(219, 4, 33, 2000.00, 1, 1, NULL, '2025-09-01 12:36:12', '2025-09-03 04:25:59'),
(220, 4, 34, 2800.00, 1, 1, NULL, '2025-09-01 12:36:12', '2025-09-03 04:25:59'),
(221, 4, 35, 2000.00, 1, 1, NULL, '2025-09-01 12:36:12', '2025-09-03 04:25:59'),
(222, 4, 36, 4500.00, 1, 1, NULL, '2025-09-01 12:36:12', '2025-09-03 04:25:59'),
(223, 4, 37, 3000.00, 1, 1, NULL, '2025-09-01 12:36:12', '2025-09-03 04:25:59'),
(224, 4, 38, 3000.00, 1, 1, NULL, '2025-09-01 12:36:12', '2025-09-03 04:25:59'),
(225, 4, 39, 2700.00, 1, 1, NULL, '2025-09-01 12:36:12', '2025-09-03 04:25:59'),
(226, 4, 40, 5000.00, 1, 1, NULL, '2025-09-01 12:36:12', '2025-09-03 04:25:59'),
(227, 4, 41, 1500.00, 1, 1, NULL, '2025-09-01 12:36:12', '2025-09-03 04:25:59'),
(228, 4, 42, 6500.00, 1, 1, NULL, '2025-09-01 12:36:12', '2025-09-03 04:25:59'),
(229, 4, 43, 3000.00, 1, 1, NULL, '2025-09-01 12:36:12', '2025-09-03 04:25:59'),
(230, 4, 44, 4500.00, 1, 1, NULL, '2025-09-01 12:36:12', '2025-09-03 04:25:59'),
(231, 4, 45, 2000.00, 1, 1, NULL, '2025-09-01 12:36:12', '2025-09-03 04:25:59'),
(232, 4, 46, 2000.00, 1, 1, NULL, '2025-09-01 12:36:12', '2025-09-03 04:25:59'),
(233, 4, 47, 2500.00, 1, 1, NULL, '2025-09-01 12:36:12', '2025-09-03 04:25:59'),
(234, 4, 48, 4000.00, 1, 1, NULL, '2025-09-01 12:36:12', '2025-09-03 04:25:59'),
(235, 4, 49, 2500.00, 1, 1, NULL, '2025-09-01 12:36:12', '2025-09-03 04:25:59'),
(236, 4, 50, 3500.00, 1, 1, NULL, '2025-09-01 12:36:12', '2025-09-03 04:25:59'),
(237, 4, 51, 5000.00, 1, 1, NULL, '2025-09-01 12:36:12', '2025-09-03 04:25:59'),
(238, 4, 52, 7000.00, 1, 1, NULL, '2025-09-01 12:36:12', '2025-09-03 04:25:59'),
(239, 4, 53, 5000.00, 1, 1, NULL, '2025-09-01 12:36:12', '2025-09-03 04:25:59'),
(240, 4, 54, 9000.00, 1, 1, NULL, '2025-09-01 12:36:12', '2025-09-03 04:25:59'),
(241, 4, 55, 4000.00, 1, 1, NULL, '2025-09-01 12:36:12', '2025-09-03 04:25:59'),
(242, 4, 56, 7500.00, 1, 1, NULL, '2025-09-01 12:36:12', '2025-09-03 04:25:59'),
(243, 4, 57, 8000.00, 1, 1, NULL, '2025-09-01 12:36:12', '2025-09-03 04:25:59'),
(244, 4, 58, 7500.00, 1, 1, NULL, '2025-09-01 12:36:12', '2025-09-03 04:25:59'),
(245, 4, 59, 9500.00, 1, 1, NULL, '2025-09-01 12:36:12', '2025-09-03 04:25:59'),
(246, 4, 60, 8000.00, 1, 1, NULL, '2025-09-01 12:36:12', '2025-09-03 04:25:59'),
(247, 4, 61, 9000.00, 1, 1, NULL, '2025-09-01 12:36:12', '2025-09-03 04:25:59'),
(248, 4, 62, 10000.00, 1, 1, NULL, '2025-09-01 12:36:12', '2025-09-03 04:25:59'),
(249, 4, 63, 1100.00, 1, 1, NULL, '2025-09-01 12:36:12', '2025-09-03 04:25:59'),
(250, 4, 64, 2000.00, 1, 1, NULL, '2025-09-01 12:36:12', '2025-09-03 04:25:59'),
(251, 4, 65, 2800.00, 1, 1, NULL, '2025-09-01 12:36:12', '2025-09-03 04:25:59'),
(252, 4, 66, 2000.00, 1, 1, NULL, '2025-09-01 12:36:12', '2025-09-03 04:25:59'),
(253, 4, 67, 4500.00, 1, 1, NULL, '2025-09-01 12:36:12', '2025-09-03 04:25:59'),
(254, 4, 68, 3000.00, 1, 1, NULL, '2025-09-01 12:36:12', '2025-09-03 04:25:59'),
(255, 4, 69, 3000.00, 1, 1, NULL, '2025-09-01 12:36:12', '2025-09-03 04:25:59'),
(256, 4, 70, 2700.00, 1, 1, NULL, '2025-09-01 12:36:12', '2025-09-03 04:25:59'),
(257, 4, 71, 5000.00, 1, 1, NULL, '2025-09-01 12:36:12', '2025-09-03 04:25:59'),
(258, 4, 72, 1500.00, 1, 1, NULL, '2025-09-01 12:36:12', '2025-09-03 04:25:59'),
(259, 4, 73, 6500.00, 1, 1, NULL, '2025-09-01 12:36:12', '2025-09-03 04:25:59'),
(260, 4, 74, 3000.00, 1, 1, NULL, '2025-09-01 12:36:12', '2025-09-03 04:25:59'),
(261, 4, 75, 4500.00, 1, 1, NULL, '2025-09-01 12:36:12', '2025-09-03 04:25:59'),
(262, 4, 76, 2000.00, 1, 1, NULL, '2025-09-01 12:36:12', '2025-09-03 04:25:59'),
(263, 4, 77, 2000.00, 1, 1, NULL, '2025-09-01 12:36:12', '2025-09-03 04:25:59'),
(264, 4, 78, 2500.00, 1, 1, NULL, '2025-09-01 12:36:12', '2025-09-03 04:25:59'),
(265, 4, 79, 4000.00, 1, 1, NULL, '2025-09-01 12:36:12', '2025-09-03 04:25:59'),
(266, 4, 80, 2500.00, 1, 1, NULL, '2025-09-01 12:36:12', '2025-09-03 04:25:59'),
(267, 4, 81, 3500.00, 1, 1, NULL, '2025-09-01 12:36:12', '2025-09-03 04:25:59'),
(268, 4, 82, 5000.00, 1, 1, NULL, '2025-09-01 12:36:12', '2025-09-03 04:25:59'),
(269, 4, 83, 7000.00, 1, 1, NULL, '2025-09-01 12:36:12', '2025-09-03 04:25:59'),
(270, 4, 84, 5000.00, 1, 1, NULL, '2025-09-01 12:36:12', '2025-09-03 04:25:59'),
(271, 4, 85, 9000.00, 1, 1, NULL, '2025-09-01 12:36:12', '2025-09-03 04:25:59'),
(272, 4, 86, 4000.00, 1, 1, NULL, '2025-09-01 12:36:12', '2025-09-03 04:25:59'),
(273, 4, 87, 7500.00, 1, 1, NULL, '2025-09-01 12:36:12', '2025-09-03 04:25:59'),
(274, 4, 88, 8000.00, 1, 1, NULL, '2025-09-01 12:36:12', '2025-09-03 04:25:59'),
(275, 4, 89, 7500.00, 1, 1, NULL, '2025-09-01 12:36:12', '2025-09-03 04:25:59'),
(276, 4, 90, 9500.00, 1, 1, NULL, '2025-09-01 12:36:12', '2025-09-03 04:25:59'),
(277, 4, 91, 8000.00, 1, 1, NULL, '2025-09-01 12:36:12', '2025-09-03 04:25:59'),
(278, 4, 92, 9000.00, 1, 1, NULL, '2025-09-01 12:36:12', '2025-09-03 04:25:59'),
(279, 4, 93, 10000.00, 1, 1, NULL, '2025-09-01 12:36:12', '2025-09-03 04:25:59'),
(280, 5, 1, 1100.00, 1, 1, NULL, '2025-09-01 12:36:12', '2025-09-03 04:25:59'),
(281, 5, 2, 2000.00, 1, 1, NULL, '2025-09-01 12:36:12', '2025-09-03 04:25:59'),
(282, 5, 3, 2800.00, 1, 1, NULL, '2025-09-01 12:36:12', '2025-09-03 04:25:59'),
(283, 5, 4, 2000.00, 1, 1, NULL, '2025-09-01 12:36:12', '2025-09-03 04:25:59'),
(284, 5, 5, 4500.00, 1, 1, NULL, '2025-09-01 12:36:12', '2025-09-03 04:25:59'),
(285, 5, 6, 3000.00, 1, 1, NULL, '2025-09-01 12:36:12', '2025-09-03 04:25:59'),
(286, 5, 7, 3000.00, 1, 1, NULL, '2025-09-01 12:36:12', '2025-09-03 04:25:59'),
(287, 5, 8, 2700.00, 1, 1, NULL, '2025-09-01 12:36:12', '2025-09-03 04:25:59'),
(288, 5, 9, 5000.00, 1, 1, NULL, '2025-09-01 12:36:12', '2025-09-03 04:25:59'),
(289, 5, 10, 1500.00, 1, 1, NULL, '2025-09-01 12:36:12', '2025-09-03 04:25:59'),
(290, 5, 11, 6500.00, 1, 1, NULL, '2025-09-01 12:36:12', '2025-09-03 04:25:59'),
(291, 5, 12, 3000.00, 1, 1, NULL, '2025-09-01 12:36:12', '2025-09-03 04:25:59'),
(292, 5, 13, 4500.00, 1, 1, NULL, '2025-09-01 12:36:12', '2025-09-03 04:25:59'),
(293, 5, 14, 2000.00, 1, 1, NULL, '2025-09-01 12:36:12', '2025-09-03 04:25:59'),
(294, 5, 15, 2000.00, 1, 1, NULL, '2025-09-01 12:36:12', '2025-09-03 04:25:59'),
(295, 5, 16, 2500.00, 1, 1, NULL, '2025-09-01 12:36:12', '2025-09-03 04:25:59'),
(296, 5, 17, 4000.00, 1, 1, NULL, '2025-09-01 12:36:12', '2025-09-03 04:25:59'),
(297, 5, 18, 2500.00, 1, 1, NULL, '2025-09-01 12:36:12', '2025-09-03 04:25:59'),
(298, 5, 19, 3500.00, 1, 1, NULL, '2025-09-01 12:36:12', '2025-09-03 04:25:59'),
(299, 5, 20, 5000.00, 1, 1, NULL, '2025-09-01 12:36:12', '2025-09-03 04:25:59'),
(300, 5, 21, 7000.00, 1, 1, NULL, '2025-09-01 12:36:12', '2025-09-03 04:25:59'),
(301, 5, 22, 5000.00, 1, 1, NULL, '2025-09-01 12:36:12', '2025-09-03 04:25:59'),
(302, 5, 23, 9000.00, 1, 1, NULL, '2025-09-01 12:36:12', '2025-09-03 04:25:59'),
(303, 5, 24, 4000.00, 1, 1, NULL, '2025-09-01 12:36:12', '2025-09-03 04:25:59'),
(304, 5, 25, 7500.00, 1, 1, NULL, '2025-09-01 12:36:12', '2025-09-03 04:25:59'),
(305, 5, 26, 8000.00, 1, 1, NULL, '2025-09-01 12:36:12', '2025-09-03 04:25:59'),
(306, 5, 27, 7500.00, 1, 1, NULL, '2025-09-01 12:36:12', '2025-09-03 04:25:59'),
(307, 5, 28, 9500.00, 1, 1, NULL, '2025-09-01 12:36:12', '2025-09-03 04:25:59'),
(308, 5, 29, 8000.00, 1, 1, NULL, '2025-09-01 12:36:12', '2025-09-03 04:25:59'),
(309, 5, 30, 9000.00, 1, 1, NULL, '2025-09-01 12:36:12', '2025-09-03 04:25:59'),
(310, 5, 31, 10000.00, 1, 1, NULL, '2025-09-01 12:36:12', '2025-09-03 04:25:59'),
(311, 5, 32, 1100.00, 1, 1, NULL, '2025-09-01 12:36:12', '2025-09-03 04:25:59'),
(312, 5, 33, 2000.00, 1, 1, NULL, '2025-09-01 12:36:12', '2025-09-03 04:25:59'),
(313, 5, 34, 2800.00, 1, 1, NULL, '2025-09-01 12:36:12', '2025-09-03 04:25:59'),
(314, 5, 35, 2000.00, 1, 1, NULL, '2025-09-01 12:36:12', '2025-09-03 04:25:59'),
(315, 5, 36, 4500.00, 1, 1, NULL, '2025-09-01 12:36:12', '2025-09-03 04:25:59'),
(316, 5, 37, 3000.00, 1, 1, NULL, '2025-09-01 12:36:12', '2025-09-03 04:25:59'),
(317, 5, 38, 3000.00, 1, 1, NULL, '2025-09-01 12:36:12', '2025-09-03 04:25:59'),
(318, 5, 39, 2700.00, 1, 1, NULL, '2025-09-01 12:36:12', '2025-09-03 04:25:59'),
(319, 5, 40, 5000.00, 1, 1, NULL, '2025-09-01 12:36:12', '2025-09-03 04:25:59'),
(320, 5, 41, 1500.00, 1, 1, NULL, '2025-09-01 12:36:12', '2025-09-03 04:25:59'),
(321, 5, 42, 6500.00, 1, 1, NULL, '2025-09-01 12:36:12', '2025-09-03 04:25:59'),
(322, 5, 43, 3000.00, 1, 1, NULL, '2025-09-01 12:36:12', '2025-09-03 04:25:59'),
(323, 5, 44, 4500.00, 1, 1, NULL, '2025-09-01 12:36:12', '2025-09-03 04:25:59'),
(324, 5, 45, 2000.00, 1, 1, NULL, '2025-09-01 12:36:12', '2025-09-03 04:25:59'),
(325, 5, 46, 2000.00, 1, 1, NULL, '2025-09-01 12:36:12', '2025-09-03 04:25:59'),
(326, 5, 47, 2500.00, 1, 1, NULL, '2025-09-01 12:36:12', '2025-09-03 04:25:59'),
(327, 5, 48, 4000.00, 1, 1, NULL, '2025-09-01 12:36:12', '2025-09-03 04:25:59'),
(328, 5, 49, 2500.00, 1, 1, NULL, '2025-09-01 12:36:12', '2025-09-03 04:25:59'),
(329, 5, 50, 3500.00, 1, 1, NULL, '2025-09-01 12:36:12', '2025-09-03 04:25:59'),
(330, 5, 51, 5000.00, 1, 1, NULL, '2025-09-01 12:36:12', '2025-09-03 04:25:59'),
(331, 5, 52, 7000.00, 1, 1, NULL, '2025-09-01 12:36:12', '2025-09-03 04:25:59'),
(332, 5, 53, 5000.00, 1, 1, NULL, '2025-09-01 12:36:12', '2025-09-03 04:25:59'),
(333, 5, 54, 9000.00, 1, 1, NULL, '2025-09-01 12:36:12', '2025-09-03 04:25:59'),
(334, 5, 55, 4000.00, 1, 1, NULL, '2025-09-01 12:36:12', '2025-09-03 04:25:59'),
(335, 5, 56, 7500.00, 1, 1, NULL, '2025-09-01 12:36:12', '2025-09-03 04:25:59'),
(336, 5, 57, 8000.00, 1, 1, NULL, '2025-09-01 12:36:12', '2025-09-03 04:25:59'),
(337, 5, 58, 7500.00, 1, 1, NULL, '2025-09-01 12:36:12', '2025-09-03 04:25:59'),
(338, 5, 59, 9500.00, 1, 1, NULL, '2025-09-01 12:36:12', '2025-09-03 04:25:59'),
(339, 5, 60, 8000.00, 1, 1, NULL, '2025-09-01 12:36:12', '2025-09-03 04:25:59'),
(340, 5, 61, 9000.00, 1, 1, NULL, '2025-09-01 12:36:12', '2025-09-03 04:25:59'),
(341, 5, 62, 10000.00, 1, 1, NULL, '2025-09-01 12:36:12', '2025-09-03 04:25:59'),
(342, 5, 63, 1100.00, 1, 1, NULL, '2025-09-01 12:36:12', '2025-09-03 04:25:59'),
(343, 5, 64, 2000.00, 1, 1, NULL, '2025-09-01 12:36:12', '2025-09-03 04:25:59'),
(344, 5, 65, 2800.00, 1, 1, NULL, '2025-09-01 12:36:12', '2025-09-03 04:25:59'),
(345, 5, 66, 2000.00, 1, 1, NULL, '2025-09-01 12:36:12', '2025-09-03 04:25:59'),
(346, 5, 67, 4500.00, 1, 1, NULL, '2025-09-01 12:36:12', '2025-09-03 04:25:59'),
(347, 5, 68, 3000.00, 1, 1, NULL, '2025-09-01 12:36:12', '2025-09-03 04:25:59'),
(348, 5, 69, 3000.00, 1, 1, NULL, '2025-09-01 12:36:12', '2025-09-03 04:25:59'),
(349, 5, 70, 2700.00, 1, 1, NULL, '2025-09-01 12:36:12', '2025-09-03 04:25:59'),
(350, 5, 71, 5000.00, 1, 1, NULL, '2025-09-01 12:36:12', '2025-09-03 04:25:59'),
(351, 5, 72, 1500.00, 1, 1, NULL, '2025-09-01 12:36:12', '2025-09-03 04:25:59'),
(352, 5, 73, 6500.00, 1, 1, NULL, '2025-09-01 12:36:12', '2025-09-03 04:25:59'),
(353, 5, 74, 3000.00, 1, 1, NULL, '2025-09-01 12:36:12', '2025-09-03 04:25:59'),
(354, 5, 75, 4500.00, 1, 1, NULL, '2025-09-01 12:36:12', '2025-09-03 04:25:59'),
(355, 5, 76, 2000.00, 1, 1, NULL, '2025-09-01 12:36:12', '2025-09-03 04:25:59'),
(356, 5, 77, 2000.00, 1, 1, NULL, '2025-09-01 12:36:12', '2025-09-03 04:25:59'),
(357, 5, 78, 2500.00, 1, 1, NULL, '2025-09-01 12:36:12', '2025-09-03 04:25:59'),
(358, 5, 79, 4000.00, 1, 1, NULL, '2025-09-01 12:36:12', '2025-09-03 04:25:59'),
(359, 5, 80, 2500.00, 1, 1, NULL, '2025-09-01 12:36:12', '2025-09-03 04:25:59'),
(360, 5, 81, 3500.00, 1, 1, NULL, '2025-09-01 12:36:12', '2025-09-03 04:25:59'),
(361, 5, 82, 5000.00, 1, 1, NULL, '2025-09-01 12:36:12', '2025-09-03 04:25:59'),
(362, 5, 83, 7000.00, 1, 1, NULL, '2025-09-01 12:36:12', '2025-09-03 04:25:59'),
(363, 5, 84, 5000.00, 1, 1, NULL, '2025-09-01 12:36:12', '2025-09-03 04:25:59'),
(364, 5, 85, 9000.00, 1, 1, NULL, '2025-09-01 12:36:12', '2025-09-03 04:25:59'),
(365, 5, 86, 4000.00, 1, 1, NULL, '2025-09-01 12:36:12', '2025-09-03 04:25:59'),
(366, 5, 87, 7500.00, 1, 1, NULL, '2025-09-01 12:36:12', '2025-09-03 04:25:59'),
(367, 5, 88, 8000.00, 1, 1, NULL, '2025-09-01 12:36:12', '2025-09-03 04:25:59'),
(368, 5, 89, 7500.00, 1, 1, NULL, '2025-09-01 12:36:12', '2025-09-03 04:25:59'),
(369, 5, 90, 9500.00, 1, 1, NULL, '2025-09-01 12:36:12', '2025-09-03 04:25:59'),
(370, 5, 91, 8000.00, 1, 1, NULL, '2025-09-01 12:36:12', '2025-09-03 04:25:59'),
(371, 5, 92, 9000.00, 1, 1, NULL, '2025-09-01 12:36:12', '2025-09-03 04:25:59'),
(372, 5, 93, 10000.00, 1, 1, NULL, '2025-09-01 12:36:12', '2025-09-03 04:25:59'),
(373, 3, 1, 1100.00, 1, 1, NULL, '2025-09-01 12:36:12', '2025-09-03 04:25:59'),
(374, 3, 2, 2000.00, 1, 1, NULL, '2025-09-01 12:36:12', '2025-09-03 04:25:59'),
(375, 3, 3, 2800.00, 1, 1, NULL, '2025-09-01 12:36:12', '2025-09-03 04:25:59'),
(376, 3, 4, 2000.00, 1, 1, NULL, '2025-09-01 12:36:12', '2025-09-03 04:25:59'),
(377, 3, 5, 4500.00, 1, 1, NULL, '2025-09-01 12:36:12', '2025-09-03 04:25:59'),
(378, 3, 6, 3000.00, 1, 1, NULL, '2025-09-01 12:36:12', '2025-09-03 04:25:59'),
(379, 3, 7, 3000.00, 1, 1, NULL, '2025-09-01 12:36:12', '2025-09-03 04:25:59'),
(380, 3, 8, 2700.00, 1, 1, NULL, '2025-09-01 12:36:12', '2025-09-03 04:25:59'),
(381, 3, 9, 5000.00, 1, 1, NULL, '2025-09-01 12:36:12', '2025-09-03 04:25:59'),
(382, 3, 10, 1500.00, 1, 1, NULL, '2025-09-01 12:36:12', '2025-09-03 04:25:59'),
(383, 3, 11, 6500.00, 1, 1, NULL, '2025-09-01 12:36:12', '2025-09-03 04:25:59'),
(384, 3, 12, 3000.00, 1, 1, NULL, '2025-09-01 12:36:12', '2025-09-03 04:25:59'),
(385, 3, 13, 4500.00, 1, 1, NULL, '2025-09-01 12:36:12', '2025-09-03 04:25:59'),
(386, 3, 14, 2000.00, 1, 1, NULL, '2025-09-01 12:36:12', '2025-09-03 04:25:59'),
(387, 3, 15, 2000.00, 1, 1, NULL, '2025-09-01 12:36:12', '2025-09-03 04:25:59'),
(388, 3, 16, 2500.00, 1, 1, NULL, '2025-09-01 12:36:12', '2025-09-03 04:25:59'),
(389, 3, 17, 4000.00, 1, 1, NULL, '2025-09-01 12:36:12', '2025-09-03 04:25:59'),
(390, 3, 18, 2500.00, 1, 1, NULL, '2025-09-01 12:36:12', '2025-09-03 04:25:59'),
(391, 3, 19, 3500.00, 1, 1, NULL, '2025-09-01 12:36:12', '2025-09-03 04:25:59'),
(392, 3, 20, 5000.00, 1, 1, NULL, '2025-09-01 12:36:12', '2025-09-03 04:25:59'),
(393, 3, 21, 7000.00, 1, 1, NULL, '2025-09-01 12:36:12', '2025-09-03 04:25:59'),
(394, 3, 22, 5000.00, 1, 1, NULL, '2025-09-01 12:36:12', '2025-09-03 04:25:59'),
(395, 3, 23, 9000.00, 1, 1, NULL, '2025-09-01 12:36:12', '2025-09-03 04:25:59'),
(396, 3, 24, 4000.00, 1, 1, NULL, '2025-09-01 12:36:12', '2025-09-03 04:25:59'),
(397, 3, 25, 7500.00, 1, 1, NULL, '2025-09-01 12:36:13', '2025-09-03 04:25:59'),
(398, 3, 26, 8000.00, 1, 1, NULL, '2025-09-01 12:36:13', '2025-09-03 04:25:59'),
(399, 3, 27, 7500.00, 1, 1, NULL, '2025-09-01 12:36:13', '2025-09-03 04:25:59'),
(400, 3, 28, 9500.00, 1, 1, NULL, '2025-09-01 12:36:13', '2025-09-03 04:25:59'),
(401, 3, 29, 8000.00, 1, 1, NULL, '2025-09-01 12:36:13', '2025-09-03 04:25:59'),
(402, 3, 30, 9000.00, 1, 1, NULL, '2025-09-01 12:36:13', '2025-09-03 04:25:59'),
(403, 3, 31, 10000.00, 1, 1, NULL, '2025-09-01 12:36:13', '2025-09-03 04:25:59'),
(404, 3, 32, 1100.00, 1, 1, NULL, '2025-09-01 12:36:13', '2025-09-03 04:25:59'),
(405, 3, 33, 2000.00, 1, 1, NULL, '2025-09-01 12:36:13', '2025-09-03 04:25:59'),
(406, 3, 34, 2800.00, 1, 1, NULL, '2025-09-01 12:36:13', '2025-09-03 04:25:59'),
(407, 3, 35, 2000.00, 1, 1, NULL, '2025-09-01 12:36:13', '2025-09-03 04:25:59'),
(408, 3, 36, 4500.00, 1, 1, NULL, '2025-09-01 12:36:13', '2025-09-03 04:25:59'),
(409, 3, 37, 3000.00, 1, 1, NULL, '2025-09-01 12:36:13', '2025-09-03 04:25:59'),
(410, 3, 38, 3000.00, 1, 1, NULL, '2025-09-01 12:36:13', '2025-09-03 04:25:59'),
(411, 3, 39, 2700.00, 1, 1, NULL, '2025-09-01 12:36:13', '2025-09-03 04:25:59'),
(412, 3, 40, 5000.00, 1, 1, NULL, '2025-09-01 12:36:13', '2025-09-03 04:25:59'),
(413, 3, 41, 1500.00, 1, 1, NULL, '2025-09-01 12:36:13', '2025-09-03 04:25:59'),
(414, 3, 42, 6500.00, 1, 1, NULL, '2025-09-01 12:36:13', '2025-09-03 04:25:59'),
(415, 3, 43, 3000.00, 1, 1, NULL, '2025-09-01 12:36:13', '2025-09-03 04:25:59'),
(416, 3, 44, 4500.00, 1, 1, NULL, '2025-09-01 12:36:13', '2025-09-03 04:25:59'),
(417, 3, 45, 2000.00, 1, 1, NULL, '2025-09-01 12:36:13', '2025-09-03 04:25:59'),
(418, 3, 46, 2000.00, 1, 1, NULL, '2025-09-01 12:36:13', '2025-09-03 04:25:59'),
(419, 3, 47, 2500.00, 1, 1, NULL, '2025-09-01 12:36:13', '2025-09-03 04:25:59'),
(420, 3, 48, 4000.00, 1, 1, NULL, '2025-09-01 12:36:13', '2025-09-03 04:25:59'),
(421, 3, 49, 2500.00, 1, 1, NULL, '2025-09-01 12:36:13', '2025-09-03 04:25:59'),
(422, 3, 50, 3500.00, 1, 1, NULL, '2025-09-01 12:36:13', '2025-09-03 04:25:59'),
(423, 3, 51, 5000.00, 1, 1, NULL, '2025-09-01 12:36:13', '2025-09-03 04:25:59'),
(424, 3, 52, 7000.00, 1, 1, NULL, '2025-09-01 12:36:13', '2025-09-03 04:25:59'),
(425, 3, 53, 5000.00, 1, 1, NULL, '2025-09-01 12:36:13', '2025-09-03 04:25:59'),
(426, 3, 54, 9000.00, 1, 1, NULL, '2025-09-01 12:36:13', '2025-09-03 04:25:59'),
(427, 3, 55, 4000.00, 1, 1, NULL, '2025-09-01 12:36:13', '2025-09-03 04:25:59'),
(428, 3, 56, 7500.00, 1, 1, NULL, '2025-09-01 12:36:13', '2025-09-03 04:25:59'),
(429, 3, 57, 8000.00, 1, 1, NULL, '2025-09-01 12:36:13', '2025-09-03 04:25:59'),
(430, 3, 58, 7500.00, 1, 1, NULL, '2025-09-01 12:36:13', '2025-09-03 04:25:59'),
(431, 3, 59, 9500.00, 1, 1, NULL, '2025-09-01 12:36:13', '2025-09-03 04:25:59'),
(432, 3, 60, 8000.00, 1, 1, NULL, '2025-09-01 12:36:13', '2025-09-03 04:25:59'),
(433, 3, 61, 9000.00, 1, 1, NULL, '2025-09-01 12:36:13', '2025-09-03 04:25:59'),
(434, 3, 62, 10000.00, 1, 1, NULL, '2025-09-01 12:36:13', '2025-09-03 04:25:59'),
(435, 3, 63, 1100.00, 1, 1, NULL, '2025-09-01 12:36:13', '2025-09-03 04:25:59'),
(436, 3, 64, 2000.00, 1, 1, NULL, '2025-09-01 12:36:13', '2025-09-03 04:25:59'),
(437, 3, 65, 2800.00, 1, 1, NULL, '2025-09-01 12:36:13', '2025-09-03 04:25:59'),
(438, 3, 66, 2000.00, 1, 1, NULL, '2025-09-01 12:36:13', '2025-09-03 04:25:59'),
(439, 3, 67, 4500.00, 1, 1, NULL, '2025-09-01 12:36:13', '2025-09-03 04:25:59'),
(440, 3, 68, 3000.00, 1, 1, NULL, '2025-09-01 12:36:13', '2025-09-03 04:25:59'),
(441, 3, 69, 3000.00, 1, 1, NULL, '2025-09-01 12:36:13', '2025-09-03 04:25:59'),
(442, 3, 70, 2700.00, 1, 1, NULL, '2025-09-01 12:36:13', '2025-09-03 04:25:59'),
(443, 3, 71, 5000.00, 1, 1, NULL, '2025-09-01 12:36:13', '2025-09-03 04:25:59'),
(444, 3, 72, 1500.00, 1, 1, NULL, '2025-09-01 12:36:13', '2025-09-03 04:25:59'),
(445, 3, 73, 6500.00, 1, 1, NULL, '2025-09-01 12:36:13', '2025-09-03 04:25:59'),
(446, 3, 74, 3000.00, 1, 1, NULL, '2025-09-01 12:36:13', '2025-09-03 04:25:59'),
(447, 3, 75, 4500.00, 1, 1, NULL, '2025-09-01 12:36:13', '2025-09-03 04:25:59'),
(448, 3, 76, 2000.00, 1, 1, NULL, '2025-09-01 12:36:13', '2025-09-03 04:25:59'),
(449, 3, 77, 2000.00, 1, 1, NULL, '2025-09-01 12:36:13', '2025-09-03 04:25:59'),
(450, 3, 78, 2500.00, 1, 1, NULL, '2025-09-01 12:36:13', '2025-09-03 04:25:59'),
(451, 3, 79, 4000.00, 1, 1, NULL, '2025-09-01 12:36:13', '2025-09-03 04:25:59'),
(452, 3, 80, 2500.00, 1, 1, NULL, '2025-09-01 12:36:13', '2025-09-03 04:25:59'),
(453, 3, 81, 3500.00, 1, 1, NULL, '2025-09-01 12:36:13', '2025-09-03 04:25:59'),
(454, 3, 82, 5000.00, 1, 1, NULL, '2025-09-01 12:36:13', '2025-09-03 04:25:59'),
(455, 3, 83, 7000.00, 1, 1, NULL, '2025-09-01 12:36:13', '2025-09-03 04:25:59'),
(456, 3, 84, 5000.00, 1, 1, NULL, '2025-09-01 12:36:13', '2025-09-03 04:25:59'),
(457, 3, 85, 9000.00, 1, 1, NULL, '2025-09-01 12:36:13', '2025-09-03 04:25:59'),
(458, 3, 86, 4000.00, 1, 1, NULL, '2025-09-01 12:36:13', '2025-09-03 04:25:59'),
(459, 3, 87, 7500.00, 1, 1, NULL, '2025-09-01 12:36:13', '2025-09-03 04:25:59'),
(460, 3, 88, 8000.00, 1, 1, NULL, '2025-09-01 12:36:13', '2025-09-03 04:25:59'),
(461, 3, 89, 7500.00, 1, 1, NULL, '2025-09-01 12:36:13', '2025-09-03 04:25:59'),
(462, 3, 90, 9500.00, 1, 1, NULL, '2025-09-01 12:36:13', '2025-09-03 04:25:59'),
(463, 3, 91, 8000.00, 1, 1, NULL, '2025-09-01 12:36:13', '2025-09-03 04:25:59'),
(464, 3, 92, 9000.00, 1, 1, NULL, '2025-09-01 12:36:13', '2025-09-03 04:25:59'),
(465, 3, 93, 10000.00, 1, 1, NULL, '2025-09-01 12:36:13', '2025-09-03 04:25:59'),
(469, 6, 1, NULL, NULL, 1, NULL, '2025-09-26 13:07:39', '2025-09-26 13:07:50'),
(470, 6, 2, NULL, NULL, 1, NULL, '2025-09-26 13:08:24', '2025-09-26 13:08:30');

-- --------------------------------------------------------

--
-- Table structure for table `cache`
--

CREATE TABLE `cache` (
  `key` varchar(255) NOT NULL,
  `value` mediumtext NOT NULL,
  `expiration` int(11) NOT NULL
) ENGINE=InnoDB DEFAULT CHARSET=utf8mb4 COLLATE=utf8mb4_unicode_ci;

-- --------------------------------------------------------

--
-- Table structure for table `cache_locks`
--

CREATE TABLE `cache_locks` (
  `key` varchar(255) NOT NULL,
  `owner` varchar(255) NOT NULL,
  `expiration` int(11) NOT NULL
) ENGINE=InnoDB DEFAULT CHARSET=utf8mb4 COLLATE=utf8mb4_unicode_ci;

-- --------------------------------------------------------

--
-- Table structure for table `failed_jobs`
--

CREATE TABLE `failed_jobs` (
  `id` bigint(20) UNSIGNED NOT NULL,
  `uuid` varchar(255) NOT NULL,
  `connection` text NOT NULL,
  `queue` text NOT NULL,
  `payload` longtext NOT NULL,
  `exception` longtext NOT NULL,
  `failed_at` timestamp NOT NULL DEFAULT current_timestamp()
) ENGINE=InnoDB DEFAULT CHARSET=utf8mb4 COLLATE=utf8mb4_unicode_ci;

-- --------------------------------------------------------

--
-- Table structure for table `jobs`
--

CREATE TABLE `jobs` (
  `id` bigint(20) UNSIGNED NOT NULL,
  `queue` varchar(255) NOT NULL,
  `payload` longtext NOT NULL,
  `attempts` tinyint(3) UNSIGNED NOT NULL,
  `reserved_at` int(10) UNSIGNED DEFAULT NULL,
  `available_at` int(10) UNSIGNED NOT NULL,
  `created_at` int(10) UNSIGNED NOT NULL
) ENGINE=InnoDB DEFAULT CHARSET=utf8mb4 COLLATE=utf8mb4_unicode_ci;

-- --------------------------------------------------------

--
-- Table structure for table `job_batches`
--

CREATE TABLE `job_batches` (
  `id` varchar(255) NOT NULL,
  `name` varchar(255) NOT NULL,
  `total_jobs` int(11) NOT NULL,
  `pending_jobs` int(11) NOT NULL,
  `failed_jobs` int(11) NOT NULL,
  `failed_job_ids` longtext NOT NULL,
  `options` mediumtext DEFAULT NULL,
  `cancelled_at` int(11) DEFAULT NULL,
  `created_at` int(11) NOT NULL,
  `finished_at` int(11) DEFAULT NULL
) ENGINE=InnoDB DEFAULT CHARSET=utf8mb4 COLLATE=utf8mb4_unicode_ci;

-- --------------------------------------------------------

--
-- Table structure for table `messages`
--

CREATE TABLE `messages` (
  `id` bigint(20) UNSIGNED NOT NULL,
  `user_id` bigint(20) UNSIGNED DEFAULT NULL,
  `sender_type` varchar(255) NOT NULL DEFAULT 'user',
  `branch_id` bigint(20) UNSIGNED DEFAULT NULL,
  `message` text NOT NULL,
  `is_read` tinyint(1) NOT NULL DEFAULT 0,
  `forwarded_to_staff` tinyint(1) NOT NULL DEFAULT 0,
  `staff_notification_sent` tinyint(1) NOT NULL DEFAULT 0,
  `created_at` timestamp NULL DEFAULT NULL,
  `updated_at` timestamp NULL DEFAULT NULL
) ENGINE=InnoDB DEFAULT CHARSET=utf8mb4 COLLATE=utf8mb4_unicode_ci;

--
-- Dumping data for table `messages`
--

INSERT INTO `messages` (`id`, `user_id`, `sender_type`, `branch_id`, `message`, `is_read`, `forwarded_to_staff`, `staff_notification_sent`, `created_at`, `updated_at`) VALUES
(1, 1, 'user', NULL, 'Opening Hours', 0, 0, 0, '2025-09-19 02:36:07', '2025-09-19 02:36:07'),
(2, NULL, 'bot', NULL, 'Our studio is open today from 10am to 10pm.', 0, 0, 0, '2025-09-19 02:36:07', '2025-09-19 02:36:07'),
(3, 1, 'user', NULL, 'Booking Policy', 0, 0, 0, '2025-09-19 02:36:12', '2025-09-19 02:36:12'),
(4, NULL, 'bot', NULL, 'Please arrive 10 minutes early. Cancellations within 24 hours are non-refundable.', 0, 0, 0, '2025-09-19 02:36:12', '2025-09-19 02:36:12'),
(5, 1, 'user', NULL, 'Payment Methods', 0, 0, 0, '2025-09-19 02:36:15', '2025-09-19 02:36:15'),
(6, NULL, 'bot', NULL, 'We accept cash, card, and GCash.', 0, 0, 0, '2025-09-19 02:36:15', '2025-09-19 02:36:15'),
(7, 1, 'user', NULL, 'Services', 0, 0, 0, '2025-09-19 02:36:16', '2025-09-19 02:36:16'),
(8, NULL, 'bot', NULL, 'Check our Services page for available treatments and durations.', 0, 0, 0, '2025-09-19 02:36:16', '2025-09-19 02:36:16'),
(9, 1, 'user', NULL, 'Services', 0, 0, 0, '2025-09-19 02:36:29', '2025-09-19 02:36:29'),
(10, NULL, 'bot', NULL, 'Check our Services page for available treatments and durations.', 0, 0, 0, '2025-09-19 02:36:29', '2025-09-19 02:36:29'),
(11, 1, 'user', NULL, 'Payment Methods', 0, 0, 0, '2025-09-19 02:36:51', '2025-09-19 02:36:51'),
(12, NULL, 'bot', NULL, 'We accept cash, card, and GCash.', 0, 0, 0, '2025-09-19 02:36:51', '2025-09-19 02:36:51'),
(13, 1, 'user', NULL, 'Booking Policy', 0, 0, 0, '2025-09-19 02:36:54', '2025-09-19 02:36:54'),
(14, NULL, 'bot', NULL, 'Please arrive 10 minutes early. Cancellations within 24 hours are non-refundable.', 0, 0, 0, '2025-09-19 02:36:54', '2025-09-19 02:36:54'),
(15, 1, 'user', NULL, 'Services', 0, 0, 0, '2025-09-19 02:44:55', '2025-09-19 02:44:55'),
(16, NULL, 'bot', NULL, 'Check our Services page for available treatments and durations.', 0, 0, 0, '2025-09-19 02:44:55', '2025-09-19 02:44:55'),
(17, 1, 'user', NULL, 'Opening Hours', 0, 0, 0, '2025-09-19 02:46:50', '2025-09-19 02:46:50'),
(18, NULL, 'bot', NULL, 'Our studio is open today from 10am to 10pm.', 0, 0, 0, '2025-09-19 02:46:50', '2025-09-19 02:46:50'),
(19, 1, 'user', NULL, 'Opening Hours', 0, 0, 0, '2025-09-19 03:08:50', '2025-09-19 03:08:50'),
(20, NULL, 'bot', NULL, 'Our studio is open today from 10am to 10pm.', 0, 0, 0, '2025-09-19 03:08:50', '2025-09-19 03:08:50'),
(21, 1, 'user', NULL, 'Booking Policy', 0, 0, 0, '2025-09-19 03:08:52', '2025-09-19 03:08:52'),
(22, NULL, 'bot', NULL, 'Please arrive 10 minutes early. Cancellations within 24 hours are non-refundable.', 0, 0, 0, '2025-09-19 03:08:52', '2025-09-19 03:08:52'),
(23, 1, 'user', NULL, 'hello', 0, 0, 0, '2025-09-19 03:08:56', '2025-09-19 03:08:56'),
(24, 1, 'user', NULL, 'hllo', 0, 0, 0, '2025-09-19 04:33:40', '2025-09-19 04:33:40'),
(25, 1, 'user', NULL, 'asdasd', 0, 0, 0, '2025-09-19 04:35:25', '2025-09-19 04:35:25'),
(26, 1, 'user', NULL, 'Payment Methods', 0, 0, 0, '2025-09-19 04:36:51', '2025-09-19 04:36:51'),
(27, NULL, 'bot', NULL, 'We accept cash, card, and GCash.', 0, 0, 0, '2025-09-19 04:36:51', '2025-09-19 04:36:51'),
(28, 1, 'user', NULL, 'Payment Methods', 0, 0, 0, '2025-09-19 04:36:53', '2025-09-19 04:36:53'),
(29, NULL, 'bot', NULL, 'We accept cash, card, and GCash.', 0, 0, 0, '2025-09-19 04:36:53', '2025-09-19 04:36:53'),
(30, 1, 'user', NULL, 'Booking Policy', 0, 0, 0, '2025-09-19 04:36:54', '2025-09-19 04:36:54'),
(31, NULL, 'bot', NULL, 'Please arrive 10 minutes early. Cancellations within 24 hours are non-refundable.', 0, 0, 0, '2025-09-19 04:36:54', '2025-09-19 04:36:54'),
(32, 1, 'user', NULL, 'Services', 0, 0, 0, '2025-09-19 04:36:58', '2025-09-19 04:36:58'),
(33, NULL, 'bot', NULL, 'Check our Services page for available treatments and durations.', 0, 0, 0, '2025-09-19 04:36:58', '2025-09-19 04:36:58'),
(34, 1, 'user', NULL, 'helo', 0, 0, 0, '2025-09-19 04:37:04', '2025-09-19 04:37:04'),
(35, NULL, 'bot', NULL, 'Sorry, I did not understand. Try: \"opening hours\" or \"book\".', 0, 0, 0, '2025-09-19 04:38:54', '2025-09-19 04:38:54'),
(36, 1, 'user', NULL, 'opening hourse', 0, 0, 0, '2025-09-19 04:39:02', '2025-09-19 04:39:02'),
(37, NULL, 'bot', NULL, 'Our studio is open 10:00 AM to 10:00 PM daily.', 0, 0, 0, '2025-09-19 04:39:02', '2025-09-19 04:39:02'),
(38, NULL, 'bot', NULL, 'Sorry, I did not understand. Try: \"opening hours\" or \"book\".', 0, 0, 0, '2025-09-19 04:39:07', '2025-09-19 04:39:07'),
(39, NULL, 'bot', NULL, 'Sorry, I did not understand. Try: \"opening hours\" or \"book\".', 0, 0, 0, '2025-09-19 04:40:07', '2025-09-19 04:40:07'),
(40, NULL, 'bot', NULL, 'Sorry, I did not understand. Try: \"opening hours\" or \"book\".', 0, 0, 0, '2025-09-19 04:59:08', '2025-09-19 04:59:08'),
(41, NULL, 'bot', NULL, 'Sorry, I did not understand. Try: \"opening hours\" or \"book\".', 0, 0, 0, '2025-09-19 05:39:45', '2025-09-19 05:39:45'),
(42, NULL, 'bot', NULL, 'Sorry, I did not understand. Try: \"opening hours\" or \"book\".', 0, 0, 0, '2025-09-19 06:09:06', '2025-09-19 06:09:06'),
(43, NULL, 'bot', NULL, 'Sorry, I did not understand. Try: \"opening hours\" or \"book\".', 0, 0, 0, '2025-09-19 06:20:43', '2025-09-19 06:20:43'),
(44, NULL, 'bot', NULL, 'Sorry, I did not understand. Try: \"opening hours\" or \"book\".', 0, 0, 0, '2025-09-19 06:38:03', '2025-09-19 06:38:03'),
(45, NULL, 'bot', NULL, 'Sorry, I did not understand. Try: \"opening hours\" or \"book\".', 0, 0, 0, '2025-09-19 06:38:08', '2025-09-19 06:38:08'),
(46, NULL, 'bot', NULL, 'Sorry, I did not understand. Try: \"opening hours\" or \"book\".', 0, 0, 0, '2025-09-19 06:38:14', '2025-09-19 06:38:14'),
(47, NULL, 'bot', NULL, 'To book, please visit: /client/booking', 0, 0, 0, '2025-09-19 06:38:20', '2025-09-19 06:38:20'),
(48, NULL, 'bot', NULL, 'Sorry, I did not understand. Try: \"opening hours\" or \"book\".', 0, 0, 0, '2025-09-19 06:52:16', '2025-09-19 06:52:16'),
(49, NULL, 'bot', NULL, 'Sorry, I did not understand. Try: \"opening hours\" or \"book\".', 0, 0, 0, '2025-09-19 06:52:31', '2025-09-19 06:52:31'),
(50, 1, 'user', NULL, 'help', 0, 0, 0, '2025-09-19 06:53:24', '2025-09-19 06:53:24'),
(51, 1, 'user', NULL, 'opening', 0, 0, 0, '2025-09-19 06:53:30', '2025-09-19 06:53:30'),
(52, NULL, 'bot', NULL, 'Our studio is open 10:00 AM to 10:00 PM daily.', 0, 0, 0, '2025-09-19 06:53:30', '2025-09-19 06:53:30'),
(53, 1, 'user', NULL, 'help', 0, 0, 0, '2025-09-19 06:53:34', '2025-09-19 06:53:34'),
(54, NULL, 'bot', NULL, 'Sorry, I did not understand. Try: \"opening hours\" or \"book\".', 0, 0, 0, '2025-09-19 06:53:36', '2025-09-19 06:53:36'),
(55, 1, 'user', NULL, 'menu', 0, 0, 0, '2025-09-19 06:53:44', '2025-09-19 06:53:44'),
(56, NULL, 'bot', NULL, 'Sorry, I did not understand. Try: \"opening hours\" or \"book\".', 0, 0, 0, '2025-09-19 06:56:50', '2025-09-19 06:56:50'),
(57, 1, 'user', NULL, 'menu', 0, 0, 0, '2025-09-19 06:59:39', '2025-09-19 06:59:39'),
(58, NULL, 'bot', NULL, 'To book, please visit: /client/booking', 0, 0, 0, '2025-09-19 06:59:44', '2025-09-19 06:59:44'),
(59, NULL, 'bot', NULL, 'Sorry, I did not understand. Try: \"opening hours\" or \"book\".', 0, 0, 0, '2025-09-19 07:04:26', '2025-09-19 07:04:26'),
(60, NULL, 'bot', NULL, 'Sorry, I did not understand. Try: \"opening hours\" or \"book\".', 0, 0, 0, '2025-09-19 07:07:35', '2025-09-19 07:07:35'),
(61, NULL, 'bot', NULL, 'Sorry, I did not understand. Try: \"opening hours\" or \"book\".', 0, 0, 0, '2025-09-19 07:09:27', '2025-09-19 07:09:27'),
(62, NULL, 'bot', NULL, 'Sorry, I did not understand. Try: \"opening hours\" or \"book\".', 0, 0, 0, '2025-09-19 07:10:59', '2025-09-19 07:10:59'),
(63, NULL, 'bot', NULL, 'Sorry, I did not understand. Try: \"opening hours\" or \"book\".', 0, 0, 0, '2025-09-19 07:11:00', '2025-09-19 07:11:00'),
(64, NULL, 'bot', NULL, 'Sorry, I did not understand. Try: \"opening hours\" or \"book\".', 0, 0, 0, '2025-09-19 07:11:00', '2025-09-19 07:11:00'),
(65, NULL, 'bot', NULL, 'Sorry, I did not understand. Try: \"opening hours\" or \"book\".', 0, 0, 0, '2025-09-19 07:14:21', '2025-09-19 07:14:21'),
(66, 1, 'user', NULL, 'menu', 0, 0, 0, '2025-09-19 07:14:23', '2025-09-19 07:14:23'),
(67, NULL, 'bot', NULL, 'Sorry, I did not understand. Try: \"opening hours\" or \"book\".', 0, 0, 0, '2025-09-19 07:14:32', '2025-09-19 07:14:32'),
(68, 1, 'user', NULL, 'menu', 0, 0, 0, '2025-09-19 07:14:36', '2025-09-19 07:14:36'),
(69, NULL, 'bot', NULL, 'To book, please visit: /client/booking', 0, 0, 0, '2025-09-19 07:14:38', '2025-09-19 07:14:38'),
(70, NULL, 'bot', NULL, 'Sorry, I did not understand. Try: \"opening hours\" or \"book\".', 0, 0, 0, '2025-09-19 07:19:39', '2025-09-19 07:19:39'),
(71, NULL, 'bot', NULL, 'To book, please visit: /client/booking', 0, 0, 0, '2025-09-19 07:19:41', '2025-09-19 07:19:41'),
(72, NULL, 'bot', NULL, 'Sorry, I did not understand. Try: \"opening hours\" or \"book\".', 0, 0, 0, '2025-09-19 07:19:46', '2025-09-19 07:19:46'),
(73, NULL, 'bot', NULL, 'To book, please visit: /client/booking', 0, 0, 0, '2025-09-19 07:48:40', '2025-09-19 07:48:40'),
(74, NULL, 'bot', NULL, 'Sorry, I did not understand. Try: \"opening hours\" or \"book\".', 0, 0, 0, '2025-09-19 07:49:55', '2025-09-19 07:49:55'),
(75, 1, 'user', NULL, 'menu', 0, 0, 0, '2025-09-19 07:57:00', '2025-09-19 07:57:00'),
(76, 1, 'user', NULL, 'menu', 0, 0, 0, '2025-09-19 07:58:28', '2025-09-19 07:58:28'),
(77, 1, 'user', NULL, 'menu', 0, 0, 0, '2025-09-19 08:02:59', '2025-09-19 08:02:59'),
(78, NULL, 'bot', NULL, 'Sorry, I did not understand. Try: \"opening hours\" or \"book\".', 0, 0, 0, '2025-09-19 08:03:01', '2025-09-19 08:03:01'),
(79, 1, 'user', NULL, 'menu', 0, 0, 0, '2025-09-19 08:09:21', '2025-09-19 08:09:21'),
(80, 1, 'user', NULL, 'menu', 0, 0, 0, '2025-09-19 08:22:05', '2025-09-19 08:22:05'),
(81, NULL, 'bot', NULL, 'Sorry, I did not understand. Try: \"opening hours\" or \"book\".', 0, 0, 0, '2025-09-19 08:22:06', '2025-09-19 08:22:06'),
(82, NULL, 'bot', NULL, 'Sorry, I did not understand. Try: \"opening hours\" or \"book\".', 0, 0, 0, '2025-09-19 08:23:04', '2025-09-19 08:23:04'),
(83, 1, 'user', NULL, 'menu', 0, 0, 0, '2025-09-19 13:54:10', '2025-09-19 13:54:10'),
(84, NULL, 'bot', NULL, 'Sorry, I did not understand. Try: \"opening hours\" or \"book\".', 0, 0, 0, '2025-09-19 14:16:30', '2025-09-19 14:16:30'),
(85, 1, 'user', NULL, 'menu', 0, 0, 0, '2025-09-19 15:03:56', '2025-09-19 15:03:56'),
(86, NULL, 'bot', NULL, 'To book, please visit: /client/booking', 0, 0, 0, '2025-09-19 15:03:58', '2025-09-19 15:03:58'),
(87, 1, 'user', NULL, 'opening hours', 0, 0, 0, '2025-09-23 07:32:21', '2025-09-23 07:32:21'),
(88, NULL, 'bot', NULL, 'Our studio is open 10:00 AM to 10:00 PM daily.', 0, 0, 0, '2025-09-23 07:32:21', '2025-09-23 07:32:21'),
(89, 1, 'user', NULL, 'hours', 0, 0, 0, '2025-09-23 07:32:25', '2025-09-23 07:32:25'),
(90, NULL, 'bot', NULL, 'Our studio is open 10:00 AM to 10:00 PM daily.', 0, 0, 0, '2025-09-23 07:32:25', '2025-09-23 07:32:25'),
(91, NULL, 'bot', NULL, 'Sorry, I did not understand. Try: \"opening hours\" or \"book\".', 0, 0, 0, '2025-09-23 07:51:53', '2025-09-23 07:51:53'),
(92, NULL, 'bot', NULL, 'Sorry, I did not understand. Try: \"opening hours\" or \"book\".', 0, 0, 0, '2025-09-23 07:52:13', '2025-09-23 07:52:13'),
(93, 1, 'user', NULL, 'opening', 0, 0, 0, '2025-09-23 07:57:39', '2025-09-23 07:57:39'),
(94, NULL, 'bot', NULL, 'Sorry, I did not understand. Try: \"opening hours\" or \"book\".', 0, 0, 0, '2025-09-23 07:57:41', '2025-09-23 07:57:41'),
(95, 1, 'user', NULL, 'opening', 0, 0, 0, '2025-09-23 07:59:45', '2025-09-23 07:59:45'),
(96, NULL, 'bot', NULL, 'Sorry, I did not understand. Try: \"opening hours\" or \"book\".', 0, 0, 0, '2025-09-23 07:59:47', '2025-09-23 07:59:47'),
(97, 1, 'user', NULL, 'opening', 0, 0, 0, '2025-09-23 07:59:56', '2025-09-23 07:59:56'),
(98, NULL, 'bot', NULL, 'Sorry, I did not understand. Try: \"opening hours\" or \"book\".', 0, 0, 0, '2025-09-23 07:59:58', '2025-09-23 07:59:58'),
(99, NULL, 'bot', NULL, 'Sorry, I did not understand. Try: \"opening hours\" or \"book\".', 0, 0, 0, '2025-09-23 08:04:21', '2025-09-23 08:04:21'),
(100, 1, 'user', NULL, 'hours', 0, 0, 0, '2025-09-23 08:04:26', '2025-09-23 08:04:26'),
(101, NULL, 'bot', NULL, 'Sorry, I did not understand. Try: \"opening hours\" or \"book\".', 0, 0, 0, '2025-09-23 08:04:31', '2025-09-23 08:04:31'),
(102, 1, 'user', NULL, 'opening horus', 0, 0, 0, '2025-09-23 08:04:37', '2025-09-23 08:04:37'),
(103, NULL, 'bot', NULL, 'Sorry, I did not understand. Try: \"opening hours\" or \"book\".', 0, 0, 0, '2025-09-23 08:04:39', '2025-09-23 08:04:39'),
(104, 1, 'user', NULL, 'hours', 0, 0, 0, '2025-09-23 08:26:46', '2025-09-23 08:26:46'),
(105, NULL, 'bot', NULL, 'Sorry, I did not understand. Try: \"opening hours\" or \"book\".', 0, 0, 0, '2025-09-23 08:26:48', '2025-09-23 08:26:48'),
(106, NULL, 'bot', NULL, 'Sorry, I did not understand. Try: \"opening hours\" or \"book\".', 0, 0, 0, '2025-09-23 08:27:57', '2025-09-23 08:27:57'),
(107, 1, 'user', NULL, 'menu', 0, 0, 0, '2025-09-23 08:28:27', '2025-09-23 08:28:27'),
(108, NULL, 'bot', NULL, 'To book, please visit: /client/booking', 0, 0, 0, '2025-09-23 08:28:28', '2025-09-23 08:28:28'),
(109, NULL, 'bot', NULL, 'To book, please visit: /client/booking', 0, 0, 0, '2025-09-23 08:28:34', '2025-09-23 08:28:34'),
(110, 1, 'user', NULL, 'menu', 0, 0, 0, '2025-09-23 08:28:38', '2025-09-23 08:28:38'),
(111, 1, 'user', NULL, 'opening', 0, 0, 0, '2025-09-23 08:28:40', '2025-09-23 08:28:40'),
(112, NULL, 'bot', NULL, 'Sorry, I did not understand. Try: \"opening hours\" or \"book\".', 0, 0, 0, '2025-09-23 08:28:41', '2025-09-23 08:28:41'),
(113, NULL, 'bot', NULL, 'Sorry, I did not understand. Try: \"opening hours\" or \"book\".', 0, 0, 0, '2025-09-23 08:29:28', '2025-09-23 08:29:28'),
(114, NULL, 'bot', NULL, 'Sorry, I did not understand. Try: \"opening hours\" or \"book\".', 0, 0, 0, '2025-09-23 08:30:27', '2025-09-23 08:30:27'),
(115, 1, 'user', NULL, 'opening', 0, 0, 0, '2025-09-23 08:30:31', '2025-09-23 08:30:31'),
(116, NULL, 'bot', NULL, 'Sorry, I did not understand. Try: \"opening hours\" or \"book\".', 0, 0, 0, '2025-09-23 08:30:33', '2025-09-23 08:30:33'),
(117, 1, 'user', NULL, 'opening', 0, 0, 0, '2025-09-23 08:35:55', '2025-09-23 08:35:55'),
(118, 1, 'user', 1, 'select_branch_hours:1', 0, 0, 0, '2025-09-23 08:35:57', '2025-09-23 08:35:57'),
(119, NULL, 'bot', 1, 'MonTue - SunClosed10:00 am - 07:30 pm', 0, 0, 0, '2025-09-23 08:35:57', '2025-09-23 08:35:57'),
(120, 1, 'user', NULL, 'opening', 0, 0, 0, '2025-09-23 08:36:09', '2025-09-23 08:36:09'),
(121, 1, 'user', 2, 'select_branch_hours:2', 0, 0, 0, '2025-09-23 08:36:10', '2025-09-23 08:36:10'),
(122, NULL, 'bot', 2, 'Mon - Sun10:00 am - 09:00 pm', 0, 0, 0, '2025-09-23 08:36:10', '2025-09-23 08:36:10'),
(123, 1, 'user', NULL, 'opening', 0, 0, 0, '2025-09-23 08:36:15', '2025-09-23 08:36:15'),
(124, 1, 'user', 4, 'select_branch_hours:4', 0, 0, 0, '2025-09-23 08:36:18', '2025-09-23 08:36:18'),
(125, NULL, 'bot', 4, 'Mon - Sun10:00 am - 10:00 pm', 0, 0, 0, '2025-09-23 08:36:18', '2025-09-23 08:36:18'),
(126, 1, 'user', NULL, 'opening', 0, 0, 0, '2025-09-23 08:37:31', '2025-09-23 08:37:31'),
(127, 1, 'user', 4, 'select_branch_hours:4', 0, 0, 0, '2025-09-23 08:37:33', '2025-09-23 08:37:33'),
(128, NULL, 'bot', 4, 'Mon - Sun10:00 am - 10:00 pm', 0, 0, 0, '2025-09-23 08:37:33', '2025-09-23 08:37:33'),
(129, 1, 'user', 4, 'select_branch_hours:4', 0, 0, 0, '2025-09-23 08:37:34', '2025-09-23 08:37:34'),
(130, NULL, 'bot', 4, 'Mon - Sun10:00 am - 10:00 pm', 0, 0, 0, '2025-09-23 08:37:34', '2025-09-23 08:37:34'),
(131, 1, 'user', 4, 'select_branch_hours:4', 0, 0, 0, '2025-09-23 08:37:34', '2025-09-23 08:37:34'),
(132, NULL, 'bot', 4, 'Mon - Sun10:00 am - 10:00 pm', 0, 0, 0, '2025-09-23 08:37:34', '2025-09-23 08:37:34'),
(133, 1, 'user', 4, 'select_branch_hours:4', 0, 0, 0, '2025-09-23 08:37:35', '2025-09-23 08:37:35'),
(134, NULL, 'bot', 4, 'Mon - Sun10:00 am - 10:00 pm', 0, 0, 0, '2025-09-23 08:37:35', '2025-09-23 08:37:35'),
(135, 1, 'user', 4, 'select_branch_hours:4', 0, 0, 0, '2025-09-23 08:37:36', '2025-09-23 08:37:36'),
(136, NULL, 'bot', 4, 'Mon - Sun10:00 am - 10:00 pm', 0, 0, 0, '2025-09-23 08:37:36', '2025-09-23 08:37:36'),
(137, 1, 'user', 2, 'select_branch_hours:2', 0, 0, 0, '2025-09-23 08:37:36', '2025-09-23 08:37:36'),
(138, NULL, 'bot', 2, 'Mon - Sun10:00 am - 09:00 pm', 0, 0, 0, '2025-09-23 08:37:36', '2025-09-23 08:37:36'),
(139, 1, 'user', 1, 'select_branch_hours:1', 0, 0, 0, '2025-09-23 08:37:37', '2025-09-23 08:37:37'),
(140, NULL, 'bot', 1, 'MonTue - SunClosed10:00 am - 07:30 pm', 0, 0, 0, '2025-09-23 08:37:37', '2025-09-23 08:37:37'),
(141, 1, 'user', NULL, 'opening', 0, 0, 0, '2025-09-23 08:37:49', '2025-09-23 08:37:49'),
(142, 1, 'user', 4, 'select_branch_hours:4', 0, 0, 0, '2025-09-23 08:37:50', '2025-09-23 08:37:50'),
(143, NULL, 'bot', 4, 'Mon - Sun10:00 am - 10:00 pm', 0, 0, 0, '2025-09-23 08:37:50', '2025-09-23 08:37:50'),
(144, 1, 'user', 4, 'select_branch_hours:4', 0, 0, 0, '2025-09-23 08:37:50', '2025-09-23 08:37:50'),
(145, NULL, 'bot', 4, 'Mon - Sun10:00 am - 10:00 pm', 0, 0, 0, '2025-09-23 08:37:50', '2025-09-23 08:37:50'),
(146, 1, 'user', 4, 'select_branch_hours:4', 0, 0, 0, '2025-09-23 08:37:51', '2025-09-23 08:37:51'),
(147, NULL, 'bot', 4, 'Mon - Sun10:00 am - 10:00 pm', 0, 0, 0, '2025-09-23 08:37:51', '2025-09-23 08:37:51'),
(148, 1, 'user', 1, 'select_branch_hours:1', 0, 0, 0, '2025-09-23 08:37:51', '2025-09-23 08:37:51'),
(149, NULL, 'bot', 1, 'MonTue - SunClosed10:00 am - 07:30 pm', 0, 0, 0, '2025-09-23 08:37:51', '2025-09-23 08:37:51'),
(150, 1, 'user', 1, 'select_branch_hours:1', 0, 0, 0, '2025-09-23 08:37:52', '2025-09-23 08:37:52'),
(151, NULL, 'bot', 1, 'MonTue - SunClosed10:00 am - 07:30 pm', 0, 0, 0, '2025-09-23 08:37:52', '2025-09-23 08:37:52'),
(152, 1, 'user', 1, 'select_branch_hours:1', 0, 0, 0, '2025-09-23 08:37:52', '2025-09-23 08:37:52'),
(153, NULL, 'bot', 1, 'MonTue - SunClosed10:00 am - 07:30 pm', 0, 0, 0, '2025-09-23 08:37:52', '2025-09-23 08:37:52'),
(154, 1, 'user', 1, 'select_branch_hours:1', 0, 0, 0, '2025-09-23 08:37:52', '2025-09-23 08:37:52'),
(155, NULL, 'bot', 1, 'MonTue - SunClosed10:00 am - 07:30 pm', 0, 0, 0, '2025-09-23 08:37:52', '2025-09-23 08:37:52'),
(156, 1, 'user', 2, 'select_branch_hours:2', 0, 0, 0, '2025-09-23 08:37:53', '2025-09-23 08:37:53'),
(157, NULL, 'bot', 2, 'Mon - Sun10:00 am - 09:00 pm', 0, 0, 0, '2025-09-23 08:37:53', '2025-09-23 08:37:53'),
(158, 1, 'user', 2, 'select_branch_hours:2', 0, 0, 0, '2025-09-23 08:37:53', '2025-09-23 08:37:53'),
(159, NULL, 'bot', 2, 'Mon - Sun10:00 am - 09:00 pm', 0, 0, 0, '2025-09-23 08:37:53', '2025-09-23 08:37:53'),
(160, 1, 'user', 2, 'select_branch_hours:2', 0, 0, 0, '2025-09-23 08:37:53', '2025-09-23 08:37:53'),
(161, NULL, 'bot', 2, 'Mon - Sun10:00 am - 09:00 pm', 0, 0, 0, '2025-09-23 08:37:53', '2025-09-23 08:37:53'),
(162, 1, 'user', 2, 'select_branch_hours:2', 0, 0, 0, '2025-09-23 08:37:53', '2025-09-23 08:37:53'),
(163, NULL, 'bot', 2, 'Mon - Sun10:00 am - 09:00 pm', 0, 0, 0, '2025-09-23 08:37:53', '2025-09-23 08:37:53'),
(164, 1, 'user', 1, 'select_branch_hours:1', 0, 0, 0, '2025-09-23 08:37:54', '2025-09-23 08:37:54'),
(165, NULL, 'bot', 1, 'MonTue - SunClosed10:00 am - 07:30 pm', 0, 0, 0, '2025-09-23 08:37:54', '2025-09-23 08:37:54'),
(166, 1, 'user', 1, 'select_branch_hours:1', 0, 0, 0, '2025-09-23 08:37:54', '2025-09-23 08:37:54'),
(167, NULL, 'bot', 1, 'MonTue - SunClosed10:00 am - 07:30 pm', 0, 0, 0, '2025-09-23 08:37:54', '2025-09-23 08:37:54'),
(168, 1, 'user', 1, 'select_branch_hours:1', 0, 0, 0, '2025-09-23 08:37:54', '2025-09-23 08:37:54'),
(169, NULL, 'bot', 1, 'MonTue - SunClosed10:00 am - 07:30 pm', 0, 0, 0, '2025-09-23 08:37:54', '2025-09-23 08:37:54'),
(170, 1, 'user', 1, 'select_branch_hours:1', 0, 0, 0, '2025-09-23 08:40:49', '2025-09-23 08:40:49'),
(171, NULL, 'bot', 1, 'MonTue - SunClosed10:00 am - 07:30 pm', 0, 0, 0, '2025-09-23 08:40:49', '2025-09-23 08:40:49'),
(172, 1, 'user', 1, 'select_branch_hours:1', 0, 0, 0, '2025-09-23 08:40:49', '2025-09-23 08:40:49'),
(173, NULL, 'bot', 1, 'MonTue - SunClosed10:00 am - 07:30 pm', 0, 0, 0, '2025-09-23 08:40:49', '2025-09-23 08:40:49'),
(174, 1, 'user', NULL, 'opening', 0, 0, 0, '2025-09-23 08:43:11', '2025-09-23 08:43:11'),
(175, 1, 'user', 1, 'select_branch_hours:1', 0, 0, 0, '2025-09-23 08:43:12', '2025-09-23 08:43:12'),
(176, NULL, 'bot', 1, 'MonTue - SunClosed10:00 am - 07:30 pm', 0, 0, 0, '2025-09-23 08:43:12', '2025-09-23 08:43:12'),
(177, 1, 'user', 1, 'select_branch_hours:1', 0, 0, 0, '2025-09-23 08:43:12', '2025-09-23 08:43:12'),
(178, NULL, 'bot', 1, 'MonTue - SunClosed10:00 am - 07:30 pm', 0, 0, 0, '2025-09-23 08:43:12', '2025-09-23 08:43:12'),
(179, 1, 'user', 1, 'select_branch_hours:1', 0, 0, 0, '2025-09-23 08:43:13', '2025-09-23 08:43:13'),
(180, NULL, 'bot', 1, 'MonTue - SunClosed10:00 am - 07:30 pm', 0, 0, 0, '2025-09-23 08:43:13', '2025-09-23 08:43:13'),
(181, 1, 'user', 1, 'select_branch_hours:1', 0, 0, 0, '2025-09-23 08:43:13', '2025-09-23 08:43:13'),
(182, NULL, 'bot', 1, 'MonTue - SunClosed10:00 am - 07:30 pm', 0, 0, 0, '2025-09-23 08:43:13', '2025-09-23 08:43:13'),
(183, 1, 'user', 1, 'select_branch_hours:1', 0, 0, 0, '2025-09-23 08:43:13', '2025-09-23 08:43:13'),
(184, NULL, 'bot', 1, 'MonTue - SunClosed10:00 am - 07:30 pm', 0, 0, 0, '2025-09-23 08:43:13', '2025-09-23 08:43:13'),
(185, 1, 'user', 2, 'select_branch_hours:2', 0, 0, 0, '2025-09-23 08:43:14', '2025-09-23 08:43:14'),
(186, NULL, 'bot', 2, 'Mon - Sun10:00 am - 09:00 pm', 0, 0, 0, '2025-09-23 08:43:14', '2025-09-23 08:43:14'),
(187, 1, 'user', 2, 'select_branch_hours:2', 0, 0, 0, '2025-09-23 08:43:14', '2025-09-23 08:43:14'),
(188, NULL, 'bot', 2, 'Mon - Sun10:00 am - 09:00 pm', 0, 0, 0, '2025-09-23 08:43:14', '2025-09-23 08:43:14'),
(189, 1, 'user', 1, 'select_branch_hours:1', 0, 0, 0, '2025-09-23 08:45:58', '2025-09-23 08:45:58'),
(190, NULL, 'bot', 1, 'MonTue - SunClosed10:00 am - 07:30 pm', 0, 0, 0, '2025-09-23 08:45:58', '2025-09-23 08:45:58'),
(191, 1, 'user', 1, 'select_branch_hours:1', 0, 0, 0, '2025-09-23 08:45:59', '2025-09-23 08:45:59'),
(192, NULL, 'bot', 1, 'MonTue - SunClosed10:00 am - 07:30 pm', 0, 0, 0, '2025-09-23 08:45:59', '2025-09-23 08:45:59'),
(193, 1, 'user', NULL, 'opening', 0, 0, 0, '2025-09-23 08:46:09', '2025-09-23 08:46:09'),
(194, 1, 'user', 3, 'select_branch_hours:3', 0, 0, 0, '2025-09-23 08:46:10', '2025-09-23 08:46:10'),
(195, NULL, 'bot', 3, 'Mon - SatSun9:00 am - 6:00 pmClosed', 0, 0, 0, '2025-09-23 08:46:10', '2025-09-23 08:46:10'),
(196, 1, 'user', 3, 'select_branch_hours:3', 0, 0, 0, '2025-09-23 08:46:10', '2025-09-23 08:46:10'),
(197, NULL, 'bot', 3, 'Mon - SatSun9:00 am - 6:00 pmClosed', 0, 0, 0, '2025-09-23 08:46:10', '2025-09-23 08:46:10'),
(198, 1, 'user', 3, 'select_branch_hours:3', 0, 0, 0, '2025-09-23 08:46:11', '2025-09-23 08:46:11'),
(199, NULL, 'bot', 3, 'Mon - SatSun9:00 am - 6:00 pmClosed', 0, 0, 0, '2025-09-23 08:46:11', '2025-09-23 08:46:11'),
(200, 1, 'user', 3, 'select_branch_hours:3', 0, 0, 0, '2025-09-23 08:46:11', '2025-09-23 08:46:11'),
(201, NULL, 'bot', 3, 'Mon - SatSun9:00 am - 6:00 pmClosed', 0, 0, 0, '2025-09-23 08:46:11', '2025-09-23 08:46:11'),
(202, 1, 'user', NULL, 'opening', 0, 0, 0, '2025-09-23 14:17:06', '2025-09-23 14:17:06'),
(203, 1, 'user', 1, 'select_branch_hours:1', 0, 0, 0, '2025-09-23 14:17:08', '2025-09-23 14:17:08'),
(204, NULL, 'bot', 1, 'MonTue - SunClosed10:00 am - 07:30 pm', 0, 0, 0, '2025-09-23 14:17:08', '2025-09-23 14:17:08'),
(205, 1, 'user', 1, 'select_branch_hours:1', 0, 0, 0, '2025-09-23 14:17:08', '2025-09-23 14:17:08'),
(206, NULL, 'bot', 1, 'MonTue - SunClosed10:00 am - 07:30 pm', 0, 0, 0, '2025-09-23 14:17:08', '2025-09-23 14:17:08'),
(207, 1, 'user', NULL, 'opening hours', 0, 0, 0, '2025-09-23 14:21:54', '2025-09-23 14:21:54'),
(208, 1, 'user', 1, 'select_branch_hours:1', 0, 0, 0, '2025-09-23 14:21:56', '2025-09-23 14:21:56'),
(209, NULL, 'bot', 1, 'MonTue - SunClosed10:00 am - 07:30 pm', 0, 0, 0, '2025-09-23 14:21:56', '2025-09-23 14:21:56'),
(210, 1, 'user', 1, 'select_branch_hours:1', 0, 0, 0, '2025-09-23 14:21:56', '2025-09-23 14:21:56'),
(211, NULL, 'bot', 1, 'MonTue - SunClosed10:00 am - 07:30 pm', 0, 0, 0, '2025-09-23 14:21:56', '2025-09-23 14:21:56'),
(212, 1, 'user', 1, 'select_branch_hours:1', 0, 0, 0, '2025-09-23 14:21:56', '2025-09-23 14:21:56'),
(213, NULL, 'bot', 1, 'MonTue - SunClosed10:00 am - 07:30 pm', 0, 0, 0, '2025-09-23 14:21:56', '2025-09-23 14:21:56'),
(214, 1, 'user', 1, 'select_branch_hours:1', 0, 0, 0, '2025-09-23 14:21:57', '2025-09-23 14:21:57'),
(215, NULL, 'bot', 1, 'MonTue - SunClosed10:00 am - 07:30 pm', 0, 0, 0, '2025-09-23 14:21:57', '2025-09-23 14:21:57'),
(216, 1, 'user', 1, 'select_branch_hours:1', 0, 0, 0, '2025-09-23 14:21:57', '2025-09-23 14:21:57'),
(217, NULL, 'bot', 1, 'MonTue - SunClosed10:00 am - 07:30 pm', 0, 0, 0, '2025-09-23 14:21:57', '2025-09-23 14:21:57'),
(218, 1, 'user', 2, 'select_branch_hours:2', 0, 0, 0, '2025-09-23 14:21:58', '2025-09-23 14:21:58'),
(219, NULL, 'bot', 2, 'Mon - Sun10:00 am - 09:00 pm', 0, 0, 0, '2025-09-23 14:21:58', '2025-09-23 14:21:58'),
(220, 1, 'user', 2, 'select_branch_hours:2', 0, 0, 0, '2025-09-23 14:21:58', '2025-09-23 14:21:58'),
(221, NULL, 'bot', 2, 'Mon - Sun10:00 am - 09:00 pm', 0, 0, 0, '2025-09-23 14:21:58', '2025-09-23 14:21:58'),
(222, 1, 'user', 3, 'select_branch_hours:3', 0, 0, 0, '2025-09-23 14:21:59', '2025-09-23 14:21:59'),
(223, NULL, 'bot', 3, 'Mon - SatSun9:00 am - 6:00 pmClosed', 0, 0, 0, '2025-09-23 14:21:59', '2025-09-23 14:21:59'),
(224, 1, 'user', 3, 'select_branch_hours:3', 0, 0, 0, '2025-09-23 14:21:59', '2025-09-23 14:21:59'),
(225, NULL, 'bot', 3, 'Mon - SatSun9:00 am - 6:00 pmClosed', 0, 0, 0, '2025-09-23 14:21:59', '2025-09-23 14:21:59'),
(226, 1, 'user', 3, 'select_branch_hours:3', 0, 0, 0, '2025-09-23 14:21:59', '2025-09-23 14:21:59'),
(227, NULL, 'bot', 3, 'Mon - SatSun9:00 am - 6:00 pmClosed', 0, 0, 0, '2025-09-23 14:21:59', '2025-09-23 14:21:59'),
(228, 1, 'user', 3, 'select_branch_hours:3', 0, 0, 0, '2025-09-23 14:22:00', '2025-09-23 14:22:00'),
(229, NULL, 'bot', 3, 'Mon - SatSun9:00 am - 6:00 pmClosed', 0, 0, 0, '2025-09-23 14:22:00', '2025-09-23 14:22:00'),
(230, 1, 'user', 4, 'select_branch_hours:4', 0, 0, 0, '2025-09-23 14:22:00', '2025-09-23 14:22:00'),
(231, NULL, 'bot', 4, 'Mon - Sun10:00 am - 10:00 pm', 0, 0, 0, '2025-09-23 14:22:00', '2025-09-23 14:22:00'),
(232, 1, 'user', 4, 'select_branch_hours:4', 0, 0, 0, '2025-09-23 14:22:00', '2025-09-23 14:22:00'),
(233, NULL, 'bot', 4, 'Mon - Sun10:00 am - 10:00 pm', 0, 0, 0, '2025-09-23 14:22:00', '2025-09-23 14:22:00'),
(234, 1, 'user', 5, 'select_branch_hours:5', 0, 0, 0, '2025-09-23 14:22:01', '2025-09-23 14:22:01'),
(235, NULL, 'bot', 5, 'Mon - Sun10:00 am - 09:00 pm', 0, 0, 0, '2025-09-23 14:22:01', '2025-09-23 14:22:01'),
(236, 1, 'user', 5, 'select_branch_hours:5', 0, 0, 0, '2025-09-23 14:22:01', '2025-09-23 14:22:01'),
(237, NULL, 'bot', 5, 'Mon - Sun10:00 am - 09:00 pm', 0, 0, 0, '2025-09-23 14:22:01', '2025-09-23 14:22:01'),
(238, 1, 'user', NULL, 'opening', 0, 0, 0, '2025-09-23 14:23:38', '2025-09-23 14:23:38'),
(239, 1, 'user', 1, 'select_branch_hours:1', 0, 0, 0, '2025-09-23 14:23:39', '2025-09-23 14:23:39'),
(240, NULL, 'bot', 1, 'MonTue - SunClosed10:00 am - 07:30 pm', 0, 0, 0, '2025-09-23 14:23:39', '2025-09-23 14:23:39'),
(241, 1, 'user', 1, 'select_branch_hours:1', 0, 0, 0, '2025-09-23 14:23:39', '2025-09-23 14:23:39'),
(242, NULL, 'bot', 1, 'MonTue - SunClosed10:00 am - 07:30 pm', 0, 0, 0, '2025-09-23 14:23:39', '2025-09-23 14:23:39'),
(243, 1, 'user', 1, 'select_branch_hours:1', 0, 0, 0, '2025-09-23 14:23:40', '2025-09-23 14:23:40'),
(244, NULL, 'bot', 1, 'MonTue - SunClosed10:00 am - 07:30 pm', 0, 0, 0, '2025-09-23 14:23:40', '2025-09-23 14:23:40'),
(245, 1, 'user', 1, 'select_branch_hours:1', 0, 0, 0, '2025-09-23 14:23:40', '2025-09-23 14:23:40'),
(246, NULL, 'bot', 1, 'MonTue - SunClosed10:00 am - 07:30 pm', 0, 0, 0, '2025-09-23 14:23:40', '2025-09-23 14:23:40'),
(247, 1, 'user', 2, 'select_branch_hours:2', 0, 0, 0, '2025-09-23 14:23:40', '2025-09-23 14:23:40'),
(248, NULL, 'bot', 2, 'Mon - Sun10:00 am - 09:00 pm', 0, 0, 0, '2025-09-23 14:23:40', '2025-09-23 14:23:40'),
(249, 1, 'user', 2, 'select_branch_hours:2', 0, 0, 0, '2025-09-23 14:23:41', '2025-09-23 14:23:41'),
(250, NULL, 'bot', 2, 'Mon - Sun10:00 am - 09:00 pm', 0, 0, 0, '2025-09-23 14:23:41', '2025-09-23 14:23:41'),
(251, 1, 'user', 2, 'select_branch_hours:2', 0, 0, 0, '2025-09-23 14:23:41', '2025-09-23 14:23:41'),
(252, NULL, 'bot', 2, 'Mon - Sun10:00 am - 09:00 pm', 0, 0, 0, '2025-09-23 14:23:41', '2025-09-23 14:23:41'),
(253, 1, 'user', 2, 'select_branch_hours:2', 0, 0, 0, '2025-09-23 14:23:41', '2025-09-23 14:23:41'),
(254, NULL, 'bot', 2, 'Mon - Sun10:00 am - 09:00 pm', 0, 0, 0, '2025-09-23 14:23:41', '2025-09-23 14:23:41'),
(255, 1, 'user', 3, 'select_branch_hours:3', 0, 0, 0, '2025-09-23 14:23:41', '2025-09-23 14:23:41'),
(256, NULL, 'bot', 3, 'Mon - SatSun9:00 am - 6:00 pmClosed', 0, 0, 0, '2025-09-23 14:23:41', '2025-09-23 14:23:41'),
(257, 1, 'user', 3, 'select_branch_hours:3', 0, 0, 0, '2025-09-23 14:23:41', '2025-09-23 14:23:41'),
(258, NULL, 'bot', 3, 'Mon - SatSun9:00 am - 6:00 pmClosed', 0, 0, 0, '2025-09-23 14:23:41', '2025-09-23 14:23:41'),
(259, 1, 'user', 3, 'select_branch_hours:3', 0, 0, 0, '2025-09-23 14:23:42', '2025-09-23 14:23:42'),
(260, NULL, 'bot', 3, 'Mon - SatSun9:00 am - 6:00 pmClosed', 0, 0, 0, '2025-09-23 14:23:42', '2025-09-23 14:23:42'),
(261, 1, 'user', NULL, 'opening', 0, 0, 0, '2025-09-23 14:25:45', '2025-09-23 14:25:45'),
(262, 1, 'user', 2, 'select_branch_hours:2', 0, 0, 0, '2025-09-23 14:25:45', '2025-09-23 14:25:45'),
(263, NULL, 'bot', 2, 'Mon - Sun10:00 am - 09:00 pm', 0, 0, 0, '2025-09-23 14:25:45', '2025-09-23 14:25:45'),
(264, 1, 'user', 2, 'select_branch_hours:2', 0, 0, 0, '2025-09-23 14:25:46', '2025-09-23 14:25:46'),
(265, NULL, 'bot', 2, 'Mon - Sun10:00 am - 09:00 pm', 0, 0, 0, '2025-09-23 14:25:46', '2025-09-23 14:25:46'),
(266, 1, 'user', 2, 'select_branch_hours:2', 0, 0, 0, '2025-09-23 14:25:46', '2025-09-23 14:25:46'),
(267, NULL, 'bot', 2, 'Mon - Sun10:00 am - 09:00 pm', 0, 0, 0, '2025-09-23 14:25:46', '2025-09-23 14:25:46'),
(268, 1, 'user', 2, 'select_branch_hours:2', 0, 0, 0, '2025-09-23 14:25:46', '2025-09-23 14:25:46'),
(269, NULL, 'bot', 2, 'Mon - Sun10:00 am - 09:00 pm', 0, 0, 0, '2025-09-23 14:25:46', '2025-09-23 14:25:46'),
(270, 1, 'user', 1, 'select_branch_hours:1', 0, 0, 0, '2025-09-23 14:27:38', '2025-09-23 14:27:38'),
(271, NULL, 'bot', 1, 'MonTue - SunClosed10:00 am - 07:30 pm', 0, 0, 0, '2025-09-23 14:27:38', '2025-09-23 14:27:38'),
(272, 1, 'user', 1, 'select_branch_hours:1', 0, 0, 0, '2025-09-23 14:27:38', '2025-09-23 14:27:38'),
(273, NULL, 'bot', 1, 'MonTue - SunClosed10:00 am - 07:30 pm', 0, 0, 0, '2025-09-23 14:27:38', '2025-09-23 14:27:38'),
(274, 1, 'user', 1, 'select_branch_hours:1', 0, 0, 0, '2025-09-23 14:27:39', '2025-09-23 14:27:39'),
(275, NULL, 'bot', 1, 'MonTue - SunClosed10:00 am - 07:30 pm', 0, 0, 0, '2025-09-23 14:27:39', '2025-09-23 14:27:39'),
(276, 1, 'user', NULL, 'opening', 0, 0, 0, '2025-09-23 14:27:47', '2025-09-23 14:27:47'),
(277, 1, 'user', 1, 'select_branch_hours:1', 0, 0, 0, '2025-09-23 14:27:47', '2025-09-23 14:27:47'),
(278, NULL, 'bot', 1, 'MonTue - SunClosed10:00 am - 07:30 pm', 0, 0, 0, '2025-09-23 14:27:47', '2025-09-23 14:27:47'),
(279, 1, 'user', 1, 'select_branch_hours:1', 0, 0, 0, '2025-09-23 14:27:48', '2025-09-23 14:27:48'),
(280, NULL, 'bot', 1, 'MonTue - SunClosed10:00 am - 07:30 pm', 0, 0, 0, '2025-09-23 14:27:48', '2025-09-23 14:27:48'),
(281, 1, 'user', 1, 'select_branch_hours:1', 0, 0, 0, '2025-09-23 14:27:48', '2025-09-23 14:27:48'),
(282, NULL, 'bot', 1, 'MonTue - SunClosed10:00 am - 07:30 pm', 0, 0, 0, '2025-09-23 14:27:48', '2025-09-23 14:27:48'),
(283, 1, 'user', 1, 'select_branch_hours:1', 0, 0, 0, '2025-09-23 14:27:48', '2025-09-23 14:27:48'),
(284, NULL, 'bot', 1, 'MonTue - SunClosed10:00 am - 07:30 pm', 0, 0, 0, '2025-09-23 14:27:48', '2025-09-23 14:27:48'),
(285, 1, 'user', 1, 'select_branch_hours:1', 0, 0, 0, '2025-09-23 14:27:49', '2025-09-23 14:27:49'),
(286, NULL, 'bot', 1, 'MonTue - SunClosed10:00 am - 07:30 pm', 0, 0, 0, '2025-09-23 14:27:49', '2025-09-23 14:27:49'),
(287, 1, 'user', 4, 'select_branch_hours:4', 0, 0, 0, '2025-09-23 14:29:56', '2025-09-23 14:29:56'),
(288, NULL, 'bot', 4, 'Mon - Sun10:00 am - 10:00 pm', 0, 0, 0, '2025-09-23 14:29:56', '2025-09-23 14:29:56'),
(289, 1, 'user', 4, 'select_branch_hours:4', 0, 0, 0, '2025-09-23 14:30:20', '2025-09-23 14:30:20'),
(290, NULL, 'bot', 4, 'Mon - Sun10:00 am - 10:00 pm', 0, 0, 0, '2025-09-23 14:30:20', '2025-09-23 14:30:20'),
(291, 1, 'user', 3, 'select_branch_hours:3', 0, 0, 0, '2025-09-23 14:30:21', '2025-09-23 14:30:21'),
(292, NULL, 'bot', 3, 'Mon - SatSun9:00 am - 6:00 pmClosed', 0, 0, 0, '2025-09-23 14:30:21', '2025-09-23 14:30:21'),
(293, 1, 'user', 1, 'select_branch_hours:1', 0, 0, 0, '2025-09-23 14:30:21', '2025-09-23 14:30:21'),
(294, NULL, 'bot', 1, 'MonTue - SunClosed10:00 am - 07:30 pm', 0, 0, 0, '2025-09-23 14:30:21', '2025-09-23 14:30:21'),
(295, 1, 'user', 2, 'select_branch_hours:2', 0, 0, 0, '2025-09-23 14:30:24', '2025-09-23 14:30:24'),
(296, NULL, 'bot', 2, 'Mon - Sun10:00 am - 09:00 pm', 0, 0, 0, '2025-09-23 14:30:24', '2025-09-23 14:30:24'),
(297, 1, 'user', 2, 'select_branch_hours:2', 0, 0, 0, '2025-09-23 14:30:25', '2025-09-23 14:30:25'),
(298, NULL, 'bot', 2, 'Mon - Sun10:00 am - 09:00 pm', 0, 0, 0, '2025-09-23 14:30:25', '2025-09-23 14:30:25'),
(299, 1, 'user', 3, 'select_branch_hours:3', 0, 0, 0, '2025-09-23 14:30:25', '2025-09-23 14:30:25'),
(300, NULL, 'bot', 3, 'Mon - SatSun9:00 am - 6:00 pmClosed', 0, 0, 0, '2025-09-23 14:30:25', '2025-09-23 14:30:25'),
(301, 1, 'user', 3, 'select_branch_hours:3', 0, 0, 0, '2025-09-23 14:30:25', '2025-09-23 14:30:25'),
(302, NULL, 'bot', 3, 'Mon - SatSun9:00 am - 6:00 pmClosed', 0, 0, 0, '2025-09-23 14:30:25', '2025-09-23 14:30:25'),
(303, 1, 'user', 3, 'select_branch_hours:3', 0, 0, 0, '2025-09-23 14:30:25', '2025-09-23 14:30:25'),
(304, NULL, 'bot', 3, 'Mon - SatSun9:00 am - 6:00 pmClosed', 0, 0, 0, '2025-09-23 14:30:25', '2025-09-23 14:30:25'),
(305, 1, 'user', 4, 'select_branch_hours:4', 0, 0, 0, '2025-09-23 14:30:26', '2025-09-23 14:30:26'),
(306, NULL, 'bot', 4, 'Mon - Sun10:00 am - 10:00 pm', 0, 0, 0, '2025-09-23 14:30:26', '2025-09-23 14:30:26'),
(307, 1, 'user', 3, 'select_branch_hours:3', 0, 0, 0, '2025-09-23 14:30:26', '2025-09-23 14:30:26'),
(308, NULL, 'bot', 3, 'Mon - SatSun9:00 am - 6:00 pmClosed', 0, 0, 0, '2025-09-23 14:30:26', '2025-09-23 14:30:26'),
(309, 1, 'user', 3, 'select_branch_hours:3', 0, 0, 0, '2025-09-23 14:30:26', '2025-09-23 14:30:26'),
(310, NULL, 'bot', 3, 'Mon - SatSun9:00 am - 6:00 pmClosed', 0, 0, 0, '2025-09-23 14:30:26', '2025-09-23 14:30:26'),
(311, 1, 'user', 2, 'select_branch_hours:2', 0, 0, 0, '2025-09-23 14:30:26', '2025-09-23 14:30:26'),
(312, NULL, 'bot', 2, 'Mon - Sun10:00 am - 09:00 pm', 0, 0, 0, '2025-09-23 14:30:26', '2025-09-23 14:30:26'),
(313, 1, 'user', 2, 'select_branch_hours:2', 0, 0, 0, '2025-09-23 14:30:27', '2025-09-23 14:30:27'),
(314, NULL, 'bot', 2, 'Mon - Sun10:00 am - 09:00 pm', 0, 0, 0, '2025-09-23 14:30:27', '2025-09-23 14:30:27'),
(315, 1, 'user', 1, 'select_branch_hours:1', 0, 0, 0, '2025-09-23 14:30:27', '2025-09-23 14:30:27'),
(316, NULL, 'bot', 1, 'MonTue - SunClosed10:00 am - 07:30 pm', 0, 0, 0, '2025-09-23 14:30:27', '2025-09-23 14:30:27'),
(317, 1, 'user', 1, 'select_branch_hours:1', 0, 0, 0, '2025-09-23 14:30:27', '2025-09-23 14:30:27'),
(318, NULL, 'bot', 1, 'MonTue - SunClosed10:00 am - 07:30 pm', 0, 0, 0, '2025-09-23 14:30:27', '2025-09-23 14:30:27'),
(319, 1, 'user', 1, 'select_branch_hours:1', 0, 0, 0, '2025-09-23 14:32:31', '2025-09-23 14:32:31'),
(320, NULL, 'bot', 1, 'MonTue - SunClosed10:00 am - 07:30 pm', 0, 0, 0, '2025-09-23 14:32:31', '2025-09-23 14:32:31'),
(321, 1, 'user', 1, 'select_branch_hours:1', 0, 0, 0, '2025-09-23 14:32:31', '2025-09-23 14:32:31'),
(322, NULL, 'bot', 1, 'MonTue - SunClosed10:00 am - 07:30 pm', 0, 0, 0, '2025-09-23 14:32:31', '2025-09-23 14:32:31'),
(323, 1, 'user', 1, 'select_branch_hours:1', 0, 0, 0, '2025-09-23 14:32:32', '2025-09-23 14:32:32'),
(324, NULL, 'bot', 1, 'MonTue - SunClosed10:00 am - 07:30 pm', 0, 0, 0, '2025-09-23 14:32:32', '2025-09-23 14:32:32'),
(325, 1, 'user', 1, 'select_branch_hours:1', 0, 0, 0, '2025-09-23 14:32:32', '2025-09-23 14:32:32'),
(326, NULL, 'bot', 1, 'MonTue - SunClosed10:00 am - 07:30 pm', 0, 0, 0, '2025-09-23 14:32:32', '2025-09-23 14:32:32'),
(327, 1, 'user', NULL, 'opening', 0, 0, 0, '2025-09-23 14:32:37', '2025-09-23 14:32:37'),
(328, 1, 'user', 1, 'select_branch_hours:1', 0, 0, 0, '2025-09-23 14:32:38', '2025-09-23 14:32:38'),
(329, NULL, 'bot', 1, 'MonTue - SunClosed10:00 am - 07:30 pm', 0, 0, 0, '2025-09-23 14:32:38', '2025-09-23 14:32:38'),
(330, 1, 'user', 1, 'select_branch_hours:1', 0, 0, 0, '2025-09-23 14:32:39', '2025-09-23 14:32:39'),
(331, NULL, 'bot', 1, 'MonTue - SunClosed10:00 am - 07:30 pm', 0, 0, 0, '2025-09-23 14:32:39', '2025-09-23 14:32:39'),
(332, 1, 'user', 1, 'select_branch_hours:1', 0, 0, 0, '2025-09-23 14:32:39', '2025-09-23 14:32:39'),
(333, NULL, 'bot', 1, 'MonTue - SunClosed10:00 am - 07:30 pm', 0, 0, 0, '2025-09-23 14:32:39', '2025-09-23 14:32:39'),
(334, 1, 'user', NULL, 'opening\\', 0, 0, 0, '2025-09-23 14:36:51', '2025-09-23 14:36:51'),
(335, 1, 'user', 1, 'select_branch_hours:1', 0, 0, 0, '2025-09-23 14:36:53', '2025-09-23 14:36:53'),
(336, NULL, 'bot', 1, 'MonTue - SunClosed10:00 am - 07:30 pm', 0, 0, 0, '2025-09-23 14:36:53', '2025-09-23 14:36:53'),
(337, 1, 'user', 1, 'select_branch_hours:1', 0, 0, 0, '2025-09-23 14:36:53', '2025-09-23 14:36:53'),
(338, NULL, 'bot', 1, 'MonTue - SunClosed10:00 am - 07:30 pm', 0, 0, 0, '2025-09-23 14:36:53', '2025-09-23 14:36:53'),
(339, 1, 'user', 1, 'select_branch_hours:1', 0, 0, 0, '2025-09-23 14:36:53', '2025-09-23 14:36:53'),
(340, NULL, 'bot', 1, 'MonTue - SunClosed10:00 am - 07:30 pm', 0, 0, 0, '2025-09-23 14:36:53', '2025-09-23 14:36:53'),
(341, 1, 'user', 1, 'select_branch_hours:1', 0, 0, 0, '2025-09-23 14:36:54', '2025-09-23 14:36:54'),
(342, NULL, 'bot', 1, 'MonTue - SunClosed10:00 am - 07:30 pm', 0, 0, 0, '2025-09-23 14:36:54', '2025-09-23 14:36:54'),
(343, 1, 'user', 2, 'select_branch_hours:2', 0, 0, 0, '2025-09-23 14:36:54', '2025-09-23 14:36:54'),
(344, NULL, 'bot', 2, 'Mon - Sun10:00 am - 09:00 pm', 0, 0, 0, '2025-09-23 14:36:54', '2025-09-23 14:36:54'),
(345, 1, 'user', 2, 'select_branch_hours:2', 0, 0, 0, '2025-09-23 14:36:54', '2025-09-23 14:36:54'),
(346, NULL, 'bot', 2, 'Mon - Sun10:00 am - 09:00 pm', 0, 0, 0, '2025-09-23 14:36:54', '2025-09-23 14:36:54'),
(347, 1, 'user', 2, 'select_branch_hours:2', 0, 0, 0, '2025-09-23 14:36:54', '2025-09-23 14:36:54'),
(348, NULL, 'bot', 2, 'Mon - Sun10:00 am - 09:00 pm', 0, 0, 0, '2025-09-23 14:36:54', '2025-09-23 14:36:54'),
(349, 1, 'user', 4, 'select_branch_hours:4', 0, 0, 0, '2025-09-23 14:36:55', '2025-09-23 14:36:55'),
(350, NULL, 'bot', 4, 'Mon - Sun10:00 am - 10:00 pm', 0, 0, 0, '2025-09-23 14:36:55', '2025-09-23 14:36:55'),
(351, 1, 'user', 4, 'select_branch_hours:4', 0, 0, 0, '2025-09-23 14:36:55', '2025-09-23 14:36:55'),
(352, NULL, 'bot', 4, 'Mon - Sun10:00 am - 10:00 pm', 0, 0, 0, '2025-09-23 14:36:55', '2025-09-23 14:36:55'),
(353, 1, 'user', 5, 'select_branch_hours:5', 0, 0, 0, '2025-09-23 14:36:55', '2025-09-23 14:36:55'),
(354, NULL, 'bot', 5, 'Mon - Sun10:00 am - 09:00 pm', 0, 0, 0, '2025-09-23 14:36:55', '2025-09-23 14:36:55'),
(355, 1, 'user', 5, 'select_branch_hours:5', 0, 0, 0, '2025-09-23 14:36:55', '2025-09-23 14:36:55'),
(356, NULL, 'bot', 5, 'Mon - Sun10:00 am - 09:00 pm', 0, 0, 0, '2025-09-23 14:36:55', '2025-09-23 14:36:55'),
(357, 1, 'user', 1, 'select_branch_hours:1', 0, 0, 0, '2025-09-23 14:36:56', '2025-09-23 14:36:56'),
(358, NULL, 'bot', 1, 'MonTue - SunClosed10:00 am - 07:30 pm', 0, 0, 0, '2025-09-23 14:36:56', '2025-09-23 14:36:56'),
(359, 1, 'user', NULL, 'opening', 0, 0, 0, '2025-09-23 14:41:42', '2025-09-23 14:41:42'),
(360, 1, 'user', 1, 'select_branch_hours:1', 0, 0, 0, '2025-09-23 14:41:43', '2025-09-23 14:41:43'),
(361, NULL, 'bot', 1, 'MonTue - SunClosed10:00 am - 07:30 pm', 0, 0, 0, '2025-09-23 14:41:43', '2025-09-23 14:41:43'),
(362, 1, 'user', 1, 'select_branch_hours:1', 0, 0, 0, '2025-09-23 14:41:43', '2025-09-23 14:41:43'),
(363, NULL, 'bot', 1, 'MonTue - SunClosed10:00 am - 07:30 pm', 0, 0, 0, '2025-09-23 14:41:43', '2025-09-23 14:41:43'),
(364, 1, 'user', 1, 'select_branch_hours:1', 0, 0, 0, '2025-09-23 14:41:44', '2025-09-23 14:41:44'),
(365, NULL, 'bot', 1, 'MonTue - SunClosed10:00 am - 07:30 pm', 0, 0, 0, '2025-09-23 14:41:44', '2025-09-23 14:41:44'),
(366, 1, 'user', 1, 'select_branch_hours:1', 0, 0, 0, '2025-09-23 14:41:44', '2025-09-23 14:41:44'),
(367, NULL, 'bot', 1, 'MonTue - SunClosed10:00 am - 07:30 pm', 0, 0, 0, '2025-09-23 14:41:44', '2025-09-23 14:41:44'),
(368, 1, 'user', 1, 'select_branch_hours:1', 0, 0, 0, '2025-09-23 14:41:44', '2025-09-23 14:41:44'),
(369, NULL, 'bot', 1, 'MonTue - SunClosed10:00 am - 07:30 pm', 0, 0, 0, '2025-09-23 14:41:44', '2025-09-23 14:41:44'),
(370, 1, 'user', 1, 'select_branch_hours:1', 0, 0, 0, '2025-09-23 14:41:44', '2025-09-23 14:41:44'),
(371, NULL, 'bot', 1, 'MonTue - SunClosed10:00 am - 07:30 pm', 0, 0, 0, '2025-09-23 14:41:44', '2025-09-23 14:41:44'),
(372, 1, 'user', 3, 'select_branch_hours:3', 0, 0, 0, '2025-09-23 14:41:44', '2025-09-23 14:41:44'),
(373, NULL, 'bot', 3, 'Mon - SatSun9:00 am - 6:00 pmClosed', 0, 0, 0, '2025-09-23 14:41:44', '2025-09-23 14:41:44'),
(374, 1, 'user', NULL, 'opening', 0, 0, 0, '2025-09-23 14:42:44', '2025-09-23 14:42:44'),
(375, NULL, 'bot', NULL, 'Our studio is open 10:00 AM to 10:00 PM daily.', 0, 0, 0, '2025-09-23 14:42:44', '2025-09-23 14:42:44'),
(376, 1, 'user', NULL, 'opening', 0, 0, 0, '2025-09-23 14:45:30', '2025-09-23 14:45:30'),
(377, NULL, 'bot', NULL, 'Our studio is open 10:00 AM to 10:00 PM daily.', 0, 0, 0, '2025-09-23 14:45:30', '2025-09-23 14:45:30'),
(378, NULL, 'bot', NULL, 'To book, please visit: /client/booking', 0, 0, 0, '2025-09-23 14:45:34', '2025-09-23 14:45:34'),
(379, NULL, 'bot', NULL, 'Sorry, I did not understand. Try: \"opening hours\" or \"book\".', 0, 0, 0, '2025-09-23 14:45:40', '2025-09-23 14:45:40'),
(380, 1, 'user', NULL, 'opening', 0, 0, 0, '2025-09-23 14:50:52', '2025-09-23 14:50:52'),
(381, 1, 'user', NULL, 'branch_hours_1', 0, 0, 0, '2025-09-23 14:50:54', '2025-09-23 14:50:54'),
(382, 1, 'user', NULL, 'branch_hours_2', 0, 0, 0, '2025-09-23 14:50:58', '2025-09-23 14:50:58'),
(383, 1, 'user', NULL, 'opening', 0, 0, 0, '2025-09-23 14:54:09', '2025-09-23 14:54:09'),
(384, 1, 'user', NULL, 'branch_hours_1', 0, 0, 0, '2025-09-23 14:54:10', '2025-09-23 14:54:10'),
(385, 1, 'user', NULL, 'branch_hours_1', 0, 0, 0, '2025-09-23 14:54:12', '2025-09-23 14:54:12'),
(386, 1, 'user', NULL, 'branch_hours_1', 0, 0, 0, '2025-09-23 14:55:35', '2025-09-23 14:55:35'),
(387, 1, 'user', NULL, 'branch_hours_1', 0, 0, 0, '2025-09-23 14:57:53', '2025-09-23 14:57:53'),
(388, 1, 'user', NULL, 'branch_hours_1', 0, 0, 0, '2025-09-23 14:57:54', '2025-09-23 14:57:54'),
(389, 1, 'user', NULL, 'branch_hours_1', 0, 0, 0, '2025-09-23 14:57:54', '2025-09-23 14:57:54'),
(390, 1, 'user', NULL, 'branch_hours_1', 0, 0, 0, '2025-09-23 14:58:00', '2025-09-23 14:58:00'),
(391, 1, 'user', NULL, 'branch_hours_4', 0, 0, 0, '2025-09-23 14:58:03', '2025-09-23 14:58:03'),
(392, 1, 'user', NULL, 'branch_hours_4', 0, 0, 0, '2025-09-23 14:58:04', '2025-09-23 14:58:04'),
(393, 1, 'user', NULL, 'branch_hours_2', 0, 0, 0, '2025-09-23 14:58:05', '2025-09-23 14:58:05'),
(394, 1, 'user', NULL, 'branch_hours_1', 0, 0, 0, '2025-09-23 14:58:06', '2025-09-23 14:58:06'),
(395, 1, 'user', NULL, 'branch_hours_1', 0, 0, 0, '2025-09-23 14:58:06', '2025-09-23 14:58:06'),
(396, 1, 'user', NULL, 'branch_hours_1', 0, 0, 0, '2025-09-23 14:58:07', '2025-09-23 14:58:07'),
(397, 1, 'user', NULL, 'opening', 0, 0, 0, '2025-09-23 14:58:29', '2025-09-23 14:58:29'),
(398, 1, 'user', NULL, 'branch_hours_1', 0, 0, 0, '2025-09-23 14:58:30', '2025-09-23 14:58:30'),
(399, 1, 'user', NULL, 'branch_hours_1', 0, 0, 0, '2025-09-23 15:02:07', '2025-09-23 15:02:07'),
(400, 1, 'user', NULL, 'opening', 0, 0, 0, '2025-09-23 15:06:04', '2025-09-23 15:06:04'),
(401, 1, 'user', NULL, 'branch_hours_1', 0, 0, 0, '2025-09-23 15:06:05', '2025-09-23 15:06:05'),
(402, 1, 'user', NULL, 'branch_hours_1', 0, 0, 0, '2025-09-23 15:06:06', '2025-09-23 15:06:06'),
(403, 1, 'user', NULL, 'branch_hours_2', 0, 0, 0, '2025-09-23 15:06:06', '2025-09-23 15:06:06'),
(404, 1, 'user', NULL, 'branch_hours_4', 0, 0, 0, '2025-09-23 15:06:08', '2025-09-23 15:06:08'),
(405, 1, 'user', NULL, 'branch_hours_5', 0, 0, 0, '2025-09-23 15:06:08', '2025-09-23 15:06:08'),
(406, 1, 'user', NULL, 'branch_hours_4', 0, 0, 0, '2025-09-23 15:06:09', '2025-09-23 15:06:09'),
(407, 1, 'user', NULL, 'branch_hours_1', 0, 0, 0, '2025-09-23 15:13:47', '2025-09-23 15:13:47'),
(408, NULL, 'bot', NULL, 'To book, please visit: /client/booking', 0, 0, 0, '2025-09-23 15:15:39', '2025-09-23 15:15:39'),
(409, 1, 'user', NULL, 'branch_hours_5', 0, 0, 0, '2025-09-23 15:15:42', '2025-09-23 15:15:42'),
(410, 1, 'user', NULL, 'opening hours', 0, 0, 0, '2025-09-23 15:15:48', '2025-09-23 15:15:48'),
(411, NULL, 'bot', NULL, 'Sorry, I did not understand. Try: \"opening hours\" or \"book\".', 0, 0, 0, '2025-09-23 15:16:09', '2025-09-23 15:16:09'),
(412, NULL, 'bot', NULL, 'Sorry, I did not understand. Try: \"opening hours\" or \"book\".', 0, 0, 0, '2025-09-23 15:16:13', '2025-09-23 15:16:13'),
(413, 1, 'user', NULL, 'opening', 0, 0, 0, '2025-09-23 15:16:22', '2025-09-23 15:16:22'),
(414, 1, 'user', NULL, 'branch_hours_1', 0, 0, 0, '2025-09-23 15:16:24', '2025-09-23 15:16:24'),
(415, 1, 'user', NULL, 'branch_hours_1', 0, 0, 0, '2025-09-23 15:16:25', '2025-09-23 15:16:25'),
(416, 1, 'user', NULL, 'opening', 0, 0, 0, '2025-09-23 15:44:52', '2025-09-23 15:44:52'),
(417, 1, 'user', NULL, 'branch_hours_1', 0, 0, 0, '2025-09-23 15:45:23', '2025-09-23 15:45:23'),
(418, 1, 'user', NULL, 'branch_hours_2', 0, 0, 0, '2025-09-23 15:45:36', '2025-09-23 15:45:36'),
(419, 1, 'user', NULL, 'opening', 0, 0, 0, '2025-09-23 15:47:50', '2025-09-23 15:47:50'),
(420, 1, 'user', NULL, 'branch_hours_1', 0, 0, 0, '2025-09-23 15:47:51', '2025-09-23 15:47:51'),
(421, 1, 'user', NULL, 'branch_hours_3', 0, 0, 0, '2025-09-23 15:47:53', '2025-09-23 15:47:53'),
(422, 1, 'user', NULL, 'opening', 0, 0, 0, '2025-09-23 15:52:56', '2025-09-23 15:52:56'),
(423, NULL, 'bot', NULL, 'Our studio is open 10:00 AM to 10:00 PM daily.', 0, 0, 0, '2025-09-23 15:52:56', '2025-09-23 15:52:56'),
(424, 1, 'user', NULL, 'opening', 0, 0, 0, '2025-09-25 13:46:59', '2025-09-25 13:46:59'),
(425, NULL, 'bot', NULL, 'Our studio is open 10:00 AM to 10:00 PM daily.', 0, 0, 0, '2025-09-25 13:46:59', '2025-09-25 13:46:59'),
(426, 1, 'user', NULL, 'opening', 0, 0, 0, '2025-09-25 14:00:06', '2025-09-25 14:00:06'),
(427, NULL, 'bot', NULL, 'Our studio is open 10:00 AM to 10:00 PM daily.', 0, 0, 0, '2025-09-25 14:00:06', '2025-09-25 14:00:06'),
(428, NULL, 'bot', NULL, 'Sorry, I did not understand. Try: \"opening hours\" or \"book\".', 0, 0, 0, '2025-09-25 14:00:22', '2025-09-25 14:00:22'),
(429, 1, 'user', NULL, 'menu', 0, 0, 0, '2025-09-25 14:04:53', '2025-09-25 14:04:53'),
(430, 1, 'user', NULL, 'connect_staff', 0, 0, 0, '2025-09-25 14:04:55', '2025-09-25 14:04:55'),
(431, 1, 'bot', 2, 'Great! I\'ve connected you to Ayala Center Cebu. Our staff will assist you shortly.', 0, 0, 0, '2025-09-25 14:04:57', '2025-09-25 14:04:57'),
(432, 1, 'user', NULL, 'menu', 0, 0, 0, '2025-09-25 14:05:32', '2025-09-25 14:05:32'),
(433, 1, 'user', NULL, 'opening', 0, 0, 0, '2025-09-25 14:05:34', '2025-09-25 14:05:34'),
(434, NULL, 'bot', NULL, 'Our studio is open 10:00 AM to 10:00 PM daily.', 0, 0, 0, '2025-09-25 14:05:34', '2025-09-25 14:05:34'),
(435, 1, 'user', NULL, 'menu', 0, 0, 0, '2025-09-25 14:05:36', '2025-09-25 14:05:36'),
(436, NULL, 'bot', NULL, 'To book, please visit: /client/booking', 0, 0, 0, '2025-09-25 14:05:38', '2025-09-25 14:05:38'),
(437, 1, 'user', NULL, 'menu', 0, 0, 0, '2025-09-25 14:05:44', '2025-09-25 14:05:44'),
(438, 1, 'user', NULL, 'connect_staff', 0, 0, 0, '2025-09-25 14:05:46', '2025-09-25 14:05:46'),
(439, 1, 'bot', 2, 'Great! I\'ve connected you to Ayala Center Cebu. Our staff will assist you shortly.', 0, 0, 0, '2025-09-25 14:05:48', '2025-09-25 14:05:48'),
(440, NULL, 'bot', NULL, 'Sorry, I did not understand. Try: \"opening hours\", \"book\", or \"connect to staff\".', 0, 0, 0, '2025-09-25 14:09:53', '2025-09-25 14:09:53'),
(441, 1, 'user', NULL, 'menu', 0, 0, 0, '2025-09-25 14:15:17', '2025-09-25 14:15:17'),
(442, 1, 'user', NULL, 'connect_staff', 0, 0, 0, '2025-09-25 14:15:19', '2025-09-25 14:15:19'),
(443, 1, 'user', 2, 'connect_branch:2', 0, 1, 0, '2025-09-25 14:15:20', '2025-09-25 14:15:20'),
(444, 1, 'bot', 2, 'I\'ve forwarded your message to Ayala Center Cebu staff. They will respond to you shortly. If you need immediate assistance, you can also visit us directly or call our branch.', 0, 0, 0, '2025-09-25 14:15:20', '2025-09-25 14:15:20'),
(445, 1, 'user', 2, 'hello', 0, 1, 0, '2025-09-25 14:15:42', '2025-09-25 14:15:42'),
(446, 1, 'bot', 2, 'I\'ve forwarded your message to Ayala Center Cebu staff. They will respond to you shortly. If you need immediate assistance, you can also visit us directly or call our branch.', 0, 0, 0, '2025-09-25 14:15:42', '2025-09-25 14:15:42'),
(447, 1, 'user', 2, 'hello', 0, 1, 0, '2025-09-25 14:15:46', '2025-09-25 14:15:46'),
(448, 1, 'bot', 2, 'I\'ve forwarded your message to Ayala Center Cebu staff. They will respond to you shortly. If you need immediate assistance, you can also visit us directly or call our branch.', 0, 0, 0, '2025-09-25 14:15:46', '2025-09-25 14:15:46'),
(449, 1, 'user', 2, 'hi', 0, 1, 0, '2025-09-25 14:17:36', '2025-09-25 14:17:36'),
(450, 1, 'bot', 2, 'I\'ve forwarded your message to Ayala Center Cebu staff. They will respond to you shortly. If you need immediate assistance, you can also visit us directly or call our branch.', 0, 0, 0, '2025-09-25 14:17:36', '2025-09-25 14:17:36'),
(451, 1, 'user', 2, 'zsad', 0, 1, 0, '2025-09-25 14:20:14', '2025-09-25 14:20:14'),
(452, 1, 'bot', 2, 'I\'ve forwarded your message to Ayala Center Cebu staff. They will respond to you shortly. If you need immediate assistance, you can also visit us directly or call our branch.', 0, 0, 0, '2025-09-25 14:20:14', '2025-09-25 14:20:14'),
(453, 1, 'user', NULL, 'menu', 0, 0, 0, '2025-09-25 14:21:08', '2025-09-25 14:21:08');
INSERT INTO `messages` (`id`, `user_id`, `sender_type`, `branch_id`, `message`, `is_read`, `forwarded_to_staff`, `staff_notification_sent`, `created_at`, `updated_at`) VALUES
(454, 1, 'user', NULL, 'connect_staff', 0, 0, 0, '2025-09-25 14:21:10', '2025-09-25 14:21:10'),
(455, 1, 'user', 2, 'connect_branch:1', 0, 1, 0, '2025-09-25 14:21:12', '2025-09-25 14:21:12'),
(456, 1, 'bot', 2, 'I\'ve forwarded your message to Ayala Center Cebu staff. They will respond to you shortly. If you need immediate assistance, you can also visit us directly or call our branch.', 0, 0, 0, '2025-09-25 14:21:12', '2025-09-25 14:21:12'),
(457, 1, 'user', 2, 'hi', 0, 1, 0, '2025-09-25 14:21:15', '2025-09-25 14:21:15'),
(458, 1, 'bot', 2, 'I\'ve forwarded your message to Ayala Center Cebu staff. They will respond to you shortly. If you need immediate assistance, you can also visit us directly or call our branch.', 0, 0, 0, '2025-09-25 14:21:15', '2025-09-25 14:21:15'),
(459, 1, 'user', 2, 'hi', 0, 1, 0, '2025-09-25 14:23:41', '2025-09-25 14:23:41'),
(460, 1, 'bot', 2, 'I\'ve forwarded your message to Ayala Center Cebu staff. They will respond to you shortly. If you need immediate assistance, you can also visit us directly or call our branch.', 0, 0, 0, '2025-09-25 14:23:41', '2025-09-25 14:23:41'),
(461, 1, 'user', NULL, 'menu', 0, 0, 0, '2025-09-25 14:27:22', '2025-09-25 14:27:22'),
(462, 1, 'user', NULL, 'opening', 0, 0, 0, '2025-09-25 14:27:25', '2025-09-25 14:27:25'),
(463, NULL, 'bot', NULL, 'Our studio is open 10:00 AM to 10:00 PM daily.', 0, 0, 0, '2025-09-25 14:27:25', '2025-09-25 14:27:25'),
(464, 1, 'user', NULL, 'menu', 0, 0, 0, '2025-09-25 14:52:40', '2025-09-25 14:52:40'),
(465, 1, 'user', NULL, 'opening', 0, 0, 0, '2025-09-25 14:52:42', '2025-09-25 14:52:42'),
(466, NULL, 'bot', NULL, 'Our studio is open 10:00 AM to 10:00 PM daily.', 0, 0, 0, '2025-09-25 14:52:42', '2025-09-25 14:52:42'),
(467, 1, 'user', NULL, 'menu', 0, 0, 0, '2025-09-25 14:52:45', '2025-09-25 14:52:45'),
(468, 1, 'user', NULL, 'connect_staff', 0, 0, 0, '2025-09-25 14:52:47', '2025-09-25 14:52:47'),
(469, 1, 'user', 2, 'connect_branch:1', 0, 1, 0, '2025-09-25 14:52:49', '2025-09-25 14:52:49'),
(470, 1, 'bot', 2, 'I\'ve forwarded your message to Ayala Center Cebu staff. They will respond to you shortly. If you need immediate assistance, you can also visit us directly or call our branch.', 0, 0, 0, '2025-09-25 14:52:49', '2025-09-25 14:52:49'),
(471, 1, 'user', NULL, 'MENU', 0, 0, 0, '2025-09-25 15:08:05', '2025-09-25 15:08:05'),
(472, 1, 'user', NULL, 'connect_staff', 0, 0, 0, '2025-09-25 15:08:07', '2025-09-25 15:08:07'),
(473, 1, 'user', 2, 'connect_branch:4', 0, 1, 0, '2025-09-25 15:08:07', '2025-09-25 15:08:07'),
(474, 1, 'bot', 2, 'Message sent to Ayala Center Cebu staff. They will respond to you shortly through this chat.', 0, 0, 0, '2025-09-25 15:08:07', '2025-09-25 15:08:07'),
(475, 1, 'user', 2, 'hi', 0, 1, 0, '2025-09-25 15:08:10', '2025-09-25 15:08:10'),
(476, 1, 'bot', 2, 'Message sent to Ayala Center Cebu staff. They will respond to you shortly through this chat.', 0, 0, 0, '2025-09-25 15:08:10', '2025-09-25 15:08:10'),
(477, 1, 'user', NULL, 'menu', 0, 0, 0, '2025-09-25 15:08:24', '2025-09-25 15:08:24'),
(478, 1, 'user', NULL, 'connect_staff', 0, 0, 0, '2025-09-25 15:08:27', '2025-09-25 15:08:27'),
(479, 1, 'user', 2, 'connect_branch:1', 0, 1, 0, '2025-09-25 15:08:28', '2025-09-25 15:08:28'),
(480, 1, 'bot', 2, 'Message sent to Ayala Center Cebu staff. They will respond to you shortly through this chat.', 0, 0, 0, '2025-09-25 15:08:28', '2025-09-25 15:08:28'),
(481, 1, 'user', NULL, 'menu', 0, 0, 0, '2025-09-25 15:08:31', '2025-09-25 15:08:31'),
(482, 1, 'user', NULL, 'connect_staff', 0, 0, 0, '2025-09-25 15:08:36', '2025-09-25 15:08:36'),
(483, 1, 'user', 2, 'connect_branch:1', 0, 1, 0, '2025-09-25 15:08:37', '2025-09-25 15:08:37'),
(484, 1, 'bot', 2, 'Message sent to Ayala Center Cebu staff. They will respond to you shortly through this chat.', 0, 0, 0, '2025-09-25 15:08:37', '2025-09-25 15:08:37'),
(485, 1, 'user', 2, 'hello', 0, 1, 0, '2025-09-25 15:08:45', '2025-09-25 15:08:45'),
(486, 1, 'bot', 2, 'Message sent to Ayala Center Cebu staff. They will respond to you shortly through this chat.', 0, 0, 0, '2025-09-25 15:08:45', '2025-09-25 15:08:45'),
(487, 1, 'user', NULL, 'menu', 0, 0, 0, '2025-09-25 15:27:09', '2025-09-25 15:27:09'),
(488, 1, 'user', NULL, 'connect_staff', 0, 0, 0, '2025-09-25 15:27:11', '2025-09-25 15:27:11'),
(489, 1, 'user', 2, 'connect_branch:1', 0, 1, 0, '2025-09-25 15:27:12', '2025-09-25 15:27:12'),
(490, 1, 'bot', 2, 'Message sent to Ayala Center Cebu staff. They will respond to you shortly through this chat.', 0, 0, 0, '2025-09-25 15:27:12', '2025-09-25 15:27:12'),
(491, 1, 'user', 2, 'hello', 0, 1, 0, '2025-09-25 15:27:17', '2025-09-25 15:27:17'),
(492, 1, 'bot', 2, 'Message sent to Ayala Center Cebu staff. They will respond to you shortly through this chat.', 0, 0, 0, '2025-09-25 15:27:17', '2025-09-25 15:27:17'),
(493, 1, 'user', NULL, 'menu', 0, 0, 0, '2025-09-25 15:27:35', '2025-09-25 15:27:35'),
(494, 1, 'user', NULL, 'connect_staff', 0, 0, 0, '2025-09-25 15:27:37', '2025-09-25 15:27:37'),
(495, 1, 'user', 2, 'connect_branch:1', 0, 1, 0, '2025-09-25 15:27:39', '2025-09-25 15:27:39'),
(496, 1, 'bot', 2, 'Message sent to Ayala Center Cebu staff. They will respond to you shortly through this chat.', 0, 0, 0, '2025-09-25 15:27:39', '2025-09-25 15:27:39'),
(497, 1, 'user', NULL, 'menu', 0, 0, 0, '2025-09-25 15:27:43', '2025-09-25 15:27:43'),
(498, 1, 'user', NULL, 'connect_staff', 0, 0, 0, '2025-09-25 15:27:44', '2025-09-25 15:27:44'),
(499, 1, 'user', 2, 'connect_branch:5', 0, 1, 0, '2025-09-25 15:27:45', '2025-09-25 15:27:45'),
(500, 1, 'bot', 2, 'Message sent to Ayala Center Cebu staff. They will respond to you shortly through this chat.', 0, 0, 0, '2025-09-25 15:27:45', '2025-09-25 15:27:45'),
(501, 1, 'user', 2, 'haha', 0, 1, 0, '2025-09-25 15:27:55', '2025-09-25 15:27:55'),
(502, 1, 'bot', 2, 'Message sent to Ayala Center Cebu staff. They will respond to you shortly through this chat.', 0, 0, 0, '2025-09-25 15:27:55', '2025-09-25 15:27:55'),
(503, 1, 'user', NULL, 'menu', 0, 0, 0, '2025-09-25 15:27:57', '2025-09-25 15:27:57'),
(504, 1, 'user', NULL, 'connect_staff', 0, 0, 0, '2025-09-25 15:27:59', '2025-09-25 15:27:59'),
(505, 1, 'user', 2, 'connect_branch:2', 0, 1, 0, '2025-09-25 15:28:00', '2025-09-25 15:28:00'),
(506, 1, 'bot', 2, 'Message sent to Ayala Center Cebu staff. They will respond to you shortly through this chat.', 0, 0, 0, '2025-09-25 15:28:00', '2025-09-25 15:28:00'),
(507, 1, 'user', NULL, 'menu', 0, 0, 0, '2025-09-25 15:28:04', '2025-09-25 15:28:04'),
(508, 1, 'user', NULL, 'connect_staff', 0, 0, 0, '2025-09-25 15:28:05', '2025-09-25 15:28:05'),
(509, 1, 'user', 2, 'connect_branch:3', 0, 1, 0, '2025-09-25 15:28:06', '2025-09-25 15:28:06'),
(510, 1, 'bot', 2, 'Message sent to Ayala Center Cebu staff. They will respond to you shortly through this chat.', 0, 0, 0, '2025-09-25 15:28:06', '2025-09-25 15:28:06'),
(511, 1, 'user', NULL, 'menu', 0, 0, 0, '2025-09-25 15:31:27', '2025-09-25 15:31:27'),
(512, 1, 'user', NULL, 'connect_staff', 0, 0, 0, '2025-09-25 15:31:35', '2025-09-25 15:31:35'),
(513, 1, 'bot', 2, 'Great! I\'ve connected you to Ayala Center Cebu. Our staff will assist you shortly.', 0, 0, 0, '2025-09-25 15:31:37', '2025-09-25 15:31:37'),
(514, 1, 'user', NULL, 'menu', 0, 0, 0, '2025-09-25 15:31:40', '2025-09-25 15:31:40'),
(515, 1, 'user', NULL, 'connect_staff', 0, 0, 0, '2025-09-25 15:31:43', '2025-09-25 15:31:43'),
(516, 1, 'bot', 1, 'Great! I\'ve connected you to Banilad Town Centre. Our staff will assist you shortly.', 0, 0, 0, '2025-09-25 15:31:44', '2025-09-25 15:31:44'),
(517, 1, 'user', 1, 'hello', 1, 1, 0, '2025-09-25 15:31:59', '2025-09-25 15:32:03'),
(518, 1, 'bot', 1, 'Message sent to Banilad Town Centre staff. They will respond to you shortly through this chat.', 0, 0, 0, '2025-09-25 15:31:59', '2025-09-25 15:31:59'),
(519, 1, 'user', NULL, 'menui', 0, 0, 0, '2025-09-25 15:34:07', '2025-09-25 15:34:07'),
(520, 1, 'user', NULL, 'connect_staff', 0, 0, 0, '2025-09-25 15:34:08', '2025-09-25 15:34:08'),
(521, 1, 'bot', 4, 'Great! I\'ve connected you to SM City Cebu. Our staff will assist you shortly.', 0, 0, 0, '2025-09-25 15:34:09', '2025-09-25 15:34:09'),
(522, 1, 'user', NULL, 'menu', 0, 0, 0, '2025-09-25 15:34:12', '2025-09-25 15:34:12'),
(523, 1, 'user', NULL, 'connect_staff', 0, 0, 0, '2025-09-25 15:34:13', '2025-09-25 15:34:13'),
(524, 1, 'bot', 1, 'Great! I\'ve connected you to Banilad Town Centre. Our staff will assist you shortly.', 0, 0, 0, '2025-09-25 15:34:14', '2025-09-25 15:34:14'),
(525, 1, 'user', 1, 'hleolo', 1, 1, 0, '2025-09-25 15:34:17', '2025-09-25 15:34:22'),
(526, 1, 'staff', 1, 'hi', 1, 0, 0, '2025-09-25 15:44:46', '2025-09-25 15:44:46'),
(527, 1, 'user', NULL, 'menu', 0, 0, 0, '2025-09-25 15:45:01', '2025-09-25 15:45:01'),
(528, 1, 'user', NULL, 'connect_staff', 0, 0, 0, '2025-09-25 15:45:02', '2025-09-25 15:45:02'),
(529, 1, 'bot', 1, 'Great! I\'ve connected you to Banilad Town Centre. Our staff will assist you shortly.', 0, 0, 0, '2025-09-25 15:45:03', '2025-09-25 15:45:03'),
(530, 1, 'user', 1, 'hello', 1, 1, 0, '2025-09-25 15:45:06', '2025-09-25 15:45:13'),
(531, 1, 'bot', 1, 'Message sent to Banilad Town Centre staff. They will respond to you shortly through this chat.', 0, 0, 0, '2025-09-25 15:45:06', '2025-09-25 15:45:06'),
(532, 1, 'staff', 1, 'hello', 1, 0, 0, '2025-09-25 15:45:16', '2025-09-25 15:45:16'),
(533, 1, 'staff', 1, 'hello', 1, 0, 0, '2025-09-25 15:50:08', '2025-09-25 15:50:08'),
(534, 1, 'staff', 1, 'heello', 1, 0, 0, '2025-09-25 15:54:26', '2025-09-25 15:54:26'),
(535, 1, 'staff', 1, 'hello', 1, 0, 0, '2025-09-25 15:59:15', '2025-09-25 15:59:15'),
(536, 1, 'user', NULL, 'menu', 0, 0, 0, '2025-09-25 15:59:22', '2025-09-25 15:59:22'),
(537, 1, 'user', NULL, 'connect_staff', 0, 0, 0, '2025-09-25 15:59:24', '2025-09-25 15:59:24'),
(538, 1, 'bot', 1, 'Great! I\'ve connected you to Banilad Town Centre. Our staff will assist you shortly.', 0, 0, 0, '2025-09-25 15:59:25', '2025-09-25 15:59:25'),
(539, 1, 'user', 1, 'hiiiee', 1, 1, 0, '2025-09-25 15:59:28', '2025-09-25 15:59:37'),
(540, 1, 'bot', 1, 'Message sent to Banilad Town Centre staff. They will respond to you shortly through this chat.', 0, 0, 0, '2025-09-25 15:59:28', '2025-09-25 15:59:28'),
(541, 1, 'staff', 1, 'hello', 1, 0, 0, '2025-09-25 15:59:41', '2025-09-25 15:59:41'),
(542, 1, 'staff', 1, 'hello', 1, 0, 0, '2025-09-25 16:06:24', '2025-09-25 16:06:24'),
(543, 1, 'staff', 1, 'asdasd', 1, 0, 0, '2025-09-25 16:06:27', '2025-09-25 16:06:27'),
(544, 1, 'staff', 1, 'asd', 1, 0, 0, '2025-09-25 16:06:27', '2025-09-25 16:06:27'),
(545, 1, 'staff', 1, 'd', 1, 0, 0, '2025-09-25 16:06:28', '2025-09-25 16:06:28'),
(546, 1, 'user', NULL, 'menu', 0, 0, 0, '2025-09-25 16:06:38', '2025-09-25 16:06:38'),
(547, 1, 'user', NULL, 'connect_staff', 0, 0, 0, '2025-09-25 16:06:40', '2025-09-25 16:06:40'),
(548, 1, 'bot', 1, 'Great! I\'ve connected you to Banilad Town Centre. Our staff will assist you shortly.', 0, 0, 0, '2025-09-25 16:06:41', '2025-09-25 16:06:41'),
(549, 1, 'staff', 1, 'hello', 1, 0, 0, '2025-09-25 16:06:50', '2025-09-25 16:06:50'),
(550, 1, 'staff', 1, 'hello', 1, 0, 0, '2025-09-25 16:11:17', '2025-09-25 16:11:17'),
(551, 1, 'user', 1, 'he', 1, 1, 0, '2025-09-25 16:12:05', '2025-09-25 16:12:15'),
(552, 1, 'bot', 1, 'Message sent to Banilad Town Centre staff. They will respond to you shortly through this chat.', 0, 0, 0, '2025-09-25 16:12:05', '2025-09-25 16:12:05'),
(553, 1, 'user', 1, 'asd', 1, 1, 0, '2025-09-25 16:12:06', '2025-09-25 16:12:15'),
(554, 1, 'user', 1, 'asd', 1, 1, 0, '2025-09-25 16:12:07', '2025-09-25 16:12:15'),
(555, 1, 'user', 1, 'asd', 1, 1, 0, '2025-09-25 16:12:08', '2025-09-25 16:12:15'),
(556, 1, 'user', 1, 'sad', 1, 1, 0, '2025-09-25 16:12:10', '2025-09-25 16:12:15'),
(557, 1, 'user', 1, 'sd', 1, 1, 0, '2025-09-25 16:12:10', '2025-09-25 16:12:15'),
(558, 1, 'user', 1, 'asd', 1, 1, 0, '2025-09-25 16:12:10', '2025-09-25 16:12:15'),
(559, 1, 'user', 1, 'connect', 1, 1, 0, '2025-09-25 16:15:33', '2025-09-25 16:15:46'),
(560, 1, 'user', NULL, 'menu', 0, 0, 0, '2025-09-25 16:15:36', '2025-09-25 16:15:36'),
(561, 1, 'user', NULL, 'connect_staff', 0, 0, 0, '2025-09-25 16:15:38', '2025-09-25 16:15:38'),
(562, 1, 'bot', 1, 'Great! I\'ve connected you to Banilad Town Centre. Our staff will assist you shortly.', 0, 0, 0, '2025-09-25 16:15:39', '2025-09-25 16:15:39'),
(563, 1, 'user', 1, 'heasda', 1, 1, 0, '2025-09-25 16:15:43', '2025-09-25 16:15:46'),
(564, 1, 'staff', 1, 'hi', 1, 0, 0, '2025-09-25 16:15:49', '2025-09-25 16:15:49'),
(565, 1, 'staff', 1, 'asdadasd', 1, 0, 0, '2025-09-25 16:18:26', '2025-09-25 16:18:26'),
(566, 1, 'client', 1, 'menui', 0, 1, 0, '2025-09-25 16:22:44', '2025-09-25 16:22:44'),
(567, 1, 'client', 1, 'hi', 0, 1, 0, '2025-09-25 16:22:47', '2025-09-25 16:22:47'),
(568, 1, 'client', 1, 'asdasd', 0, 1, 0, '2025-09-25 16:32:00', '2025-09-25 16:32:00'),
(569, 1, 'client', 1, ']ad', 0, 1, 0, '2025-09-25 16:32:01', '2025-09-25 16:32:01'),
(570, 1, 'client', 1, 'd', 0, 1, 0, '2025-09-25 16:32:02', '2025-09-25 16:32:02'),
(571, 1, 'client', 1, 'asd', 0, 1, 0, '2025-09-25 16:32:02', '2025-09-25 16:32:02'),
(572, 1, 'user', NULL, 'branches', 0, 0, 0, '2025-09-25 16:43:08', '2025-09-25 16:43:08'),
(573, NULL, 'bot', 2, 'Opening hours for Ayala Center Cebu: Mon - Sun10:00 am - 09:00 pm', 0, 0, 0, '2025-09-25 16:43:10', '2025-09-25 16:43:10'),
(574, 1, 'user', 1, 'hello', 1, 1, 0, '2025-09-25 16:43:18', '2025-09-25 16:43:45'),
(575, 1, 'bot', 1, 'Message sent to Banilad Town Centre staff. They will respond to you shortly through this chat.', 0, 0, 0, '2025-09-25 16:43:18', '2025-09-25 16:43:18'),
(576, 1, 'user', NULL, 'connect_staff', 0, 0, 0, '2025-09-25 16:43:29', '2025-09-25 16:43:29'),
(577, 1, 'bot', 1, 'Great! I\'ve connected you to Banilad Town Centre. Our staff will assist you shortly.', 0, 0, 0, '2025-09-25 16:43:31', '2025-09-25 16:43:31'),
(578, 1, 'staff', 1, 'hii', 1, 0, 0, '2025-09-25 16:43:47', '2025-09-25 16:43:47'),
(579, 1, 'user', NULL, 'connect_staff', 0, 0, 0, '2025-09-25 16:44:01', '2025-09-25 16:44:01'),
(580, 1, 'bot', 1, 'Great! I\'ve connected you to Banilad Town Centre. Our staff will assist you shortly.', 0, 0, 0, '2025-09-25 16:44:04', '2025-09-25 16:44:04'),
(581, 1, 'user', 1, 'helll', 1, 1, 0, '2025-09-25 16:44:08', '2025-09-25 16:44:15'),
(582, 1, 'user', 1, 'asd', 1, 1, 0, '2025-09-25 16:44:09', '2025-09-25 16:44:15'),
(583, 1, 'user', 1, 'asd', 1, 1, 0, '2025-09-25 16:44:09', '2025-09-25 16:44:15'),
(584, 1, 'user', 1, 'asd', 1, 1, 0, '2025-09-25 16:44:10', '2025-09-25 16:44:15'),
(585, 1, 'staff', 1, 'hello', 1, 0, 0, '2025-09-25 16:44:19', '2025-09-25 16:44:19'),
(586, 1, 'user', NULL, 'menu', 0, 0, 0, '2025-10-13 14:59:29', '2025-10-13 14:59:29'),
(587, 1, 'user', NULL, 'opening', 0, 0, 0, '2025-10-13 14:59:31', '2025-10-13 14:59:31'),
(588, NULL, 'bot', NULL, 'Our studio is open 10:00 AM to 10:00 PM daily.', 0, 0, 0, '2025-10-13 14:59:31', '2025-10-13 14:59:31'),
(589, 1, 'user', NULL, 'menu', 0, 0, 0, '2025-10-13 14:59:36', '2025-10-13 14:59:36'),
(590, 1, 'user', NULL, 'connect_staff', 0, 0, 0, '2025-10-13 14:59:40', '2025-10-13 14:59:40'),
(591, 1, 'bot', 1, 'Great! I\'ve connected you to Banilad Town Centre. Our staff will assist you shortly.', 0, 0, 0, '2025-10-13 14:59:43', '2025-10-13 14:59:43'),
(592, 1, 'staff', 1, 'asdasdasd\\', 1, 0, 0, '2025-10-13 14:59:52', '2025-10-13 14:59:52'),
(593, 1, 'staff', 1, 'asd', 1, 0, 0, '2025-10-13 14:59:53', '2025-10-13 14:59:53'),
(594, 1, 'staff', 1, 'sdasd', 1, 0, 0, '2025-10-13 14:59:54', '2025-10-13 14:59:54');

-- --------------------------------------------------------

--
-- Table structure for table `migrations`
--

CREATE TABLE `migrations` (
  `id` int(10) UNSIGNED NOT NULL,
  `migration` varchar(255) NOT NULL,
  `batch` int(11) NOT NULL
) ENGINE=InnoDB DEFAULT CHARSET=utf8mb4 COLLATE=utf8mb4_unicode_ci;

--
-- Dumping data for table `migrations`
--

INSERT INTO `migrations` (`id`, `migration`, `batch`) VALUES
(1, '0001_01_01_000000_create_users_table', 1),
(2, '0001_01_01_000001_create_cache_table', 1),
(3, '0001_01_01_000002_create_jobs_table', 1),
(4, '2025_08_22_000004_create_branches_table', 2),
(5, '2025_08_25_000002_create_services_table', 2),
(6, '2025_08_22_000003_create_bookings_table', 3),
(7, '2025_08_22_000000_create_purchased_services_table', 4),
(8, '2025_08_23_000001_add_status_to_purchased_services_table', 5),
(9, '2025_08_23_000002_add_booking_id_to_purchased_services_table', 5),
(10, '2025_08_25_000003_add_treatment_details_to_services_table', 6),
(11, '2025_08_25_221413_add_image_to_services_table', 7),
(12, '2025_08_25_235000_add_role_to_users_table', 8),
(13, '2025_08_26_000005_create_transactions_table', 9),
(14, '2025_08_26_000001_create_promos_table', 10),
(15, '2025_08_26_000002_add_time_slot_and_slot_capacity_to_branches_table', 11),
(16, '2025_08_30_000012_add_branch_id_to_users_table', 12),
(17, '2025_09_01_000002_add_branch_id_to_promos_table', 13),
(18, '2025_09_01_000003_create_promo_service_table', 14),
(19, '2025_09_01_000004_add_category_to_promos_table', 14),
(20, '2025_09_01_000005_add_branch_id_to_services_table', 15),
(21, '2025_09_01_000006_create_branch_service_table', 16),
(22, '2025_09_01_000007_populate_branch_service_with_global_services', 17),
(23, '2025_09_01_000008_create_packages_table', 18),
(24, '2025_09_01_000009_add_active_to_branches_table', 19),
(25, '2025_09_01_000010_add_active_to_users_table', 20),
(26, '2025_09_01_000011_update_bookings_make_service_nullable_and_add_package_id', 21),
(27, '2025_09_02_000001_make_user_nullable_and_add_is_walkin_to_bookings', 22),
(28, '2025_09_02_000002_add_walkin_name_to_bookings', 23),
(29, '2025_09_02_000000_add_break_columns_to_branches_table', 24),
(30, '2025_09_03_000000_add_duration_to_services_table', 25),
(31, '2025_09_03_000001_add_duration_to_branch_service_table', 26),
(32, '2025_09_18_000001_add_profile_fields_to_users_table', 27),
(33, '2025_09_18_000100_create_messages_table', 28),
(34, '2025_09_23_000000_create_staff_table', 29),
(35, '2025_09_25_221211_add_forwarded_to_staff_to_messages_table', 30),
(36, '2025_09_25_230445_add_staff_notification_sent_to_messages_table', 31),
(37, '2025_09_26_005405_drop_staff_table', 32),
(38, '2025_10_08_140224_add_unique_constraint_to_branches_name', 33),
(39, '2025_09_26_204821_add_map_src_to_branches_table', 33),
(40, '2025_10_08_155503_add_contact_fields_to_bookings_table', 34),
(41, '2025_10_08_173548_add_active_column_to_services_table', 35),
(42, '2025_10_08_175946_make_user_id_nullable_in_purchased_services_table', 35),
(43, '2025_10_09_170155_add_contact_info_to_branches_table', 36),
(44, '2025_10_09_170212_add_contact_info_to_branches_table', 36);

-- --------------------------------------------------------

--
-- Table structure for table `packages`
--

CREATE TABLE `packages` (
  `id` bigint(20) UNSIGNED NOT NULL,
  `name` varchar(255) NOT NULL,
  `description` text DEFAULT NULL,
  `price` decimal(10,2) NOT NULL DEFAULT 0.00,
  `branch_id` bigint(20) UNSIGNED DEFAULT NULL,
  `active` tinyint(1) NOT NULL DEFAULT 1,
  `created_at` timestamp NULL DEFAULT NULL,
  `updated_at` timestamp NULL DEFAULT NULL
) ENGINE=InnoDB DEFAULT CHARSET=utf8mb4 COLLATE=utf8mb4_unicode_ci;

--
-- Dumping data for table `packages`
--

INSERT INTO `packages` (`id`, `name`, `description`, `price`, `branch_id`, `active`, `created_at`, `updated_at`) VALUES
(8, 'Christmas Package', NULL, 5000.00, 1, 1, '2025-09-12 14:43:39', '2025-09-12 14:43:39'),
(9, 'halloween', NULL, 3500.00, 1, 1, '2025-10-08 09:51:15', '2025-10-08 09:51:15');

-- --------------------------------------------------------

--
-- Table structure for table `package_service`
--

CREATE TABLE `package_service` (
  `id` bigint(20) UNSIGNED NOT NULL,
  `package_id` bigint(20) UNSIGNED NOT NULL,
  `service_id` bigint(20) UNSIGNED NOT NULL,
  `quantity` int(11) NOT NULL DEFAULT 1,
  `created_at` timestamp NULL DEFAULT NULL,
  `updated_at` timestamp NULL DEFAULT NULL
) ENGINE=InnoDB DEFAULT CHARSET=utf8mb4 COLLATE=utf8mb4_unicode_ci;

--
-- Dumping data for table `package_service`
--

INSERT INTO `package_service` (`id`, `package_id`, `service_id`, `quantity`, `created_at`, `updated_at`) VALUES
(17, 8, 3, 1, '2025-09-12 14:43:39', '2025-09-12 14:43:39'),
(18, 8, 4, 1, '2025-09-12 14:43:39', '2025-09-12 14:43:39'),
(19, 9, 1, 1, '2025-10-08 09:51:15', '2025-10-08 09:51:15'),
(20, 9, 2, 1, '2025-10-08 09:51:15', '2025-10-08 09:51:15');

-- --------------------------------------------------------

--
-- Table structure for table `password_reset_tokens`
--

CREATE TABLE `password_reset_tokens` (
  `email` varchar(255) NOT NULL,
  `token` varchar(255) NOT NULL,
  `created_at` timestamp NULL DEFAULT NULL
) ENGINE=InnoDB DEFAULT CHARSET=utf8mb4 COLLATE=utf8mb4_unicode_ci;

-- --------------------------------------------------------

--
-- Table structure for table `promos`
--

CREATE TABLE `promos` (
  `id` bigint(20) UNSIGNED NOT NULL,
  `branch_id` bigint(20) UNSIGNED DEFAULT NULL,
  `code` varchar(255) NOT NULL,
  `title` varchar(255) NOT NULL,
  `description` text DEFAULT NULL,
  `category` varchar(255) DEFAULT NULL,
  `discount` decimal(5,2) NOT NULL,
  `start_date` date DEFAULT NULL,
  `end_date` date DEFAULT NULL,
  `active` tinyint(1) NOT NULL DEFAULT 1,
  `created_at` timestamp NULL DEFAULT NULL,
  `updated_at` timestamp NULL DEFAULT NULL
) ENGINE=InnoDB DEFAULT CHARSET=utf8mb4 COLLATE=utf8mb4_unicode_ci;

--
-- Dumping data for table `promos`
--

INSERT INTO `promos` (`id`, `branch_id`, `code`, `title`, `description`, `category`, `discount`, `start_date`, `end_date`, `active`, `created_at`, `updated_at`) VALUES
(3, 1, '1234', '123123', 'qwaedqasda', NULL, 12.00, '2025-09-01', '2025-09-12', 1, '2025-09-01 10:56:28', '2025-09-02 14:40:13'),
(5, 1, '1231412', 'asdadadaw', 'adasda', 'Facial Services', 10.00, '2025-09-02', '2025-09-30', 1, '2025-09-01 12:47:12', '2025-09-02 14:39:02'),
(6, 1, '52312312', 'GVSDFAF', NULL, 'Immuno Boosters', 20.00, '2025-09-02', '2025-09-10', 1, '2025-09-02 15:15:18', '2025-09-02 15:15:18'),
(7, 1, 'asdasd', 'chrsitmas', NULL, 'Facial Services', 50.00, '2025-09-12', '2025-09-15', 1, '2025-09-12 14:48:32', '2025-09-12 14:48:32'),
(8, 1, '123123', 'halloween', NULL, NULL, 100.00, '2025-09-12', '2025-09-30', 1, '2025-09-12 15:00:55', '2025-09-12 15:00:55');

-- --------------------------------------------------------

--
-- Table structure for table `promo_service`
--

CREATE TABLE `promo_service` (
  `id` bigint(20) UNSIGNED NOT NULL,
  `promo_id` bigint(20) UNSIGNED NOT NULL,
  `service_id` bigint(20) UNSIGNED NOT NULL,
  `created_at` timestamp NULL DEFAULT NULL,
  `updated_at` timestamp NULL DEFAULT NULL
) ENGINE=InnoDB DEFAULT CHARSET=utf8mb4 COLLATE=utf8mb4_unicode_ci;

--
-- Dumping data for table `promo_service`
--

INSERT INTO `promo_service` (`id`, `promo_id`, `service_id`, `created_at`, `updated_at`) VALUES
(7, 5, 8, NULL, NULL);

-- --------------------------------------------------------

--
-- Table structure for table `purchased_services`
--

CREATE TABLE `purchased_services` (
  `id` bigint(20) UNSIGNED NOT NULL,
  `user_id` bigint(20) UNSIGNED DEFAULT NULL,
  `service_id` bigint(20) UNSIGNED NOT NULL,
  `booking_id` bigint(20) UNSIGNED DEFAULT NULL,
  `price` decimal(10,2) DEFAULT NULL,
  `description` varchar(255) DEFAULT NULL,
  `status` varchar(255) NOT NULL DEFAULT 'active',
  `created_at` timestamp NULL DEFAULT NULL,
  `updated_at` timestamp NULL DEFAULT NULL
) ENGINE=InnoDB DEFAULT CHARSET=utf8mb4 COLLATE=utf8mb4_unicode_ci;

--
-- Dumping data for table `purchased_services`
--

INSERT INTO `purchased_services` (`id`, `user_id`, `service_id`, `booking_id`, `price`, `description`, `status`, `created_at`, `updated_at`) VALUES
(1, 1, 2, 1, 2000.00, '', 'cancelled', '2025-08-25 12:50:41', '2025-08-25 12:50:49'),
(2, 1, 3, 2, 2800.00, '', 'cancelled', '2025-08-25 13:20:08', '2025-08-25 16:28:52'),
(3, 1, 12, 3, 3000.00, '', 'active', '2025-08-25 16:29:39', '2025-08-25 16:29:39'),
(4, 1, 2, 4, 2000.00, '', 'cancelled', '2025-08-25 16:29:53', '2025-08-25 16:29:57'),
(5, 1, 3, 5, 2800.00, '', 'active', '2025-08-25 16:30:11', '2025-08-25 16:30:11'),
(6, 1, 2, 6, 2000.00, '', 'active', '2025-08-26 07:04:34', '2025-08-26 07:04:34'),
(7, 5, 8, 7, 2700.00, '', 'active', '2025-08-26 07:14:25', '2025-08-26 07:14:25'),
(8, 1, 1, 8, 1100.00, '', 'active', '2025-08-26 09:26:26', '2025-08-26 09:26:26'),
(9, 1, 1, 9, 1100.00, '', 'active', '2025-08-26 09:26:43', '2025-08-26 09:26:43'),
(10, 1, 9, 10, 5000.00, '', 'active', '2025-08-26 09:26:56', '2025-08-26 09:26:56'),
(11, 1, 5, 11, 4500.00, '', 'active', '2025-08-26 09:28:15', '2025-08-26 09:28:15'),
(12, 1, 1, 12, 1100.00, '', 'cancelled', '2025-08-26 09:31:05', '2025-08-26 09:33:04'),
(13, 1, 3, 13, 2800.00, '', 'active', '2025-08-26 09:33:32', '2025-08-26 09:33:32'),
(14, 1, 10, 14, 1500.00, '', 'active', '2025-08-26 09:35:01', '2025-08-26 09:35:01'),
(15, 1, 2, 15, 2000.00, '', 'cancelled', '2025-08-26 09:36:35', '2025-08-26 09:36:51'),
(16, 1, 11, 16, 6500.00, '', 'active', '2025-08-26 09:37:09', '2025-08-26 09:37:09'),
(17, 1, 63, 17, 1100.00, '', 'active', '2025-08-26 09:38:08', '2025-08-26 09:38:08'),
(18, 1, 63, 18, 1100.00, '', 'active', '2025-08-26 09:58:07', '2025-08-26 09:58:07'),
(19, 1, 1, 19, 1100.00, '', 'active', '2025-08-31 13:34:47', '2025-08-31 13:34:47'),
(20, 1, 7, 20, 3000.00, '', 'cancelled', '2025-08-31 13:35:40', '2025-09-01 14:47:19'),
(21, 1, 72, 21, 1500.00, '', 'cancelled', '2025-08-31 13:36:15', '2025-08-31 13:40:50'),
(22, 1, 3, 22, 2800.00, '', 'cancelled', '2025-08-31 14:47:23', '2025-09-01 15:30:56'),
(23, 1, 2, 23, 2000.00, '', 'cancelled', '2025-08-31 14:47:30', '2025-09-01 15:30:53'),
(24, 1, 5, 24, 4500.00, '', 'cancelled', '2025-08-31 14:47:44', '2025-09-01 15:07:20'),
(25, 1, 4, 25, 2000.00, '', 'cancelled', '2025-08-31 14:47:54', '2025-09-01 15:30:50'),
(26, 1, 8, 26, 2700.00, '', 'cancelled', '2025-08-31 14:48:04', '2025-09-01 15:29:42'),
(27, 1, 1, 27, 1200.00, '', 'cancelled', '2025-09-01 12:58:52', '2025-09-01 12:59:03'),
(28, 1, 1, 28, 1200.00, '', 'cancelled', '2025-09-01 14:39:08', '2025-09-01 15:07:15'),
(29, 1, 1, 29, 1200.00, '', 'cancelled', '2025-09-01 14:46:35', '2025-09-01 14:47:52'),
(30, 1, 2, 29, 2000.00, '', 'cancelled', '2025-09-01 14:46:35', '2025-09-01 14:47:52'),
(31, 1, 1, 30, 1200.00, '', 'active', '2025-09-01 14:48:42', '2025-09-01 14:48:42'),
(32, 1, 2, 30, 2000.00, '', 'active', '2025-09-01 14:48:42', '2025-09-01 14:48:42'),
(33, 1, 3, 31, 2800.00, '', 'active', '2025-09-01 15:08:45', '2025-09-01 15:08:45'),
(34, 1, 4, 31, 2000.00, '', 'active', '2025-09-01 15:08:45', '2025-09-01 15:08:45'),
(35, 1, 1, 32, 1200.00, '', 'cancelled', '2025-09-01 15:29:04', '2025-09-01 15:29:38'),
(36, 1, 2, 32, 2000.00, '', 'cancelled', '2025-09-01 15:29:04', '2025-09-01 15:29:38'),
(37, 1, 1, 33, 1200.00, '', 'active', '2025-09-01 15:31:11', '2025-09-01 15:31:11'),
(38, 1, 1, 34, 1200.00, '', 'active', '2025-09-01 15:41:13', '2025-09-01 15:41:13'),
(39, 1, 2, 34, 2000.00, '', 'active', '2025-09-01 15:41:13', '2025-09-01 15:41:13'),
(40, 1, 2, 35, 2000.00, '', 'active', '2025-09-01 15:42:15', '2025-09-01 15:42:15'),
(41, 1, 1, 36, 1200.00, '', 'active', '2025-09-01 15:54:13', '2025-09-01 15:54:13'),
(42, 1, 3, 37, 2800.00, '', 'active', '2025-09-01 15:54:25', '2025-09-01 15:54:25'),
(43, 1, 4, 37, 2000.00, '', 'active', '2025-09-01 15:54:25', '2025-09-01 15:54:25'),
(44, 1, 16, 38, 2500.00, '', 'active', '2025-09-01 15:54:44', '2025-09-01 15:54:44'),
(45, 1, 14, 39, 2000.00, '', 'active', '2025-09-01 15:55:20', '2025-09-01 15:55:20'),
(46, 1, 15, 40, 2000.00, '', 'active', '2025-09-01 15:55:32', '2025-09-01 15:55:32'),
(47, 1, 1, 43, 1200.00, '', 'active', '2025-09-02 05:28:29', '2025-09-02 05:28:29'),
(48, 1, 2, 43, 2000.00, '', 'active', '2025-09-02 05:28:29', '2025-09-02 05:28:29'),
(49, 1, 1, 47, 1200.00, '', 'active', '2025-09-02 06:52:45', '2025-09-02 06:52:45'),
(50, 1, 2, 47, 2000.00, '', 'active', '2025-09-02 06:52:45', '2025-09-02 06:52:45'),
(51, 1, 16, 48, 2500.00, '', 'cancelled', '2025-09-02 07:10:43', '2025-09-03 05:14:05'),
(52, 1, 3, 49, 2800.00, '', 'active', '2025-09-02 07:11:02', '2025-09-02 07:11:02'),
(53, 1, 3, 50, 2800.00, '', 'cancelled', '2025-09-02 07:11:16', '2025-09-03 05:21:00'),
(54, 1, 1, 51, 1200.00, '', 'cancelled', '2025-09-02 07:11:45', '2025-09-03 05:21:03'),
(55, 1, 2, 51, 2000.00, '', 'cancelled', '2025-09-02 07:11:45', '2025-09-03 05:21:03'),
(56, 1, 16, 55, 2500.00, '', 'cancelled', '2025-09-02 08:47:03', '2025-09-03 04:56:48'),
(57, 1, 2, 57, 2000.00, '', 'cancelled', '2025-09-02 14:40:35', '2025-09-03 04:56:44'),
(58, 1, 1, 58, 1200.00, '', 'cancelled', '2025-09-02 15:18:35', '2025-09-03 04:56:41'),
(59, 1, 2, 58, 2000.00, '', 'cancelled', '2025-09-02 15:18:35', '2025-09-03 04:56:41'),
(60, 1, 3, 58, 2800.00, '', 'cancelled', '2025-09-02 15:18:35', '2025-09-03 04:56:41'),
(61, 1, 1, 59, 1200.00, '', 'cancelled', '2025-09-02 15:52:06', '2025-09-03 04:56:37'),
(62, 1, 1, 60, 1200.00, '', 'cancelled', '2025-09-03 03:14:07', '2025-09-03 04:56:32'),
(63, 1, 2, 60, 2000.00, '', 'cancelled', '2025-09-03 03:14:07', '2025-09-03 04:56:32'),
(64, 1, 3, 60, 2800.00, '', 'cancelled', '2025-09-03 03:14:07', '2025-09-03 04:56:32'),
(65, 1, 1, 61, 1200.00, '', 'cancelled', '2025-09-03 04:14:58', '2025-09-03 04:56:29'),
(66, 1, 1, 63, 1200.00, '', 'cancelled', '2025-09-03 04:16:01', '2025-09-03 04:56:26'),
(67, 1, 1, 64, 1200.00, '', 'cancelled', '2025-09-03 04:55:40', '2025-09-03 04:56:22'),
(68, 1, 1, 65, 1200.00, '', 'cancelled', '2025-09-03 04:57:11', '2025-09-03 05:13:11'),
(69, 1, 1, 67, 1200.00, '', 'cancelled', '2025-09-03 05:10:29', '2025-09-03 05:13:08'),
(70, 1, 1, 68, 1200.00, '', 'cancelled', '2025-09-03 05:13:29', '2025-09-03 05:13:56'),
(71, 1, 1, 69, 1200.00, '', 'cancelled', '2025-09-03 05:14:27', '2025-09-03 05:20:54'),
(72, 1, 1, 70, 1200.00, '', 'cancelled', '2025-09-03 05:20:12', '2025-09-03 05:20:51'),
(73, 1, 1, 71, 1200.00, '', 'cancelled', '2025-09-03 05:21:27', '2025-09-03 05:31:23'),
(74, 1, 1, 72, 1200.00, '', 'cancelled', '2025-09-03 05:25:31', '2025-09-03 05:31:19'),
(75, 1, 1, 73, 1200.00, '', 'cancelled', '2025-09-03 05:31:01', '2025-09-03 05:31:15'),
(76, 1, 1, 74, 1200.00, '', 'cancelled', '2025-09-03 05:32:49', '2025-09-03 06:08:45'),
(77, 1, 1, 76, 1200.00, '', 'cancelled', '2025-09-03 05:55:24', '2025-09-03 06:08:41'),
(78, 1, 1, 77, 1200.00, '', 'cancelled', '2025-09-03 06:08:57', '2025-09-03 06:29:50'),
(79, 1, 1, 83, 1200.00, '', 'active', '2025-09-11 05:15:52', '2025-09-11 05:15:52'),
(80, 1, 8, 86, 2700.00, '', 'active', '2025-09-11 06:37:09', '2025-09-11 06:37:09'),
(81, 1, 1, 88, 1200.00, '', 'active', '2025-09-11 09:10:03', '2025-09-11 09:10:03'),
(82, 1, 1, 89, 1200.00, '', 'cancelled', '2025-09-11 10:03:50', '2025-09-17 11:35:18'),
(83, 1, 2, 89, 2000.00, '', 'cancelled', '2025-09-11 10:03:50', '2025-09-17 11:35:18'),
(84, 1, 1, 91, 1200.00, '', 'active', '2025-09-12 13:54:45', '2025-09-12 13:54:45'),
(85, 1, 3, 95, 2800.00, '', 'cancelled', '2025-09-12 15:11:57', '2025-09-17 11:35:15'),
(86, 1, 4, 95, 2000.00, '', 'cancelled', '2025-09-12 15:11:57', '2025-09-17 11:35:15'),
(87, 1, 1, 96, 1200.00, '', 'active', '2025-09-17 14:11:30', '2025-09-17 14:11:30'),
(88, 1, 2, 96, 2000.00, '', 'active', '2025-09-17 14:11:30', '2025-09-17 14:11:30'),
(89, 1, 1, 97, 1200.00, '', 'cancelled', '2025-09-18 14:42:53', '2025-09-19 08:23:38'),
(90, 1, 1, 685, 1200.00, '', 'active', '2025-10-08 07:27:06', '2025-10-08 07:27:06'),
(91, 1, 1, 686, 1200.00, '', 'active', '2025-10-08 07:42:39', '2025-10-08 07:42:39'),
(92, 1, 1, 687, 1200.00, '', 'active', '2025-10-08 07:45:06', '2025-10-08 07:45:06'),
(93, 1, 1, 688, 1200.00, '', 'active', '2025-10-08 07:46:19', '2025-10-08 07:46:19'),
(94, 1, 1, 689, 1200.00, '', 'active', '2025-10-08 07:51:03', '2025-10-08 07:51:03'),
(95, 1, 2, 689, 2000.00, '', 'active', '2025-10-08 07:51:03', '2025-10-08 07:51:03'),
(96, 1, 1, 690, 1200.00, '', 'active', '2025-10-08 07:52:56', '2025-10-08 07:52:56'),
(97, 1, 2, 690, 2000.00, '', 'active', '2025-10-08 07:52:56', '2025-10-08 07:52:56'),
(98, 1, 1, 691, 1200.00, '', 'active', '2025-10-08 07:59:16', '2025-10-08 07:59:16'),
(99, 1, 2, 691, 2000.00, '', 'active', '2025-10-08 07:59:16', '2025-10-08 07:59:16'),
(100, 1, 1, 692, 1200.00, '', 'active', '2025-10-08 07:59:36', '2025-10-08 07:59:36'),
(101, 1, 2, 692, 2000.00, '', 'active', '2025-10-08 07:59:36', '2025-10-08 07:59:36'),
(102, 1, 1, 694, 1200.00, '', 'active', '2025-10-08 08:52:21', '2025-10-08 08:52:21'),
(103, 1, 1, 695, 1200.00, '', 'active', '2025-10-08 09:04:20', '2025-10-08 09:04:20'),
(104, 1, 1, 696, 1200.00, '', 'active', '2025-10-08 09:10:49', '2025-10-08 09:10:49'),
(105, 1, 2, 696, 2000.00, '', 'active', '2025-10-08 09:10:49', '2025-10-08 09:10:49'),
(106, 1, 2, 697, 2000.00, '', 'active', '2025-10-08 09:12:59', '2025-10-08 09:12:59'),
(107, 1, 3, 700, 2800.00, '', 'active', '2025-10-08 09:23:23', '2025-10-08 09:23:23'),
(108, 1, 1, 701, 1200.00, '', 'active', '2025-10-08 09:31:46', '2025-10-08 09:31:46'),
(109, NULL, 2, 707, 2000.00, '', 'active', '2025-10-08 10:01:40', '2025-10-08 10:01:40'),
(110, NULL, 2, 708, 2000.00, '', 'active', '2025-10-08 10:01:57', '2025-10-08 10:01:57'),
(111, NULL, 1, 709, 1200.00, '', 'active', '2025-10-08 10:03:11', '2025-10-08 10:03:11'),
(112, NULL, 1, 710, 1200.00, '', 'active', '2025-10-08 10:03:52', '2025-10-08 10:03:52'),
(113, 1, 1, 711, 1200.00, '', 'active', '2025-10-08 10:19:48', '2025-10-08 10:19:48'),
(114, 1, 1, 712, 1200.00, '', 'active', '2025-10-08 10:20:55', '2025-10-08 10:20:55'),
(115, NULL, 1, 713, 1200.00, '', 'active', '2025-10-08 10:21:36', '2025-10-08 10:21:36'),
(116, 1, 1, 714, 1200.00, '', 'cancelled', '2025-10-13 14:27:48', '2025-10-13 14:40:55'),
(117, 1, 1, 715, 1200.00, '', 'active', '2025-10-13 14:31:14', '2025-10-13 14:31:14');

-- --------------------------------------------------------

--
-- Table structure for table `services`
--

CREATE TABLE `services` (
  `id` bigint(20) UNSIGNED NOT NULL,
  `branch_id` bigint(20) UNSIGNED DEFAULT NULL,
  `name` varchar(255) NOT NULL,
  `image` varchar(255) DEFAULT NULL,
  `category` varchar(255) NOT NULL,
  `price` decimal(10,2) NOT NULL,
  `duration` int(11) NOT NULL DEFAULT 1,
  `description` text DEFAULT NULL,
  `treatment_details` text DEFAULT NULL,
  `created_at` timestamp NULL DEFAULT NULL,
  `updated_at` timestamp NULL DEFAULT NULL
) ENGINE=InnoDB DEFAULT CHARSET=utf8mb4 COLLATE=utf8mb4_unicode_ci;

--
-- Dumping data for table `services`
--

INSERT INTO `services` (`id`, `branch_id`, `name`, `image`, `category`, `price`, `duration`, `description`, `treatment_details`, `created_at`, `updated_at`) VALUES
(1, NULL, 'Skin911 Complete Facial', NULL, 'Facial Services', 1200.00, 1, NULL, NULL, NULL, '2025-09-01 12:48:03'),
(2, NULL, 'Diamond Peel with complete facial', NULL, 'Facial Services', 2000.00, 1, NULL, NULL, NULL, NULL),
(3, NULL, 'Hydrafacial', NULL, 'Facial Services', 2800.00, 1, NULL, NULL, NULL, NULL),
(4, NULL, 'Wart removal (face and neck)', NULL, 'Facial Services', 2000.00, 1, NULL, NULL, NULL, NULL),
(5, NULL, 'Microneedling', NULL, 'Facial Services', 4500.00, 1, NULL, NULL, NULL, NULL),
(6, NULL, 'Skin Rejuvenation Laser + Facial', NULL, 'Facial Services', 3000.00, 1, NULL, NULL, NULL, NULL),
(7, NULL, 'Pigmentation Laser + Facial', NULL, 'Facial Services', 3000.00, 1, NULL, NULL, NULL, NULL),
(8, NULL, 'Acne laser + Acne Facial', NULL, 'Facial Services', 2700.00, 1, NULL, NULL, NULL, NULL),
(9, NULL, 'HIFU Ultralift', NULL, 'Facial Services', 5000.00, 1, NULL, NULL, NULL, NULL),
(10, NULL, 'Immuno gold + Vitamin C', NULL, 'Immuno Boosters', 1500.00, 1, NULL, NULL, NULL, NULL),
(11, NULL, 'Elea White Drip', NULL, 'Immuno Boosters', 6500.00, 1, NULL, NULL, NULL, NULL),
(12, NULL, 'Cindella Drip', NULL, 'Immuno Boosters', 3000.00, 1, NULL, NULL, NULL, NULL),
(13, NULL, 'Luminous White Drip', NULL, 'Immuno Boosters', 4500.00, 1, NULL, NULL, NULL, NULL),
(14, NULL, 'Collagen Injection', NULL, 'Immuno Boosters', 2000.00, 1, NULL, NULL, NULL, NULL),
(15, NULL, 'Placenta Injection', NULL, 'Immuno Boosters', 2000.00, 1, NULL, NULL, NULL, NULL),
(16, NULL, 'Radio frequency RF', NULL, 'Slimming Services', 2500.00, 1, NULL, NULL, NULL, NULL),
(17, NULL, 'Lipo Cavitation + RF', NULL, 'Slimming Services', 4000.00, 1, NULL, NULL, NULL, NULL),
(18, NULL, 'Lipo-cavitation', NULL, 'Slimming Services', 2500.00, 1, NULL, NULL, NULL, NULL),
(19, NULL, 'Diode Lipo Laser', NULL, 'Slimming Services', 3500.00, 1, NULL, NULL, NULL, NULL),
(20, NULL, 'TRIO slim', NULL, 'Slimming Services', 5000.00, 1, NULL, NULL, NULL, NULL),
(21, NULL, 'Underarms', NULL, 'Permanent Hair Removal', 7000.00, 1, NULL, NULL, NULL, NULL),
(22, NULL, 'Bikini', NULL, 'Permanent Hair Removal', 5000.00, 1, NULL, NULL, NULL, NULL),
(23, NULL, 'Full Brazilian', NULL, 'Permanent Hair Removal', 9000.00, 3, NULL, NULL, NULL, '2025-10-08 09:22:08'),
(24, NULL, 'Mustache', NULL, 'Permanent Hair Removal', 4000.00, 1, NULL, NULL, NULL, NULL),
(25, NULL, 'Beard', NULL, 'Permanent Hair Removal', 7500.00, 1, NULL, NULL, NULL, NULL),
(26, NULL, 'Mustache & Beard', NULL, 'Permanent Hair Removal', 8000.00, 1, NULL, NULL, NULL, NULL),
(27, NULL, 'Half Legs', NULL, 'Permanent Hair Removal', 7500.00, 1, NULL, NULL, NULL, NULL),
(28, NULL, 'Full Legs', NULL, 'Permanent Hair Removal', 9500.00, 1, NULL, NULL, NULL, NULL),
(29, NULL, 'Full Arms', NULL, 'Permanent Hair Removal', 8000.00, 1, NULL, NULL, NULL, NULL),
(30, NULL, 'Full Face', NULL, 'Permanent Hair Removal', 9000.00, 1, NULL, NULL, NULL, NULL),
(31, NULL, 'Chest/Back', NULL, 'Permanent Hair Removal', 10000.00, 1, NULL, NULL, NULL, NULL),
(32, NULL, 'Skin911 Complete Facial', NULL, 'Facial Services', 1100.00, 1, NULL, 'A deep cleansing facial that rejuvenates and hydrates your skin. Ideal for all skin types and helps restore a healthy glow.', NULL, NULL),
(33, NULL, 'Diamond Peel with complete facial', NULL, 'Facial Services', 2000.00, 1, NULL, 'Removes dead skin cells and improves skin texture. Perfect for reducing fine lines and brightening complexion.', NULL, NULL),
(34, NULL, 'Hydrafacial', NULL, 'Facial Services', 2800.00, 1, NULL, 'Hydrates and cleanses the skin using advanced technology. Leaves your skin feeling refreshed and deeply moisturized.', NULL, NULL),
(35, NULL, 'Wart removal (face and neck)', NULL, 'Facial Services', 2000.00, 1, NULL, 'Safe and effective removal of facial and neck warts. Quick procedure with minimal discomfort and downtime.', NULL, NULL),
(36, NULL, 'Microneedling', NULL, 'Facial Services', 4500.00, 1, NULL, 'Stimulates collagen production for smoother skin. Reduces scars, wrinkles, and improves overall skin texture.', NULL, NULL),
(37, NULL, 'Skin Rejuvenation Laser + Facial', NULL, 'Facial Services', 3000.00, 1, NULL, 'Laser treatment combined with facial for rejuvenation. Helps reduce pigmentation and signs of aging.', NULL, NULL),
(38, NULL, 'Pigmentation Laser + Facial', NULL, 'Facial Services', 3000.00, 1, NULL, 'Targets pigmentation issues for a more even skin tone. Effective for sun spots and melasma.', NULL, NULL),
(39, NULL, 'Acne laser + Acne Facial', NULL, 'Facial Services', 2700.00, 1, NULL, 'Laser and facial treatment for acne-prone skin. Minimizes breakouts and promotes clearer skin.', NULL, NULL),
(40, NULL, 'HIFU Ultralift', NULL, 'Facial Services', 5000.00, 1, NULL, 'Non-surgical lifting and tightening of the skin. Results in firmer, more youthful appearance.', NULL, NULL),
(41, NULL, 'Immuno gold + Vitamin C', NULL, 'Immuno Boosters', 1500.00, 1, NULL, 'Boosts immunity and skin health. Enhances skin radiance and overall wellness.', NULL, NULL),
(42, NULL, 'Elea White Drip', NULL, 'Immuno Boosters', 6500.00, 1, NULL, 'Brightens and whitens skin tone. Provides antioxidant protection and hydration.', NULL, NULL),
(43, NULL, 'Cindella Drip', NULL, 'Immuno Boosters', 3000.00, 1, NULL, 'Antioxidant drip for skin radiance. Revitalizes dull skin and supports detoxification.', NULL, NULL),
(44, NULL, 'Luminous White Drip', NULL, 'Immuno Boosters', 4500.00, 1, NULL, 'Intensive whitening and brightening treatment. Improves skin clarity and luminosity.', NULL, NULL),
(45, NULL, 'Collagen Injection', NULL, 'Immuno Boosters', 2000.00, 1, NULL, 'Improves skin elasticity and firmness. Helps reduce wrinkles and maintain youthful skin.', NULL, NULL),
(46, NULL, 'Placenta Injection', NULL, 'Immuno Boosters', 2000.00, 1, NULL, 'Promotes skin regeneration and healing. Supports cell renewal for healthier skin.', NULL, NULL),
(47, NULL, 'Radio frequency RF', NULL, 'Slimming Services', 2500.00, 1, NULL, 'Non-invasive slimming and contouring. Tightens skin and reduces stubborn fat.', NULL, NULL),
(48, NULL, 'Lipo Cavitation + RF', NULL, 'Slimming Services', 4000.00, 1, NULL, 'Fat reduction and skin tightening combo. Effective for body sculpting and cellulite reduction.', NULL, NULL),
(49, NULL, 'Lipo-cavitation', NULL, 'Slimming Services', 2500.00, 1, NULL, 'Ultrasound fat reduction treatment. Targets localized fat deposits for a slimmer look.', NULL, NULL),
(50, NULL, 'Diode Lipo Laser', NULL, 'Slimming Services', 3500.00, 1, NULL, 'Laser-based fat reduction. Safe and painless way to contour your body.', NULL, NULL),
(51, NULL, 'TRIO slim', NULL, 'Slimming Services', 5000.00, 1, NULL, 'Triple-action slimming treatment. Combines multiple technologies for maximum results.', NULL, NULL),
(52, NULL, 'Underarms', NULL, 'Permanent Hair Removal', 7000.00, 1, NULL, 'Permanent hair removal for underarms. Leaves skin smooth and hair-free for longer.', NULL, NULL),
(53, NULL, 'Bikini', NULL, 'Permanent Hair Removal', 5000.00, 1, NULL, 'Permanent hair removal for bikini area. Gentle and effective for sensitive skin.', NULL, NULL),
(54, NULL, 'Full Brazilian', NULL, 'Permanent Hair Removal', 9000.00, 1, NULL, 'Permanent hair removal for full Brazilian area. Achieve long-lasting smoothness and comfort.', NULL, NULL),
(55, NULL, 'Mustache', NULL, 'Permanent Hair Removal', 4000.00, 1, NULL, 'Permanent hair removal for mustache. Quick and precise treatment for facial hair.', NULL, NULL),
(56, NULL, 'Beard', NULL, 'Permanent Hair Removal', 7500.00, 1, NULL, 'Permanent hair removal for beard. Suitable for all beard types and skin tones.', NULL, NULL),
(57, NULL, 'Mustache & Beard', NULL, 'Permanent Hair Removal', 8000.00, 1, NULL, 'Permanent hair removal for mustache and beard. Comprehensive solution for facial hair removal.', NULL, NULL),
(58, NULL, 'Half Legs', NULL, 'Permanent Hair Removal', 7500.00, 1, NULL, 'Permanent hair removal for half legs. Enjoy smooth legs with minimal maintenance.', NULL, NULL),
(59, NULL, 'Full Legs', NULL, 'Permanent Hair Removal', 9500.00, 1, NULL, 'Permanent hair removal for full legs. Ideal for those seeking complete leg smoothness.', NULL, NULL),
(60, NULL, 'Full Arms', NULL, 'Permanent Hair Removal', 8000.00, 1, NULL, 'Permanent hair removal for full arms. Effective for both men and women.', NULL, NULL),
(61, NULL, 'Full Face', NULL, 'Permanent Hair Removal', 9000.00, 1, NULL, 'Permanent hair removal for full face. Achieve flawless, hair-free facial skin.', NULL, NULL),
(62, NULL, 'Chest/Back', NULL, 'Permanent Hair Removal', 10000.00, 1, NULL, 'Permanent hair removal for chest and back. Great for larger areas and long-lasting results.', NULL, NULL),
(63, NULL, 'Skin911 Complete Facial', 'img/services/skin1.jpg', 'Facial Services', 1100.00, 1, NULL, 'A deep cleansing facial that rejuvenates and hydrates your skin. Ideal for all skin types and helps restore a healthy glow.', NULL, NULL),
(64, NULL, 'Diamond Peel with complete facial', 'img/services/skin2.jpg', 'Facial Services', 2000.00, 1, NULL, 'Removes dead skin cells and improves skin texture. Perfect for reducing fine lines and brightening complexion.', NULL, NULL),
(65, NULL, 'Hydrafacial', 'img/services/skin3.jpg', 'Facial Services', 2800.00, 1, NULL, 'Hydrates and cleanses the skin using advanced technology. Leaves your skin feeling refreshed and deeply moisturized.', NULL, NULL),
(66, NULL, 'Wart removal (face and neck)', 'img/services/skin4.jpg', 'Facial Services', 2000.00, 1, NULL, 'Safe and effective removal of facial and neck warts. Quick procedure with minimal discomfort and downtime.', NULL, NULL),
(67, NULL, 'Microneedling', 'img/services/skin5.jpg', 'Facial Services', 4500.00, 1, NULL, 'Stimulates collagen production for smoother skin. Reduces scars, wrinkles, and improves overall skin texture.', NULL, NULL),
(68, NULL, 'Skin Rejuvenation Laser + Facial', 'img/services/skin1.jpg', 'Facial Services', 3000.00, 1, NULL, 'Laser treatment combined with facial for rejuvenation. Helps reduce pigmentation and signs of aging.', NULL, NULL),
(69, NULL, 'Pigmentation Laser + Facial', 'img/services/skin2.jpg', 'Facial Services', 3000.00, 1, NULL, 'Targets pigmentation issues for a more even skin tone. Effective for sun spots and melasma.', NULL, NULL),
(70, NULL, 'Acne laser + Acne Facial', 'img/services/skin3.jpg', 'Facial Services', 2700.00, 1, NULL, 'Laser and facial treatment for acne-prone skin. Minimizes breakouts and promotes clearer skin.', NULL, NULL),
(71, NULL, 'HIFU Ultralift', 'img/services/skin4.jpg', 'Facial Services', 5000.00, 1, NULL, 'Non-surgical lifting and tightening of the skin. Results in firmer, more youthful appearance.', NULL, NULL),
(72, NULL, 'Immuno gold + Vitamin C', 'img/services/skin5.jpg', 'Immuno Boosters', 1500.00, 1, NULL, 'Boosts immunity and skin health. Enhances skin radiance and overall wellness.', NULL, NULL),
(73, NULL, 'Elea White Drip', 'img/services/skin1.jpg', 'Immuno Boosters', 6500.00, 1, NULL, 'Brightens and whitens skin tone. Provides antioxidant protection and hydration.', NULL, NULL),
(74, NULL, 'Cindella Drip', 'img/services/skin2.jpg', 'Immuno Boosters', 3000.00, 1, NULL, 'Antioxidant drip for skin radiance. Revitalizes dull skin and supports detoxification.', NULL, NULL),
(75, NULL, 'Luminous White Drip', 'img/services/skin3.jpg', 'Immuno Boosters', 4500.00, 1, NULL, 'Intensive whitening and brightening treatment. Improves skin clarity and luminosity.', NULL, NULL),
(76, NULL, 'Collagen Injection', 'img/services/skin4.jpg', 'Immuno Boosters', 2000.00, 1, NULL, 'Improves skin elasticity and firmness. Helps reduce wrinkles and maintain youthful skin.', NULL, NULL),
(77, NULL, 'Placenta Injection', 'img/services/skin5.jpg', 'Immuno Boosters', 2000.00, 1, NULL, 'Promotes skin regeneration and healing. Supports cell renewal for healthier skin.', NULL, NULL),
(78, NULL, 'Radio frequency RF', 'img/services/skin1.jpg', 'Slimming Services', 2500.00, 1, NULL, 'Non-invasive slimming and contouring. Tightens skin and reduces stubborn fat.', NULL, NULL),
(79, NULL, 'Lipo Cavitation + RF', 'img/services/skin2.jpg', 'Slimming Services', 4000.00, 1, NULL, 'Fat reduction and skin tightening combo. Effective for body sculpting and cellulite reduction.', NULL, NULL),
(80, NULL, 'Lipo-cavitation', 'img/services/skin3.jpg', 'Slimming Services', 2500.00, 1, NULL, 'Ultrasound fat reduction treatment. Targets localized fat deposits for a slimmer look.', NULL, NULL),
(81, NULL, 'Diode Lipo Laser', 'img/services/skin4.jpg', 'Slimming Services', 3500.00, 1, NULL, 'Laser-based fat reduction. Safe and painless way to contour your body.', NULL, NULL),
(82, NULL, 'TRIO slim', 'img/services/skin5.jpg', 'Slimming Services', 5000.00, 1, NULL, 'Triple-action slimming treatment. Combines multiple technologies for maximum results.', NULL, NULL),
(83, NULL, 'Underarms', 'img/services/skin1.jpg', 'Permanent Hair Removal', 7000.00, 1, NULL, 'Permanent hair removal for underarms. Leaves skin smooth and hair-free for longer.', NULL, NULL),
(84, NULL, 'Bikini', 'img/services/skin2.jpg', 'Permanent Hair Removal', 5000.00, 1, NULL, 'Permanent hair removal for bikini area. Gentle and effective for sensitive skin.', NULL, NULL),
(85, NULL, 'Full Brazilian', 'img/services/skin3.jpg', 'Permanent Hair Removal', 9000.00, 1, NULL, 'Permanent hair removal for full Brazilian area. Achieve long-lasting smoothness and comfort.', NULL, NULL),
(86, NULL, 'Mustache', 'img/services/skin4.jpg', 'Permanent Hair Removal', 4000.00, 1, NULL, 'Permanent hair removal for mustache. Quick and precise treatment for facial hair.', NULL, NULL),
(87, NULL, 'Beard', 'img/services/skin5.jpg', 'Permanent Hair Removal', 7500.00, 1, NULL, 'Permanent hair removal for beard. Suitable for all beard types and skin tones.', NULL, NULL),
(88, NULL, 'Mustache & Beard', 'img/services/skin1.jpg', 'Permanent Hair Removal', 8000.00, 1, NULL, 'Permanent hair removal for mustache and beard. Comprehensive solution for facial hair removal.', NULL, NULL),
(89, NULL, 'Half Legs', 'img/services/skin2.jpg', 'Permanent Hair Removal', 7500.00, 1, NULL, 'Permanent hair removal for half legs. Enjoy smooth legs with minimal maintenance.', NULL, NULL),
(90, NULL, 'Full Legs', 'img/services/skin3.jpg', 'Permanent Hair Removal', 9500.00, 1, NULL, 'Permanent hair removal for full legs. Ideal for those seeking complete leg smoothness.', NULL, NULL),
(91, NULL, 'Full Arms', 'img/services/skin4.jpg', 'Permanent Hair Removal', 8000.00, 1, NULL, 'Permanent hair removal for full arms. Effective for both men and women.', NULL, NULL),
(92, NULL, 'Full Face', 'img/services/skin5.jpg', 'Permanent Hair Removal', 9000.00, 1, NULL, 'Permanent hair removal for full face. Achieve flawless, hair-free facial skin.', NULL, NULL),
(93, NULL, 'Chest/Back', 'img/services/skin1.jpg', 'Permanent Hair Removal', 10000.00, 1, NULL, 'Permanent hair removal for chest and back. Great for larger areas and long-lasting results.', NULL, NULL),
(97, NULL, 'Skin911 Complete Facial', 'img/services/skin1.jpg', 'Facial Services', 1100.00, 1, NULL, 'A deep cleansing facial that rejuvenates and hydrates your skin. Ideal for all skin types and helps restore a healthy glow.', NULL, NULL),
(98, NULL, 'Diamond Peel with complete facial', 'img/services/skin2.jpg', 'Facial Services', 2000.00, 1, NULL, 'Removes dead skin cells and improves skin texture. Perfect for reducing fine lines and brightening complexion.', NULL, NULL),
(99, NULL, 'Hydrafacial', 'img/services/skin3.jpg', 'Facial Services', 2800.00, 1, NULL, 'Hydrates and cleanses the skin using advanced technology. Leaves your skin feeling refreshed and deeply moisturized.', NULL, NULL),
(100, NULL, 'Wart removal (face and neck)', 'img/services/skin4.jpg', 'Facial Services', 2000.00, 1, NULL, 'Safe and effective removal of facial and neck warts. Quick procedure with minimal discomfort and downtime.', NULL, NULL),
(101, NULL, 'Microneedling', 'img/services/skin5.jpg', 'Facial Services', 4500.00, 1, NULL, 'Stimulates collagen production for smoother skin. Reduces scars, wrinkles, and improves overall skin texture.', NULL, NULL),
(102, NULL, 'Skin Rejuvenation Laser + Facial', 'img/services/skin1.jpg', 'Facial Services', 3000.00, 1, NULL, 'Laser treatment combined with facial for rejuvenation. Helps reduce pigmentation and signs of aging.', NULL, NULL),
(103, NULL, 'Pigmentation Laser + Facial', 'img/services/skin2.jpg', 'Facial Services', 3000.00, 1, NULL, 'Targets pigmentation issues for a more even skin tone. Effective for sun spots and melasma.', NULL, NULL),
(104, NULL, 'Acne laser + Acne Facial', 'img/services/skin3.jpg', 'Facial Services', 2700.00, 1, NULL, 'Laser and facial treatment for acne-prone skin. Minimizes breakouts and promotes clearer skin.', NULL, NULL),
(105, NULL, 'HIFU Ultralift', 'img/services/skin4.jpg', 'Facial Services', 5000.00, 1, NULL, 'Non-surgical lifting and tightening of the skin. Results in firmer, more youthful appearance.', NULL, NULL),
(106, NULL, 'Immuno gold + Vitamin C', 'img/services/skin5.jpg', 'Immuno Boosters', 1500.00, 1, NULL, 'Boosts immunity and skin health. Enhances skin radiance and overall wellness.', NULL, NULL),
(107, NULL, 'Elea White Drip', 'img/services/skin1.jpg', 'Immuno Boosters', 6500.00, 1, NULL, 'Brightens and whitens skin tone. Provides antioxidant protection and hydration.', NULL, NULL),
(108, NULL, 'Cindella Drip', 'img/services/skin2.jpg', 'Immuno Boosters', 3000.00, 1, NULL, 'Antioxidant drip for skin radiance. Revitalizes dull skin and supports detoxification.', NULL, NULL),
(109, NULL, 'Luminous White Drip', 'img/services/skin3.jpg', 'Immuno Boosters', 4500.00, 1, NULL, 'Intensive whitening and brightening treatment. Improves skin clarity and luminosity.', NULL, NULL),
(110, NULL, 'Collagen Injection', 'img/services/skin4.jpg', 'Immuno Boosters', 2000.00, 1, NULL, 'Improves skin elasticity and firmness. Helps reduce wrinkles and maintain youthful skin.', NULL, NULL),
(111, NULL, 'Placenta Injection', 'img/services/skin5.jpg', 'Immuno Boosters', 2000.00, 1, NULL, 'Promotes skin regeneration and healing. Supports cell renewal for healthier skin.', NULL, NULL),
(112, NULL, 'Radio frequency RF', 'img/services/skin1.jpg', 'Slimming Services', 2500.00, 1, NULL, 'Non-invasive slimming and contouring. Tightens skin and reduces stubborn fat.', NULL, NULL),
(113, NULL, 'Lipo Cavitation + RF', 'img/services/skin2.jpg', 'Slimming Services', 4000.00, 1, NULL, 'Fat reduction and skin tightening combo. Effective for body sculpting and cellulite reduction.', NULL, NULL),
(114, NULL, 'Lipo-cavitation', 'img/services/skin3.jpg', 'Slimming Services', 2500.00, 1, NULL, 'Ultrasound fat reduction treatment. Targets localized fat deposits for a slimmer look.', NULL, NULL),
(115, NULL, 'Diode Lipo Laser', 'img/services/skin4.jpg', 'Slimming Services', 3500.00, 1, NULL, 'Laser-based fat reduction. Safe and painless way to contour your body.', NULL, NULL),
(116, NULL, 'TRIO slim', 'img/services/skin5.jpg', 'Slimming Services', 5000.00, 1, NULL, 'Triple-action slimming treatment. Combines multiple technologies for maximum results.', NULL, NULL),
(117, NULL, 'Underarms', 'img/services/skin1.jpg', 'Permanent Hair Removal', 7000.00, 1, NULL, 'Permanent hair removal for underarms. Leaves skin smooth and hair-free for longer.', NULL, NULL),
(118, NULL, 'Bikini', 'img/services/skin2.jpg', 'Permanent Hair Removal', 5000.00, 1, NULL, 'Permanent hair removal for bikini area. Gentle and effective for sensitive skin.', NULL, NULL),
(119, NULL, 'Full Brazilian', 'img/services/skin3.jpg', 'Permanent Hair Removal', 9000.00, 1, NULL, 'Permanent hair removal for full Brazilian area. Achieve long-lasting smoothness and comfort.', NULL, NULL),
(120, NULL, 'Mustache', 'img/services/skin4.jpg', 'Permanent Hair Removal', 4000.00, 1, NULL, 'Permanent hair removal for mustache. Quick and precise treatment for facial hair.', NULL, NULL),
(121, NULL, 'Beard', 'img/services/skin5.jpg', 'Permanent Hair Removal', 7500.00, 1, NULL, 'Permanent hair removal for beard. Suitable for all beard types and skin tones.', NULL, NULL),
(122, NULL, 'Mustache & Beard', 'img/services/skin1.jpg', 'Permanent Hair Removal', 8000.00, 1, NULL, 'Permanent hair removal for mustache and beard. Comprehensive solution for facial hair removal.', NULL, NULL),
(123, NULL, 'Half Legs', 'img/services/skin2.jpg', 'Permanent Hair Removal', 7500.00, 1, NULL, 'Permanent hair removal for half legs. Enjoy smooth legs with minimal maintenance.', NULL, NULL),
(124, NULL, 'Full Legs', 'img/services/skin3.jpg', 'Permanent Hair Removal', 9500.00, 1, NULL, 'Permanent hair removal for full legs. Ideal for those seeking complete leg smoothness.', NULL, NULL),
(125, NULL, 'Full Arms', 'img/services/skin4.jpg', 'Permanent Hair Removal', 8000.00, 1, NULL, 'Permanent hair removal for full arms. Effective for both men and women.', NULL, NULL),
(126, NULL, 'Full Face', 'img/services/skin5.jpg', 'Permanent Hair Removal', 9000.00, 1, NULL, 'Permanent hair removal for full face. Achieve flawless, hair-free facial skin.', NULL, NULL),
(127, NULL, 'Chest/Back', 'img/services/skin1.jpg', 'Permanent Hair Removal', 10000.00, 1, NULL, 'Permanent hair removal for chest and back. Great for larger areas and long-lasting results.', NULL, NULL),
(128, NULL, 'Test 2-Hour Service', NULL, 'Test', 1000.00, 2, 'A test service that takes 2 hours', NULL, '2025-10-08 09:08:37', '2025-10-08 09:08:37'),
(129, NULL, 'Test 3-Hour Service', NULL, 'Test', 1500.00, 3, 'A test service that takes 3 hours', NULL, '2025-10-08 09:16:42', '2025-10-08 09:16:42');

-- --------------------------------------------------------

--
-- Table structure for table `sessions`
--

CREATE TABLE `sessions` (
  `id` varchar(255) NOT NULL,
  `user_id` bigint(20) UNSIGNED DEFAULT NULL,
  `ip_address` varchar(45) DEFAULT NULL,
  `user_agent` text DEFAULT NULL,
  `payload` longtext NOT NULL,
  `last_activity` int(11) NOT NULL
) ENGINE=InnoDB DEFAULT CHARSET=utf8mb4 COLLATE=utf8mb4_unicode_ci;

--
-- Dumping data for table `sessions`
--

INSERT INTO `sessions` (`id`, `user_id`, `ip_address`, `user_agent`, `payload`, `last_activity`) VALUES
('e5mxJbPZ4aflyuhopqZAB4j7ssWJxkoqDPE8SRUJ', NULL, '127.0.0.1', 'Mozilla/5.0 (Windows NT 10.0; Win64; x64) AppleWebKit/537.36 (KHTML, like Gecko) Chrome/141.0.0.0 Safari/537.36', 'YTo0OntzOjY6Il90b2tlbiI7czo0MDoiT0wzd3hOeFJjNXY1cjNrb2ZFazVRaVJESHdrM1Z6S1daMkdVaTg3dCI7czo5OiJfcHJldmlvdXMiO2E6MTp7czozOiJ1cmwiO3M6NDc6Imh0dHA6Ly8xMjcuMC4wLjE6ODAwMC9zdGFmZi9jdXN0b21lci1tZXNzYWdlcy8xIjt9czo2OiJfZmxhc2giO2E6Mjp7czozOiJvbGQiO2E6MDp7fXM6MzoibmV3IjthOjA6e319czo1MjoibG9naW5fc3RhZmZfNTliYTM2YWRkYzJiMmY5NDAxNTgwZjAxNGM3ZjU4ZWE0ZTMwOTg5ZCI7aTo5O30=', 1760367594),
('Q5i5TvKj3aebZOP69i8JGHQeiMZyYmARnWjpa6JX', 7, '127.0.0.1', 'Mozilla/5.0 (Windows NT 10.0; Win64; x64) AppleWebKit/537.36 (KHTML, like Gecko) Chrome/126.0.0.0 Safari/537.36', 'YTo0OntzOjY6Il90b2tlbiI7czo0MDoiVEV2bE10OERWYWhnT1ZFSDFyMWxwOUR4UnhzcTY2STFCUVdVV2lEYiI7czo5OiJfcHJldmlvdXMiO2E6MTp7czozOiJ1cmwiO3M6MzU6Imh0dHA6Ly8xMjcuMC4wLjE6ODAwMC9jZW8vZGFzaGJvYXJkIjt9czo2OiJfZmxhc2giO2E6Mjp7czozOiJvbGQiO2E6MDp7fXM6MzoibmV3IjthOjA6e319czo1MDoibG9naW5fd2ViXzU5YmEzNmFkZGMyYjJmOTQwMTU4MGYwMTRjN2Y1OGVhNGUzMDk4OWQiO2k6Nzt9', 1760368263),
('TaK8HH3V068BoFI4LaiPtNNJtqTizf7KPOQP3H5w', 8, '127.0.0.1', 'Mozilla/5.0 (Windows NT 10.0; Win64; x64) AppleWebKit/537.36 (KHTML, like Gecko) Chrome/141.0.0.0 Safari/537.36', 'YTo0OntzOjY6Il90b2tlbiI7czo0MDoiWVdMVEo0MFNCMzF1NFMwdFlSNEhPWjVTV3lFS2YwSzEydGZuNGp4RCI7czo5OiJfcHJldmlvdXMiO2E6MTp7czozOiJ1cmwiO3M6NDU6Imh0dHA6Ly8xMjcuMC4wLjE6ODAwMC9hZG1pbi9icmFuY2gtbWFuYWdlbWVudCI7fXM6NjoiX2ZsYXNoIjthOjI6e3M6Mzoib2xkIjthOjA6e31zOjM6Im5ldyI7YTowOnt9fXM6NTA6ImxvZ2luX3dlYl81OWJhMzZhZGRjMmIyZjk0MDE1ODBmMDE0YzdmNThlYTRlMzA5ODlkIjtpOjg7fQ==', 1760367238),
('Uw5HTseeD42dFq0AmCTcNRN1QvVUwTDwT0KsoVua', 1, '127.0.0.1', 'Mozilla/5.0 (Windows NT 10.0; Win64; x64) AppleWebKit/537.36 (KHTML, like Gecko) Chrome/126.0.0.0 Safari/537.36', 'YTo0OntzOjY6Il90b2tlbiI7czo0MDoiUEFDV3dkdTgyMUJXSHhFWFFnSklLYXJ0NDM3Y1M5eTcwV21xb29reiI7czo5OiJfcHJldmlvdXMiO2E6MTp7czozOiJ1cmwiO3M6NDg6Imh0dHA6Ly8xMjcuMC4wLjE6ODAwMC9hcGkvY2hlY2stc3RhZmYtY29ubmVjdGlvbiI7fXM6NjoiX2ZsYXNoIjthOjI6e3M6Mzoib2xkIjthOjA6e31zOjM6Im5ldyI7YTowOnt9fXM6NTA6ImxvZ2luX3dlYl81OWJhMzZhZGRjMmIyZjk0MDE1ODBmMDE0YzdmNThlYTRlMzA5ODlkIjtpOjE7fQ==', 1760369367);

-- --------------------------------------------------------

--
-- Table structure for table `transactions`
--

CREATE TABLE `transactions` (
  `id` bigint(20) UNSIGNED NOT NULL,
  `service_id` bigint(20) UNSIGNED NOT NULL,
  `branch_id` bigint(20) UNSIGNED DEFAULT NULL,
  `staff_id` bigint(20) UNSIGNED DEFAULT NULL,
  `amount` decimal(10,2) NOT NULL,
  `payment_method` varchar(255) NOT NULL,
  `created_at` timestamp NULL DEFAULT NULL,
  `updated_at` timestamp NULL DEFAULT NULL
) ENGINE=InnoDB DEFAULT CHARSET=utf8mb4 COLLATE=utf8mb4_unicode_ci;

--
-- Dumping data for table `transactions`
--

INSERT INTO `transactions` (`id`, `service_id`, `branch_id`, `staff_id`, `amount`, `payment_method`, `created_at`, `updated_at`) VALUES
(17, 4, NULL, 4, 2000.00, 'Cash', '2025-08-26 11:26:08', '2025-08-26 11:26:08'),
(18, 3, NULL, 4, 2800.00, 'Card', '2025-08-26 11:26:16', '2025-08-26 11:26:16'),
(19, 5, NULL, 4, 4500.00, 'E-wallet', '2025-08-31 13:50:01', '2025-08-31 13:50:01'),
(20, 1, 1, 9, 1200.00, 'Cash', '2025-09-12 13:58:18', '2025-09-12 13:58:18'),
(21, 1, 1, 9, 1400.00, 'Cash', '2025-09-12 13:58:32', '2025-09-12 13:58:32'),
(22, 1, 1, 9, 1200.00, 'Card', '2025-09-12 13:58:35', '2025-09-12 13:58:35'),
(23, 3, 1, 9, 2800.00, 'Cash', '2025-09-12 13:58:37', '2025-09-12 13:58:37'),
(24, 1, 1, 9, 1200.00, 'Cash', '2025-09-12 13:58:38', '2025-09-12 13:58:38'),
(25, 1, 1, 9, 1200.00, 'Cash', '2025-09-12 13:58:39', '2025-09-12 13:58:39'),
(26, 4, 1, 9, 2000.00, 'Cash', '2025-09-12 14:01:51', '2025-09-12 14:01:51'),
(27, 8, 1, 9, 2700.00, 'Cash', '2025-09-12 14:33:48', '2025-09-12 14:33:48'),
(28, 4, 1, 9, 2000.00, 'Card', '2025-09-12 14:38:13', '2025-09-12 14:38:13'),
(29, 7, 1, NULL, 771.00, 'card', '2025-05-17 00:42:43', '2025-05-17 00:42:43'),
(30, 8, 1, NULL, 1867.00, 'card', '2025-05-11 20:42:43', '2025-05-11 20:42:43'),
(31, 69, 1, NULL, 2067.00, 'cash', '2025-05-19 21:42:43', '2025-05-19 21:42:43'),
(32, 15, 1, NULL, 567.00, 'cash', '2025-05-06 19:42:43', '2025-05-06 19:42:43'),
(33, 7, 1, NULL, 1913.00, 'gcash', '2025-05-13 23:42:43', '2025-05-13 23:42:43'),
(34, 97, 1, NULL, 576.00, 'cash', '2025-05-16 03:42:43', '2025-05-16 03:42:43'),
(35, 35, 1, NULL, 2629.00, 'gcash', '2025-05-23 21:42:43', '2025-05-23 21:42:43'),
(36, 56, 1, NULL, 2757.00, 'card', '2025-04-27 22:42:43', '2025-04-27 22:42:43'),
(37, 33, 1, NULL, 1560.00, 'cash', '2025-05-07 20:42:43', '2025-05-07 20:42:43'),
(38, 64, 1, NULL, 2249.00, 'card', '2025-05-01 21:42:43', '2025-05-01 21:42:43'),
(39, 19, 1, NULL, 1838.00, 'cash', '2025-05-23 21:42:43', '2025-05-23 21:42:43'),
(40, 86, 1, NULL, 2645.00, 'card', '2025-05-21 22:42:43', '2025-05-21 22:42:43'),
(41, 109, 2, NULL, 2877.00, 'card', '2025-04-29 23:42:43', '2025-04-29 23:42:43'),
(42, 24, 2, NULL, 1740.00, 'gcash', '2025-05-13 03:42:43', '2025-05-13 03:42:43'),
(43, 36, 2, NULL, 1731.00, 'card', '2025-05-07 00:42:43', '2025-05-07 00:42:43'),
(44, 69, 2, NULL, 636.00, 'card', '2025-05-09 22:42:43', '2025-05-09 22:42:43'),
(45, 31, 2, NULL, 2485.00, 'cash', '2025-05-10 22:42:43', '2025-05-10 22:42:43'),
(46, 44, 2, NULL, 810.00, 'gcash', '2025-05-22 01:42:43', '2025-05-22 01:42:43'),
(47, 126, 2, NULL, 1997.00, 'cash', '2025-05-22 19:42:43', '2025-05-22 19:42:43'),
(48, 32, 3, NULL, 2228.00, 'card', '2025-05-03 02:42:43', '2025-05-03 02:42:43'),
(49, 76, 3, NULL, 1616.00, 'card', '2025-05-22 00:42:43', '2025-05-22 00:42:43'),
(50, 42, 3, NULL, 856.00, 'cash', '2025-05-16 21:42:43', '2025-05-16 21:42:43'),
(51, 120, 3, NULL, 1880.00, 'cash', '2025-04-28 20:42:43', '2025-04-28 20:42:43'),
(52, 32, 3, NULL, 2969.00, 'cash', '2025-05-16 20:42:43', '2025-05-16 20:42:43'),
(53, 28, 3, NULL, 1112.00, 'cash', '2025-05-21 03:42:43', '2025-05-21 03:42:43'),
(54, 36, 3, NULL, 839.00, 'gcash', '2025-05-08 01:42:43', '2025-05-08 01:42:43'),
(55, 118, 3, NULL, 1089.00, 'cash', '2025-05-08 00:42:43', '2025-05-08 00:42:43'),
(56, 9, 3, NULL, 1198.00, 'cash', '2025-05-07 22:42:43', '2025-05-07 22:42:43'),
(57, 43, 3, NULL, 2923.00, 'card', '2025-05-10 01:42:43', '2025-05-10 01:42:43'),
(58, 68, 3, NULL, 2035.00, 'gcash', '2025-05-06 03:42:43', '2025-05-06 03:42:43'),
(59, 17, 3, NULL, 931.00, 'card', '2025-04-30 20:42:43', '2025-04-30 20:42:43'),
(60, 74, 3, NULL, 2515.00, 'gcash', '2025-05-04 00:42:43', '2025-05-04 00:42:43'),
(61, 1, 3, NULL, 2856.00, 'gcash', '2025-05-09 03:42:43', '2025-05-09 03:42:43'),
(62, 122, 4, NULL, 535.00, 'gcash', '2025-05-25 03:42:43', '2025-05-25 03:42:43'),
(63, 55, 4, NULL, 2858.00, 'card', '2025-05-06 23:42:43', '2025-05-06 23:42:43'),
(64, 89, 4, NULL, 726.00, 'gcash', '2025-05-02 23:42:43', '2025-05-02 23:42:43'),
(65, 76, 4, NULL, 1536.00, 'cash', '2025-05-10 00:42:43', '2025-05-10 00:42:43'),
(66, 66, 4, NULL, 1083.00, 'gcash', '2025-05-21 20:42:43', '2025-05-21 20:42:43'),
(67, 15, 4, NULL, 1820.00, 'card', '2025-05-17 19:42:43', '2025-05-17 19:42:43'),
(68, 48, 4, NULL, 2232.00, 'card', '2025-05-12 02:42:43', '2025-05-12 02:42:43'),
(69, 123, 4, NULL, 1490.00, 'card', '2025-05-11 01:42:43', '2025-05-11 01:42:43'),
(70, 20, 4, NULL, 1610.00, 'card', '2025-05-11 23:42:43', '2025-05-11 23:42:43'),
(71, 72, 4, NULL, 2315.00, 'gcash', '2025-05-05 23:42:43', '2025-05-05 23:42:43'),
(72, 112, 4, NULL, 679.00, 'gcash', '2025-05-13 19:42:43', '2025-05-13 19:42:43'),
(73, 16, 4, NULL, 2404.00, 'card', '2025-05-04 03:42:43', '2025-05-04 03:42:43'),
(74, 119, 4, NULL, 2868.00, 'gcash', '2025-05-16 02:42:43', '2025-05-16 02:42:43'),
(75, 2, 4, NULL, 2738.00, 'card', '2025-05-22 22:42:43', '2025-05-22 22:42:43'),
(76, 78, 5, NULL, 2757.00, 'card', '2025-05-19 22:42:43', '2025-05-19 22:42:43'),
(77, 91, 5, NULL, 2653.00, 'cash', '2025-05-06 21:42:43', '2025-05-06 21:42:43'),
(78, 8, 5, NULL, 524.00, 'cash', '2025-04-27 22:42:43', '2025-04-27 22:42:43'),
(79, 70, 5, NULL, 2956.00, 'card', '2025-05-13 21:42:43', '2025-05-13 21:42:43'),
(80, 83, 5, NULL, 1066.00, 'gcash', '2025-05-09 23:42:43', '2025-05-09 23:42:43'),
(81, 66, 5, NULL, 2556.00, 'cash', '2025-05-10 03:42:43', '2025-05-10 03:42:43'),
(82, 126, 5, NULL, 2138.00, 'gcash', '2025-05-22 20:42:43', '2025-05-22 20:42:43'),
(83, 13, 5, NULL, 2335.00, 'card', '2025-05-08 20:42:43', '2025-05-08 20:42:43'),
(84, 92, 5, NULL, 966.00, 'card', '2025-05-19 22:42:43', '2025-05-19 22:42:43'),
(85, 112, 5, NULL, 820.00, 'card', '2025-05-11 01:42:43', '2025-05-11 01:42:43'),
(86, 117, 5, NULL, 2941.00, 'cash', '2025-04-29 01:42:43', '2025-04-29 01:42:43'),
(87, 11, 5, NULL, 2991.00, 'gcash', '2025-05-03 22:42:43', '2025-05-03 22:42:43'),
(88, 37, 1, NULL, 2570.00, 'gcash', '2025-05-31 19:42:44', '2025-05-31 19:42:44'),
(89, 3, 1, NULL, 1005.00, 'card', '2025-06-14 01:42:44', '2025-06-14 01:42:44'),
(90, 60, 1, NULL, 1380.00, 'gcash', '2025-05-29 22:42:44', '2025-05-29 22:42:44'),
(91, 28, 1, NULL, 1543.00, 'cash', '2025-06-11 22:42:44', '2025-06-11 22:42:44'),
(92, 89, 1, NULL, 942.00, 'gcash', '2025-06-07 03:42:44', '2025-06-07 03:42:44'),
(93, 105, 1, NULL, 920.00, 'cash', '2025-06-15 03:42:44', '2025-06-15 03:42:44'),
(94, 125, 1, NULL, 1081.00, 'gcash', '2025-06-08 21:42:44', '2025-06-08 21:42:44'),
(95, 21, 1, NULL, 2031.00, 'card', '2025-05-29 23:42:44', '2025-05-29 23:42:44'),
(96, 34, 1, NULL, 1789.00, 'card', '2025-06-06 03:42:44', '2025-06-06 03:42:44'),
(97, 42, 1, NULL, 2189.00, 'card', '2025-05-31 22:42:44', '2025-05-31 22:42:44'),
(98, 11, 1, NULL, 1556.00, 'card', '2025-06-09 01:42:44', '2025-06-09 01:42:44'),
(99, 117, 1, NULL, 2844.00, 'card', '2025-06-24 01:42:44', '2025-06-24 01:42:44'),
(100, 45, 1, NULL, 1784.00, 'card', '2025-06-08 22:42:44', '2025-06-08 22:42:44'),
(101, 92, 2, NULL, 1303.00, 'card', '2025-06-07 21:42:44', '2025-06-07 21:42:44'),
(102, 125, 2, NULL, 793.00, 'gcash', '2025-06-21 23:42:44', '2025-06-21 23:42:44'),
(103, 92, 2, NULL, 2362.00, 'card', '2025-06-13 23:42:44', '2025-06-13 23:42:44'),
(104, 74, 2, NULL, 2492.00, 'card', '2025-06-09 00:42:44', '2025-06-09 00:42:44'),
(105, 37, 2, NULL, 1709.00, 'card', '2025-06-11 21:42:44', '2025-06-11 21:42:44'),
(106, 55, 2, NULL, 2440.00, 'gcash', '2025-05-31 01:42:44', '2025-05-31 01:42:44'),
(107, 40, 2, NULL, 1241.00, 'cash', '2025-06-10 02:42:44', '2025-06-10 02:42:44'),
(108, 124, 3, NULL, 1391.00, 'gcash', '2025-06-06 00:42:44', '2025-06-06 00:42:44'),
(109, 7, 3, NULL, 1136.00, 'gcash', '2025-05-30 19:42:44', '2025-05-30 19:42:44'),
(110, 41, 3, NULL, 1741.00, 'cash', '2025-06-05 00:42:44', '2025-06-05 00:42:44'),
(111, 18, 3, NULL, 852.00, 'gcash', '2025-06-12 22:42:44', '2025-06-12 22:42:44'),
(112, 41, 3, NULL, 1232.00, 'card', '2025-06-01 01:42:44', '2025-06-01 01:42:44'),
(113, 70, 3, NULL, 2785.00, 'card', '2025-06-17 19:42:44', '2025-06-17 19:42:44'),
(114, 76, 3, NULL, 2488.00, 'gcash', '2025-06-01 22:42:44', '2025-06-01 22:42:44'),
(115, 65, 3, NULL, 1223.00, 'gcash', '2025-06-18 21:42:44', '2025-06-18 21:42:44'),
(116, 2, 3, NULL, 589.00, 'card', '2025-05-29 23:42:44', '2025-05-29 23:42:44'),
(117, 78, 3, NULL, 1920.00, 'cash', '2025-06-18 22:42:44', '2025-06-18 22:42:44'),
(118, 67, 3, NULL, 1240.00, 'card', '2025-06-14 23:42:44', '2025-06-14 23:42:44'),
(119, 38, 3, NULL, 2898.00, 'cash', '2025-06-15 19:42:44', '2025-06-15 19:42:44'),
(120, 76, 4, NULL, 1287.00, 'card', '2025-06-01 23:42:44', '2025-06-01 23:42:44'),
(121, 70, 4, NULL, 1267.00, 'card', '2025-05-31 01:42:44', '2025-05-31 01:42:44'),
(122, 25, 4, NULL, 2906.00, 'cash', '2025-06-03 21:42:44', '2025-06-03 21:42:44'),
(123, 55, 4, NULL, 610.00, 'gcash', '2025-06-12 01:42:44', '2025-06-12 01:42:44'),
(124, 33, 4, NULL, 1343.00, 'card', '2025-06-20 22:42:44', '2025-06-20 22:42:44'),
(125, 43, 5, NULL, 983.00, 'gcash', '2025-05-29 22:42:44', '2025-05-29 22:42:44'),
(126, 32, 5, NULL, 2512.00, 'cash', '2025-06-12 03:42:44', '2025-06-12 03:42:44'),
(127, 24, 5, NULL, 1668.00, 'cash', '2025-06-19 22:42:44', '2025-06-19 22:42:44'),
(128, 64, 5, NULL, 1755.00, 'cash', '2025-06-09 20:42:44', '2025-06-09 20:42:44'),
(129, 83, 5, NULL, 1994.00, 'card', '2025-06-20 20:42:44', '2025-06-20 20:42:44'),
(130, 109, 5, NULL, 1469.00, 'gcash', '2025-06-13 19:42:44', '2025-06-13 19:42:44'),
(131, 123, 5, NULL, 2789.00, 'cash', '2025-06-19 03:42:44', '2025-06-19 03:42:44'),
(132, 48, 5, NULL, 600.00, 'gcash', '2025-06-09 22:42:44', '2025-06-09 22:42:44'),
(133, 127, 1, NULL, 1602.00, 'card', '2025-07-14 19:42:44', '2025-07-14 19:42:44'),
(134, 19, 1, NULL, 2549.00, 'gcash', '2025-07-05 23:42:44', '2025-07-05 23:42:44'),
(135, 71, 1, NULL, 2434.00, 'gcash', '2025-07-18 22:42:44', '2025-07-18 22:42:44'),
(136, 111, 1, NULL, 2485.00, 'card', '2025-07-20 19:42:44', '2025-07-20 19:42:44'),
(137, 39, 1, NULL, 1520.00, 'card', '2025-07-22 19:42:44', '2025-07-22 19:42:44'),
(138, 62, 1, NULL, 1417.00, 'gcash', '2025-07-11 00:42:44', '2025-07-11 00:42:44'),
(139, 54, 1, NULL, 659.00, 'cash', '2025-07-13 03:42:44', '2025-07-13 03:42:44'),
(140, 118, 1, NULL, 767.00, 'card', '2025-07-06 02:42:44', '2025-07-06 02:42:44'),
(141, 60, 1, NULL, 1183.00, 'card', '2025-07-07 21:42:44', '2025-07-07 21:42:44'),
(142, 5, 1, NULL, 1090.00, 'card', '2025-07-20 02:42:44', '2025-07-20 02:42:44'),
(143, 4, 1, NULL, 583.00, 'gcash', '2025-07-17 20:42:44', '2025-07-17 20:42:44'),
(144, 83, 1, NULL, 711.00, 'card', '2025-07-06 22:42:44', '2025-07-06 22:42:44'),
(145, 21, 1, NULL, 1559.00, 'cash', '2025-07-10 02:42:44', '2025-07-10 02:42:44'),
(146, 35, 1, NULL, 2133.00, 'cash', '2025-07-20 20:42:44', '2025-07-20 20:42:44'),
(147, 11, 2, NULL, 984.00, 'card', '2025-07-24 21:42:44', '2025-07-24 21:42:44'),
(148, 91, 2, NULL, 937.00, 'card', '2025-07-13 21:42:44', '2025-07-13 21:42:44'),
(149, 56, 2, NULL, 1181.00, 'gcash', '2025-07-01 23:42:44', '2025-07-01 23:42:44'),
(150, 8, 2, NULL, 1798.00, 'card', '2025-07-20 19:42:44', '2025-07-20 19:42:44'),
(151, 102, 2, NULL, 626.00, 'gcash', '2025-07-19 02:42:44', '2025-07-19 02:42:44'),
(152, 127, 2, NULL, 673.00, 'gcash', '2025-07-24 20:42:44', '2025-07-24 20:42:44'),
(153, 107, 2, NULL, 2538.00, 'cash', '2025-07-12 00:42:44', '2025-07-12 00:42:44'),
(154, 20, 2, NULL, 2601.00, 'gcash', '2025-07-11 19:42:44', '2025-07-11 19:42:44'),
(155, 33, 2, NULL, 632.00, 'gcash', '2025-07-01 02:42:44', '2025-07-01 02:42:44'),
(156, 68, 2, NULL, 882.00, 'card', '2025-07-01 00:42:44', '2025-07-01 00:42:44'),
(157, 118, 2, NULL, 969.00, 'gcash', '2025-06-28 21:42:44', '2025-06-28 21:42:44'),
(158, 56, 2, NULL, 2834.00, 'cash', '2025-07-09 01:42:44', '2025-07-09 01:42:44'),
(159, 35, 2, NULL, 1326.00, 'gcash', '2025-07-14 20:42:44', '2025-07-14 20:42:44'),
(160, 14, 3, NULL, 2066.00, 'card', '2025-07-20 20:42:44', '2025-07-20 20:42:44'),
(161, 7, 3, NULL, 2435.00, 'card', '2025-07-17 22:42:44', '2025-07-17 22:42:44'),
(162, 124, 3, NULL, 2570.00, 'gcash', '2025-07-17 03:42:44', '2025-07-17 03:42:44'),
(163, 8, 3, NULL, 1111.00, 'cash', '2025-07-13 22:42:44', '2025-07-13 22:42:44'),
(164, 71, 3, NULL, 2211.00, 'gcash', '2025-07-16 03:42:44', '2025-07-16 03:42:44'),
(165, 114, 3, NULL, 1889.00, 'gcash', '2025-07-08 22:42:44', '2025-07-08 22:42:44'),
(166, 6, 3, NULL, 1750.00, 'card', '2025-06-28 03:42:44', '2025-06-28 03:42:44'),
(167, 111, 3, NULL, 2854.00, 'gcash', '2025-07-23 02:42:44', '2025-07-23 02:42:44'),
(168, 89, 3, NULL, 898.00, 'cash', '2025-07-17 23:42:44', '2025-07-17 23:42:44'),
(169, 114, 4, NULL, 1053.00, 'cash', '2025-07-05 19:42:44', '2025-07-05 19:42:44'),
(170, 62, 4, NULL, 1203.00, 'cash', '2025-07-23 03:42:44', '2025-07-23 03:42:44'),
(171, 42, 4, NULL, 647.00, 'gcash', '2025-07-22 01:42:44', '2025-07-22 01:42:44'),
(172, 88, 4, NULL, 988.00, 'cash', '2025-07-10 22:42:44', '2025-07-10 22:42:44'),
(173, 12, 4, NULL, 589.00, 'card', '2025-06-27 20:42:44', '2025-06-27 20:42:44'),
(174, 22, 5, NULL, 952.00, 'gcash', '2025-07-08 01:42:44', '2025-07-08 01:42:44'),
(175, 41, 5, NULL, 1723.00, 'gcash', '2025-06-28 00:42:44', '2025-06-28 00:42:44'),
(176, 125, 5, NULL, 1929.00, 'cash', '2025-07-18 01:42:44', '2025-07-18 01:42:44'),
(177, 99, 5, NULL, 2842.00, 'gcash', '2025-07-18 23:42:44', '2025-07-18 23:42:44'),
(178, 9, 5, NULL, 2129.00, 'cash', '2025-07-01 03:42:44', '2025-07-01 03:42:44'),
(179, 103, 5, NULL, 2740.00, 'card', '2025-07-13 22:42:44', '2025-07-13 22:42:44'),
(180, 120, 5, NULL, 2926.00, 'card', '2025-07-07 00:42:44', '2025-07-07 00:42:44'),
(181, 47, 5, NULL, 551.00, 'cash', '2025-07-06 23:42:44', '2025-07-06 23:42:44'),
(182, 115, 5, NULL, 1211.00, 'cash', '2025-07-09 03:42:44', '2025-07-09 03:42:44'),
(183, 77, 5, NULL, 939.00, 'gcash', '2025-07-12 22:42:44', '2025-07-12 22:42:44'),
(184, 27, 5, NULL, 1778.00, 'gcash', '2025-07-06 03:42:44', '2025-07-06 03:42:44'),
(185, 13, 5, NULL, 880.00, 'gcash', '2025-07-01 02:42:44', '2025-07-01 02:42:44'),
(186, 105, 5, NULL, 2023.00, 'cash', '2025-06-27 20:42:44', '2025-06-27 20:42:44'),
(187, 93, 5, NULL, 2301.00, 'gcash', '2025-07-23 21:42:44', '2025-07-23 21:42:44'),
(188, 73, 1, NULL, 2907.00, 'cash', '2025-08-22 21:42:44', '2025-08-22 21:42:44'),
(189, 62, 1, NULL, 2761.00, 'gcash', '2025-08-08 01:42:44', '2025-08-08 01:42:44'),
(190, 88, 1, NULL, 1278.00, 'cash', '2025-08-04 01:42:44', '2025-08-04 01:42:44'),
(191, 36, 1, NULL, 2014.00, 'gcash', '2025-08-10 03:42:44', '2025-08-10 03:42:44'),
(192, 59, 1, NULL, 2370.00, 'gcash', '2025-08-02 20:42:44', '2025-08-02 20:42:44'),
(193, 37, 2, NULL, 850.00, 'cash', '2025-08-17 00:42:44', '2025-08-17 00:42:44'),
(194, 59, 2, NULL, 1785.00, 'gcash', '2025-08-18 01:42:44', '2025-08-18 01:42:44'),
(195, 4, 2, NULL, 2698.00, 'card', '2025-08-08 21:42:44', '2025-08-08 21:42:44'),
(196, 123, 2, NULL, 1166.00, 'card', '2025-08-08 22:42:44', '2025-08-08 22:42:44'),
(197, 104, 2, NULL, 1883.00, 'gcash', '2025-08-10 23:42:44', '2025-08-10 23:42:44'),
(198, 63, 2, NULL, 2923.00, 'gcash', '2025-08-17 19:42:44', '2025-08-17 19:42:44'),
(199, 99, 2, NULL, 2630.00, 'cash', '2025-08-12 00:42:44', '2025-08-12 00:42:44'),
(200, 108, 3, NULL, 1163.00, 'card', '2025-08-07 01:42:44', '2025-08-07 01:42:44'),
(201, 43, 3, NULL, 2234.00, 'gcash', '2025-08-16 20:42:44', '2025-08-16 20:42:44'),
(202, 121, 3, NULL, 2905.00, 'cash', '2025-08-13 21:42:44', '2025-08-13 21:42:44'),
(203, 87, 3, NULL, 2503.00, 'card', '2025-08-23 22:42:44', '2025-08-23 22:42:44'),
(204, 59, 3, NULL, 835.00, 'gcash', '2025-08-03 01:42:44', '2025-08-03 01:42:44'),
(205, 124, 3, NULL, 1750.00, 'card', '2025-08-22 00:42:44', '2025-08-22 00:42:44'),
(206, 97, 3, NULL, 548.00, 'gcash', '2025-08-01 20:42:44', '2025-08-01 20:42:44'),
(207, 50, 3, NULL, 2418.00, 'card', '2025-08-15 19:42:44', '2025-08-15 19:42:44'),
(208, 90, 3, NULL, 508.00, 'card', '2025-08-10 20:42:44', '2025-08-10 20:42:44'),
(209, 127, 3, NULL, 1894.00, 'card', '2025-07-29 21:42:44', '2025-07-29 21:42:44'),
(210, 121, 4, NULL, 669.00, 'gcash', '2025-08-03 03:42:44', '2025-08-03 03:42:44'),
(211, 74, 4, NULL, 2327.00, 'card', '2025-07-27 20:42:44', '2025-07-27 20:42:44'),
(212, 102, 4, NULL, 589.00, 'card', '2025-08-04 19:42:44', '2025-08-04 19:42:44'),
(213, 63, 4, NULL, 1972.00, 'gcash', '2025-08-15 20:42:44', '2025-08-15 20:42:44'),
(214, 29, 4, NULL, 2194.00, 'cash', '2025-08-06 01:42:44', '2025-08-06 01:42:44'),
(215, 66, 4, NULL, 2290.00, 'gcash', '2025-08-07 21:42:44', '2025-08-07 21:42:44'),
(216, 91, 4, NULL, 1656.00, 'cash', '2025-07-28 22:42:44', '2025-07-28 22:42:44'),
(217, 88, 5, NULL, 1513.00, 'gcash', '2025-08-15 23:42:44', '2025-08-15 23:42:44'),
(218, 30, 5, NULL, 1871.00, 'gcash', '2025-08-17 22:42:44', '2025-08-17 22:42:44'),
(219, 81, 5, NULL, 1957.00, 'gcash', '2025-08-08 02:42:44', '2025-08-08 02:42:44'),
(220, 101, 5, NULL, 2611.00, 'cash', '2025-07-29 01:42:44', '2025-07-29 01:42:44'),
(221, 22, 5, NULL, 2110.00, 'gcash', '2025-07-28 23:42:44', '2025-07-28 23:42:44'),
(222, 16, 5, NULL, 596.00, 'cash', '2025-08-15 00:42:44', '2025-08-15 00:42:44'),
(223, 61, 5, NULL, 2670.00, 'gcash', '2025-07-31 02:42:44', '2025-07-31 02:42:44'),
(224, 111, 5, NULL, 909.00, 'card', '2025-07-29 03:42:44', '2025-07-29 03:42:44'),
(225, 105, 1, NULL, 1217.00, 'gcash', '2025-08-28 20:42:44', '2025-08-28 20:42:44'),
(226, 121, 1, NULL, 1282.00, 'card', '2025-09-20 02:42:44', '2025-09-20 02:42:44'),
(227, 119, 1, NULL, 2598.00, 'cash', '2025-09-22 03:42:44', '2025-09-22 03:42:44'),
(228, 97, 1, NULL, 1418.00, 'gcash', '2025-09-09 00:42:44', '2025-09-09 00:42:44'),
(229, 51, 1, NULL, 2056.00, 'gcash', '2025-09-15 21:42:44', '2025-09-15 21:42:44'),
(230, 67, 1, NULL, 1784.00, 'gcash', '2025-09-16 19:42:44', '2025-09-16 19:42:44'),
(231, 22, 1, NULL, 699.00, 'cash', '2025-09-02 22:42:44', '2025-09-02 22:42:44'),
(232, 62, 1, NULL, 2636.00, 'card', '2025-09-04 00:42:44', '2025-09-04 00:42:44'),
(233, 5, 2, NULL, 1867.00, 'card', '2025-09-10 21:42:44', '2025-09-10 21:42:44'),
(234, 77, 2, NULL, 1083.00, 'card', '2025-09-06 23:42:44', '2025-09-06 23:42:44'),
(235, 59, 2, NULL, 613.00, 'cash', '2025-09-15 21:42:44', '2025-09-15 21:42:44'),
(236, 70, 2, NULL, 2359.00, 'gcash', '2025-09-20 20:42:44', '2025-09-20 20:42:44'),
(237, 106, 2, NULL, 1787.00, 'cash', '2025-09-12 20:42:44', '2025-09-12 20:42:44'),
(238, 8, 2, NULL, 1057.00, 'cash', '2025-09-13 22:42:44', '2025-09-13 22:42:44'),
(239, 117, 2, NULL, 602.00, 'card', '2025-09-10 03:42:44', '2025-09-10 03:42:44'),
(240, 7, 2, NULL, 972.00, 'card', '2025-09-10 00:42:44', '2025-09-10 00:42:44'),
(241, 59, 2, NULL, 828.00, 'cash', '2025-09-16 02:42:44', '2025-09-16 02:42:44'),
(242, 16, 3, NULL, 2060.00, 'cash', '2025-09-14 03:42:44', '2025-09-14 03:42:44'),
(243, 30, 3, NULL, 1161.00, 'cash', '2025-08-30 20:42:44', '2025-08-30 20:42:44'),
(244, 50, 3, NULL, 1571.00, 'cash', '2025-09-19 00:42:44', '2025-09-19 00:42:44'),
(245, 53, 3, NULL, 1663.00, 'cash', '2025-09-15 23:42:44', '2025-09-15 23:42:44'),
(246, 74, 3, NULL, 2799.00, 'gcash', '2025-09-17 22:42:44', '2025-09-17 22:42:44'),
(247, 13, 3, NULL, 1170.00, 'cash', '2025-08-28 21:42:44', '2025-08-28 21:42:44'),
(248, 8, 3, NULL, 2819.00, 'cash', '2025-09-12 00:42:44', '2025-09-12 00:42:44'),
(249, 28, 3, NULL, 2813.00, 'cash', '2025-09-08 21:42:44', '2025-09-08 21:42:44'),
(250, 123, 3, NULL, 574.00, 'cash', '2025-08-28 21:42:44', '2025-08-28 21:42:44'),
(251, 5, 3, NULL, 1585.00, 'gcash', '2025-08-31 23:42:44', '2025-08-31 23:42:44'),
(252, 66, 3, NULL, 934.00, 'gcash', '2025-09-13 03:42:44', '2025-09-13 03:42:44'),
(253, 69, 3, NULL, 2966.00, 'gcash', '2025-09-01 00:42:44', '2025-09-01 00:42:44'),
(254, 102, 3, NULL, 519.00, 'cash', '2025-09-09 03:42:44', '2025-09-09 03:42:44'),
(255, 10, 3, NULL, 2566.00, 'gcash', '2025-09-01 01:42:44', '2025-09-01 01:42:44'),
(256, 123, 4, NULL, 1863.00, 'gcash', '2025-09-05 01:42:44', '2025-09-05 01:42:44'),
(257, 42, 4, NULL, 2603.00, 'card', '2025-09-18 22:42:44', '2025-09-18 22:42:44'),
(258, 39, 4, NULL, 1307.00, 'gcash', '2025-09-09 03:42:44', '2025-09-09 03:42:44'),
(259, 33, 4, NULL, 1385.00, 'gcash', '2025-09-14 23:42:44', '2025-09-14 23:42:44'),
(260, 18, 4, NULL, 2817.00, 'gcash', '2025-09-07 21:42:44', '2025-09-07 21:42:44'),
(261, 107, 4, NULL, 2304.00, 'card', '2025-09-01 02:42:44', '2025-09-01 02:42:44'),
(262, 97, 4, NULL, 2471.00, 'card', '2025-09-13 21:42:44', '2025-09-13 21:42:44'),
(263, 28, 5, NULL, 1639.00, 'gcash', '2025-09-04 01:42:44', '2025-09-04 01:42:44'),
(264, 80, 5, NULL, 1245.00, 'card', '2025-09-17 23:42:44', '2025-09-17 23:42:44'),
(265, 9, 5, NULL, 2263.00, 'gcash', '2025-09-05 21:42:44', '2025-09-05 21:42:44'),
(266, 10, 5, NULL, 1858.00, 'cash', '2025-09-09 23:42:44', '2025-09-09 23:42:44'),
(267, 2, 5, NULL, 2396.00, 'cash', '2025-08-27 19:42:44', '2025-08-27 19:42:44'),
(268, 102, 5, NULL, 2371.00, 'cash', '2025-09-14 19:42:44', '2025-09-14 19:42:44'),
(269, 126, 1, NULL, 1647.00, 'cash', '2025-10-13 03:42:44', '2025-10-13 03:42:44'),
(270, 63, 1, NULL, 2650.00, 'card', '2025-10-07 23:42:44', '2025-10-07 23:42:44'),
(271, 3, 1, NULL, 2266.00, 'cash', '2025-10-12 03:42:44', '2025-10-12 03:42:44'),
(272, 106, 1, NULL, 1124.00, 'cash', '2025-10-16 03:42:44', '2025-10-16 03:42:44'),
(273, 17, 1, NULL, 884.00, 'card', '2025-10-19 00:42:44', '2025-10-19 00:42:44'),
(274, 61, 1, NULL, 2563.00, 'card', '2025-10-14 01:42:44', '2025-10-14 01:42:44'),
(275, 91, 1, NULL, 2066.00, 'gcash', '2025-10-21 00:42:44', '2025-10-21 00:42:44'),
(276, 81, 2, NULL, 862.00, 'gcash', '2025-10-04 22:42:44', '2025-10-04 22:42:44'),
(277, 10, 2, NULL, 2068.00, 'gcash', '2025-10-16 22:42:44', '2025-10-16 22:42:44'),
(278, 98, 2, NULL, 2148.00, 'cash', '2025-10-19 22:42:44', '2025-10-19 22:42:44'),
(279, 25, 2, NULL, 945.00, 'card', '2025-10-19 19:42:44', '2025-10-19 19:42:44'),
(280, 117, 2, NULL, 1653.00, 'card', '2025-10-25 02:42:44', '2025-10-25 02:42:44'),
(281, 19, 2, NULL, 2997.00, 'cash', '2025-10-06 23:42:44', '2025-10-06 23:42:44'),
(282, 73, 2, NULL, 744.00, 'card', '2025-10-04 02:42:44', '2025-10-04 02:42:44'),
(283, 18, 2, NULL, 1147.00, 'card', '2025-10-13 02:42:44', '2025-10-13 02:42:44'),
(284, 80, 2, NULL, 2157.00, 'cash', '2025-10-25 00:42:44', '2025-10-25 00:42:44'),
(285, 22, 2, NULL, 1260.00, 'card', '2025-10-18 02:42:44', '2025-10-18 02:42:44'),
(286, 50, 2, NULL, 1217.00, 'gcash', '2025-10-05 22:42:44', '2025-10-05 22:42:44'),
(287, 2, 3, NULL, 1981.00, 'gcash', '2025-09-30 22:42:44', '2025-09-30 22:42:44'),
(288, 42, 3, NULL, 1901.00, 'card', '2025-10-04 00:42:44', '2025-10-04 00:42:44'),
(289, 92, 3, NULL, 2199.00, 'gcash', '2025-09-28 21:42:44', '2025-09-28 21:42:44'),
(290, 11, 3, NULL, 570.00, 'gcash', '2025-10-23 21:42:44', '2025-10-23 21:42:44'),
(291, 46, 3, NULL, 931.00, 'gcash', '2025-09-28 20:42:44', '2025-09-28 20:42:44'),
(292, 76, 3, NULL, 2905.00, 'card', '2025-09-29 01:42:44', '2025-09-29 01:42:44'),
(293, 46, 3, NULL, 2891.00, 'gcash', '2025-10-02 02:42:44', '2025-10-02 02:42:44'),
(294, 72, 3, NULL, 1161.00, 'cash', '2025-09-29 19:42:44', '2025-09-29 19:42:44'),
(295, 124, 3, NULL, 1027.00, 'gcash', '2025-10-13 23:42:44', '2025-10-13 23:42:44'),
(296, 79, 4, NULL, 952.00, 'cash', '2025-10-06 21:42:44', '2025-10-06 21:42:44'),
(297, 127, 4, NULL, 796.00, 'cash', '2025-10-23 20:42:44', '2025-10-23 20:42:44'),
(298, 43, 4, NULL, 2112.00, 'cash', '2025-09-30 22:42:44', '2025-09-30 22:42:44'),
(299, 119, 4, NULL, 1058.00, 'gcash', '2025-10-23 22:42:44', '2025-10-23 22:42:44'),
(300, 31, 4, NULL, 2287.00, 'card', '2025-10-25 01:42:44', '2025-10-25 01:42:44'),
(301, 12, 4, NULL, 1432.00, 'gcash', '2025-10-17 22:42:44', '2025-10-17 22:42:44'),
(302, 108, 4, NULL, 1878.00, 'gcash', '2025-10-22 22:42:44', '2025-10-22 22:42:44'),
(303, 70, 4, NULL, 2670.00, 'gcash', '2025-10-02 00:42:44', '2025-10-02 00:42:44'),
(304, 110, 4, NULL, 762.00, 'gcash', '2025-10-11 02:42:44', '2025-10-11 02:42:44'),
(305, 93, 4, NULL, 2966.00, 'card', '2025-10-18 01:42:44', '2025-10-18 01:42:44'),
(306, 86, 4, NULL, 1086.00, 'card', '2025-10-24 01:42:44', '2025-10-24 01:42:44'),
(307, 25, 5, NULL, 1787.00, 'card', '2025-10-18 00:42:44', '2025-10-18 00:42:44'),
(308, 18, 5, NULL, 1624.00, 'gcash', '2025-10-14 03:42:44', '2025-10-14 03:42:44'),
(309, 61, 5, NULL, 2238.00, 'cash', '2025-10-04 01:42:44', '2025-10-04 01:42:44'),
(310, 3, 5, NULL, 2871.00, 'cash', '2025-10-19 02:42:44', '2025-10-19 02:42:44'),
(311, 73, 5, NULL, 568.00, 'card', '2025-10-12 20:42:44', '2025-10-12 20:42:44'),
(312, 55, 5, NULL, 1104.00, 'card', '2025-10-21 22:42:44', '2025-10-21 22:42:44'),
(313, 38, 5, NULL, 2895.00, 'card', '2025-09-29 22:42:44', '2025-09-29 22:42:44'),
(314, 81, 5, NULL, 1207.00, 'card', '2025-10-17 00:42:44', '2025-10-17 00:42:44'),
(315, 30, 5, NULL, 2927.00, 'cash', '2025-09-30 20:42:44', '2025-09-30 20:42:44'),
(316, 97, 1, NULL, 2505.00, 'cash', '2025-05-10 02:42:50', '2025-05-10 02:42:50'),
(317, 19, 1, NULL, 2242.00, 'cash', '2025-05-08 03:42:50', '2025-05-08 03:42:50'),
(318, 39, 1, NULL, 2958.00, 'gcash', '2025-05-18 00:42:50', '2025-05-18 00:42:50'),
(319, 51, 1, NULL, 2460.00, 'cash', '2025-05-19 01:42:50', '2025-05-19 01:42:50'),
(320, 18, 1, NULL, 2182.00, 'card', '2025-05-07 02:42:50', '2025-05-07 02:42:50'),
(321, 108, 1, NULL, 2534.00, 'cash', '2025-05-13 03:42:50', '2025-05-13 03:42:50'),
(322, 102, 1, NULL, 2477.00, 'gcash', '2025-05-11 01:42:50', '2025-05-11 01:42:50'),
(323, 4, 1, NULL, 1329.00, 'cash', '2025-05-12 23:42:50', '2025-05-12 23:42:50'),
(324, 70, 2, NULL, 1928.00, 'card', '2025-05-06 20:42:50', '2025-05-06 20:42:50'),
(325, 27, 2, NULL, 1246.00, 'gcash', '2025-05-21 21:42:50', '2025-05-21 21:42:50'),
(326, 59, 2, NULL, 1617.00, 'gcash', '2025-05-23 00:42:50', '2025-05-23 00:42:50'),
(327, 105, 2, NULL, 2184.00, 'cash', '2025-05-11 23:42:50', '2025-05-11 23:42:50'),
(328, 23, 2, NULL, 771.00, 'cash', '2025-05-06 19:42:50', '2025-05-06 19:42:50'),
(329, 14, 2, NULL, 2611.00, 'gcash', '2025-05-13 03:42:50', '2025-05-13 03:42:50'),
(330, 75, 2, NULL, 1698.00, 'cash', '2025-05-10 21:42:50', '2025-05-10 21:42:50'),
(331, 124, 2, NULL, 659.00, 'card', '2025-05-22 03:42:50', '2025-05-22 03:42:50'),
(332, 64, 2, NULL, 791.00, 'gcash', '2025-05-17 03:42:50', '2025-05-17 03:42:50'),
(333, 68, 2, NULL, 2315.00, 'cash', '2025-05-04 19:42:50', '2025-05-04 19:42:50'),
(334, 118, 2, NULL, 630.00, 'card', '2025-04-28 03:42:50', '2025-04-28 03:42:50'),
(335, 93, 3, NULL, 1113.00, 'card', '2025-05-13 02:42:50', '2025-05-13 02:42:50'),
(336, 65, 3, NULL, 2161.00, 'card', '2025-05-23 20:42:50', '2025-05-23 20:42:50'),
(337, 17, 3, NULL, 2013.00, 'gcash', '2025-05-25 03:42:50', '2025-05-25 03:42:50'),
(338, 52, 3, NULL, 1050.00, 'card', '2025-04-27 21:42:50', '2025-04-27 21:42:50'),
(339, 70, 3, NULL, 1592.00, 'cash', '2025-05-03 23:42:50', '2025-05-03 23:42:50'),
(340, 53, 3, NULL, 2360.00, 'card', '2025-05-22 00:42:50', '2025-05-22 00:42:50'),
(341, 81, 3, NULL, 2007.00, 'card', '2025-05-20 01:42:50', '2025-05-20 01:42:50'),
(342, 35, 3, NULL, 2979.00, 'gcash', '2025-05-09 02:42:50', '2025-05-09 02:42:50'),
(343, 7, 3, NULL, 1718.00, 'cash', '2025-05-03 00:42:50', '2025-05-03 00:42:50'),
(344, 69, 3, NULL, 1469.00, 'cash', '2025-05-11 00:42:50', '2025-05-11 00:42:50'),
(345, 21, 3, NULL, 2510.00, 'gcash', '2025-05-10 02:42:50', '2025-05-10 02:42:50'),
(346, 117, 3, NULL, 611.00, 'cash', '2025-05-16 01:42:50', '2025-05-16 01:42:50'),
(347, 16, 3, NULL, 813.00, 'card', '2025-05-20 23:42:50', '2025-05-20 23:42:50'),
(348, 121, 3, NULL, 2219.00, 'card', '2025-05-04 20:42:50', '2025-05-04 20:42:50'),
(349, 51, 4, NULL, 753.00, 'cash', '2025-05-07 02:42:50', '2025-05-07 02:42:50'),
(350, 125, 4, NULL, 1323.00, 'card', '2025-05-12 01:42:50', '2025-05-12 01:42:50'),
(351, 102, 4, NULL, 1858.00, 'gcash', '2025-05-13 21:42:50', '2025-05-13 21:42:50'),
(352, 110, 4, NULL, 2337.00, 'cash', '2025-05-20 03:42:50', '2025-05-20 03:42:50'),
(353, 55, 4, NULL, 2747.00, 'cash', '2025-05-21 19:42:50', '2025-05-21 19:42:50'),
(354, 15, 4, NULL, 1096.00, 'cash', '2025-05-01 19:42:50', '2025-05-01 19:42:50'),
(355, 37, 4, NULL, 1081.00, 'gcash', '2025-05-25 00:42:50', '2025-05-25 00:42:50'),
(356, 28, 4, NULL, 2438.00, 'card', '2025-05-15 21:42:50', '2025-05-15 21:42:50'),
(357, 98, 4, NULL, 1743.00, 'gcash', '2025-05-11 20:42:50', '2025-05-11 20:42:50'),
(358, 13, 4, NULL, 1316.00, 'card', '2025-05-22 03:42:50', '2025-05-22 03:42:50'),
(359, 75, 4, NULL, 1667.00, 'gcash', '2025-05-18 00:42:50', '2025-05-18 00:42:50'),
(360, 89, 4, NULL, 1391.00, 'cash', '2025-05-20 21:42:50', '2025-05-20 21:42:50'),
(361, 125, 4, NULL, 1003.00, 'cash', '2025-05-08 19:42:50', '2025-05-08 19:42:50'),
(362, 74, 5, NULL, 1814.00, 'card', '2025-05-23 23:42:50', '2025-05-23 23:42:50'),
(363, 15, 5, NULL, 1620.00, 'cash', '2025-05-16 02:42:50', '2025-05-16 02:42:50'),
(364, 1, 5, NULL, 2885.00, 'cash', '2025-05-16 19:42:50', '2025-05-16 19:42:50'),
(365, 86, 5, NULL, 1558.00, 'gcash', '2025-05-14 01:42:50', '2025-05-14 01:42:50'),
(366, 125, 5, NULL, 1791.00, 'card', '2025-05-23 00:42:50', '2025-05-23 00:42:50'),
(367, 122, 5, NULL, 2713.00, 'card', '2025-05-06 23:42:50', '2025-05-06 23:42:50'),
(368, 5, 5, NULL, 1092.00, 'gcash', '2025-04-30 02:42:50', '2025-04-30 02:42:50'),
(369, 117, 5, NULL, 1207.00, 'cash', '2025-05-20 03:42:50', '2025-05-20 03:42:50'),
(370, 55, 5, NULL, 2513.00, 'card', '2025-05-08 20:42:50', '2025-05-08 20:42:50'),
(371, 7, 5, NULL, 2084.00, 'gcash', '2025-05-01 19:42:50', '2025-05-01 19:42:50'),
(372, 108, 5, NULL, 938.00, 'card', '2025-05-03 20:42:50', '2025-05-03 20:42:50'),
(373, 29, 5, NULL, 2679.00, 'gcash', '2025-05-06 02:42:50', '2025-05-06 02:42:50'),
(374, 64, 1, NULL, 1976.00, 'cash', '2025-06-09 01:42:51', '2025-06-09 01:42:51'),
(375, 71, 1, NULL, 2863.00, 'card', '2025-05-31 03:42:51', '2025-05-31 03:42:51'),
(376, 91, 1, NULL, 2972.00, 'card', '2025-06-04 20:42:51', '2025-06-04 20:42:51'),
(377, 113, 1, NULL, 1830.00, 'gcash', '2025-06-14 02:42:51', '2025-06-14 02:42:51'),
(378, 81, 1, NULL, 705.00, 'gcash', '2025-05-28 19:42:51', '2025-05-28 19:42:51'),
(379, 81, 1, NULL, 1282.00, 'cash', '2025-06-10 21:42:51', '2025-06-10 21:42:51'),
(380, 97, 1, NULL, 2331.00, 'card', '2025-06-13 03:42:51', '2025-06-13 03:42:51'),
(381, 93, 1, NULL, 1060.00, 'cash', '2025-06-11 19:42:51', '2025-06-11 19:42:51'),
(382, 102, 1, NULL, 1186.00, 'gcash', '2025-06-15 02:42:51', '2025-06-15 02:42:51'),
(383, 106, 1, NULL, 1103.00, 'card', '2025-06-06 02:42:51', '2025-06-06 02:42:51'),
(384, 50, 1, NULL, 1181.00, 'cash', '2025-06-15 21:42:51', '2025-06-15 21:42:51'),
(385, 107, 1, NULL, 871.00, 'cash', '2025-06-01 22:42:51', '2025-06-01 22:42:51'),
(386, 64, 2, NULL, 605.00, 'gcash', '2025-06-05 21:42:51', '2025-06-05 21:42:51'),
(387, 21, 2, NULL, 2170.00, 'gcash', '2025-05-31 02:42:51', '2025-05-31 02:42:51'),
(388, 20, 2, NULL, 2992.00, 'gcash', '2025-06-21 02:42:51', '2025-06-21 02:42:51'),
(389, 42, 2, NULL, 2172.00, 'cash', '2025-06-02 01:42:51', '2025-06-02 01:42:51'),
(390, 62, 2, NULL, 808.00, 'cash', '2025-05-30 19:42:51', '2025-05-30 19:42:51'),
(391, 25, 2, NULL, 1836.00, 'gcash', '2025-06-21 00:42:51', '2025-06-21 00:42:51'),
(392, 48, 2, NULL, 962.00, 'cash', '2025-05-31 00:42:51', '2025-05-31 00:42:51'),
(393, 3, 2, NULL, 1679.00, 'cash', '2025-06-19 01:42:51', '2025-06-19 01:42:51'),
(394, 30, 3, NULL, 940.00, 'cash', '2025-05-28 01:42:51', '2025-05-28 01:42:51'),
(395, 102, 3, NULL, 1280.00, 'cash', '2025-06-19 01:42:51', '2025-06-19 01:42:51'),
(396, 117, 3, NULL, 2439.00, 'cash', '2025-06-14 19:42:51', '2025-06-14 19:42:51'),
(397, 89, 3, NULL, 2824.00, 'gcash', '2025-06-02 03:42:51', '2025-06-02 03:42:51'),
(398, 45, 3, NULL, 2169.00, 'card', '2025-05-28 23:42:51', '2025-05-28 23:42:51'),
(399, 76, 3, NULL, 1481.00, 'gcash', '2025-05-31 20:42:51', '2025-05-31 20:42:51'),
(400, 54, 3, NULL, 968.00, 'gcash', '2025-06-05 22:42:51', '2025-06-05 22:42:51'),
(401, 89, 3, NULL, 2741.00, 'cash', '2025-06-04 02:42:51', '2025-06-04 02:42:51'),
(402, 26, 3, NULL, 826.00, 'card', '2025-06-05 23:42:51', '2025-06-05 23:42:51'),
(403, 2, 3, NULL, 2345.00, 'gcash', '2025-06-07 03:42:51', '2025-06-07 03:42:51'),
(404, 1, 4, NULL, 1418.00, 'cash', '2025-06-09 02:42:51', '2025-06-09 02:42:51'),
(405, 36, 4, NULL, 955.00, 'cash', '2025-06-12 19:42:51', '2025-06-12 19:42:51'),
(406, 126, 4, NULL, 2881.00, 'cash', '2025-06-14 22:42:51', '2025-06-14 22:42:51'),
(407, 72, 4, NULL, 2114.00, 'cash', '2025-06-23 03:42:51', '2025-06-23 03:42:51'),
(408, 18, 4, NULL, 2187.00, 'card', '2025-06-03 21:42:51', '2025-06-03 21:42:51'),
(409, 99, 4, NULL, 1493.00, 'cash', '2025-06-08 19:42:51', '2025-06-08 19:42:51'),
(410, 4, 4, NULL, 1854.00, 'cash', '2025-06-04 23:42:51', '2025-06-04 23:42:51'),
(411, 104, 4, NULL, 1573.00, 'card', '2025-06-10 23:42:51', '2025-06-10 23:42:51'),
(412, 100, 4, NULL, 885.00, 'card', '2025-06-02 23:42:51', '2025-06-02 23:42:51'),
(413, 77, 4, NULL, 2139.00, 'gcash', '2025-06-14 03:42:51', '2025-06-14 03:42:51'),
(414, 42, 4, NULL, 714.00, 'cash', '2025-06-10 03:42:51', '2025-06-10 03:42:51'),
(415, 25, 4, NULL, 1228.00, 'card', '2025-06-08 02:42:51', '2025-06-08 02:42:51'),
(416, 107, 4, NULL, 525.00, 'gcash', '2025-06-16 02:42:51', '2025-06-16 02:42:51'),
(417, 3, 4, NULL, 968.00, 'cash', '2025-06-18 19:42:51', '2025-06-18 19:42:51'),
(418, 26, 4, NULL, 1238.00, 'cash', '2025-06-16 23:42:51', '2025-06-16 23:42:51'),
(419, 62, 5, NULL, 1373.00, 'card', '2025-06-04 01:42:51', '2025-06-04 01:42:51'),
(420, 18, 5, NULL, 1284.00, 'cash', '2025-06-23 03:42:51', '2025-06-23 03:42:51'),
(421, 81, 5, NULL, 546.00, 'card', '2025-05-27 19:42:51', '2025-05-27 19:42:51'),
(422, 89, 5, NULL, 2222.00, 'cash', '2025-06-15 19:42:51', '2025-06-15 19:42:51'),
(423, 109, 5, NULL, 2985.00, 'cash', '2025-06-08 03:42:51', '2025-06-08 03:42:51'),
(424, 14, 5, NULL, 784.00, 'card', '2025-06-22 02:42:51', '2025-06-22 02:42:51'),
(425, 20, 5, NULL, 2283.00, 'cash', '2025-06-13 00:42:51', '2025-06-13 00:42:51'),
(426, 73, 5, NULL, 657.00, 'card', '2025-05-29 00:42:51', '2025-05-29 00:42:51'),
(427, 107, 5, NULL, 2972.00, 'card', '2025-06-08 21:42:51', '2025-06-08 21:42:51'),
(428, 20, 5, NULL, 734.00, 'gcash', '2025-06-05 00:42:51', '2025-06-05 00:42:51'),
(429, 60, 5, NULL, 1173.00, 'gcash', '2025-06-07 19:42:51', '2025-06-07 19:42:51'),
(430, 89, 1, NULL, 1244.00, 'gcash', '2025-07-08 22:42:51', '2025-07-08 22:42:51'),
(431, 116, 1, NULL, 1967.00, 'gcash', '2025-07-05 21:42:51', '2025-07-05 21:42:51'),
(432, 57, 1, NULL, 892.00, 'card', '2025-07-09 22:42:51', '2025-07-09 22:42:51'),
(433, 5, 1, NULL, 2773.00, 'gcash', '2025-06-29 21:42:51', '2025-06-29 21:42:51'),
(434, 118, 1, NULL, 2083.00, 'card', '2025-07-20 21:42:51', '2025-07-20 21:42:51'),
(435, 21, 1, NULL, 2389.00, 'gcash', '2025-07-24 19:42:51', '2025-07-24 19:42:51'),
(436, 99, 1, NULL, 1992.00, 'card', '2025-06-30 03:42:51', '2025-06-30 03:42:51'),
(437, 24, 1, NULL, 1398.00, 'card', '2025-07-11 21:42:51', '2025-07-11 21:42:51'),
(438, 111, 1, NULL, 2646.00, 'gcash', '2025-07-17 19:42:51', '2025-07-17 19:42:51'),
(439, 47, 1, NULL, 2117.00, 'gcash', '2025-07-15 01:42:51', '2025-07-15 01:42:51'),
(440, 126, 1, NULL, 2142.00, 'card', '2025-06-29 22:42:51', '2025-06-29 22:42:51'),
(441, 102, 1, NULL, 581.00, 'gcash', '2025-06-29 01:42:51', '2025-06-29 01:42:51'),
(442, 56, 1, NULL, 1652.00, 'cash', '2025-07-18 00:42:51', '2025-07-18 00:42:51'),
(443, 13, 1, NULL, 616.00, 'card', '2025-07-25 00:42:51', '2025-07-25 00:42:51'),
(444, 66, 2, NULL, 1051.00, 'gcash', '2025-07-04 21:42:51', '2025-07-04 21:42:51'),
(445, 48, 2, NULL, 2422.00, 'card', '2025-07-02 20:42:51', '2025-07-02 20:42:51'),
(446, 110, 2, NULL, 1790.00, 'card', '2025-07-02 00:42:51', '2025-07-02 00:42:51'),
(447, 82, 2, NULL, 1515.00, 'gcash', '2025-07-17 03:42:51', '2025-07-17 03:42:51'),
(448, 26, 2, NULL, 2035.00, 'cash', '2025-07-04 00:42:51', '2025-07-04 00:42:51'),
(449, 8, 2, NULL, 2826.00, 'gcash', '2025-07-12 03:42:51', '2025-07-12 03:42:51'),
(450, 16, 2, NULL, 1293.00, 'gcash', '2025-07-06 03:42:51', '2025-07-06 03:42:51'),
(451, 70, 2, NULL, 2515.00, 'cash', '2025-07-21 20:42:51', '2025-07-21 20:42:51'),
(452, 123, 2, NULL, 2353.00, 'cash', '2025-07-21 20:42:51', '2025-07-21 20:42:51'),
(453, 79, 3, NULL, 1990.00, 'cash', '2025-07-05 01:42:51', '2025-07-05 01:42:51'),
(454, 26, 3, NULL, 1236.00, 'gcash', '2025-06-30 01:42:51', '2025-06-30 01:42:51'),
(455, 120, 3, NULL, 1560.00, 'gcash', '2025-07-10 20:42:51', '2025-07-10 20:42:51'),
(456, 91, 3, NULL, 1739.00, 'cash', '2025-07-21 20:42:51', '2025-07-21 20:42:51'),
(457, 85, 3, NULL, 2075.00, 'cash', '2025-07-20 23:42:51', '2025-07-20 23:42:51'),
(458, 44, 3, NULL, 2660.00, 'card', '2025-07-08 03:42:51', '2025-07-08 03:42:51'),
(459, 120, 3, NULL, 2616.00, 'cash', '2025-07-07 02:42:51', '2025-07-07 02:42:51'),
(460, 18, 3, NULL, 630.00, 'gcash', '2025-07-10 19:42:51', '2025-07-10 19:42:51'),
(461, 124, 3, NULL, 1673.00, 'cash', '2025-06-28 23:42:51', '2025-06-28 23:42:51'),
(462, 49, 4, NULL, 2408.00, 'gcash', '2025-07-07 22:42:51', '2025-07-07 22:42:51'),
(463, 17, 4, NULL, 2375.00, 'gcash', '2025-07-23 00:42:51', '2025-07-23 00:42:51'),
(464, 116, 4, NULL, 901.00, 'gcash', '2025-07-23 00:42:51', '2025-07-23 00:42:51'),
(465, 41, 4, NULL, 1802.00, 'cash', '2025-06-29 02:42:51', '2025-06-29 02:42:51'),
(466, 64, 4, NULL, 1985.00, 'gcash', '2025-06-28 00:42:51', '2025-06-28 00:42:51'),
(467, 65, 4, NULL, 2356.00, 'card', '2025-07-08 23:42:51', '2025-07-08 23:42:51'),
(468, 104, 4, NULL, 2597.00, 'card', '2025-07-07 03:42:51', '2025-07-07 03:42:51'),
(469, 43, 4, NULL, 2066.00, 'card', '2025-07-01 03:42:51', '2025-07-01 03:42:51'),
(470, 107, 4, NULL, 762.00, 'card', '2025-07-15 00:42:51', '2025-07-15 00:42:51'),
(471, 100, 5, NULL, 1025.00, 'gcash', '2025-07-11 19:42:51', '2025-07-11 19:42:51'),
(472, 59, 5, NULL, 1235.00, 'card', '2025-07-01 00:42:51', '2025-07-01 00:42:51'),
(473, 112, 5, NULL, 2110.00, 'card', '2025-07-02 03:42:51', '2025-07-02 03:42:51'),
(474, 19, 5, NULL, 2637.00, 'gcash', '2025-07-05 20:42:51', '2025-07-05 20:42:51'),
(475, 4, 5, NULL, 2913.00, 'card', '2025-07-07 03:42:51', '2025-07-07 03:42:51'),
(476, 20, 5, NULL, 2265.00, 'card', '2025-07-14 00:42:51', '2025-07-14 00:42:51'),
(477, 25, 5, NULL, 921.00, 'gcash', '2025-07-07 00:42:51', '2025-07-07 00:42:51'),
(478, 56, 5, NULL, 2056.00, 'card', '2025-07-21 00:42:51', '2025-07-21 00:42:51'),
(479, 68, 5, NULL, 2012.00, 'gcash', '2025-07-09 20:42:51', '2025-07-09 20:42:51'),
(480, 88, 5, NULL, 1341.00, 'card', '2025-07-05 20:42:51', '2025-07-05 20:42:51'),
(481, 114, 5, NULL, 1450.00, 'gcash', '2025-07-24 19:42:51', '2025-07-24 19:42:51'),
(482, 63, 1, NULL, 1322.00, 'cash', '2025-08-08 03:42:51', '2025-08-08 03:42:51'),
(483, 46, 1, NULL, 1460.00, 'card', '2025-08-14 01:42:51', '2025-08-14 01:42:51'),
(484, 90, 1, NULL, 722.00, 'gcash', '2025-08-18 03:42:51', '2025-08-18 03:42:51'),
(485, 125, 1, NULL, 1424.00, 'cash', '2025-07-28 20:42:51', '2025-07-28 20:42:51'),
(486, 17, 1, NULL, 2463.00, 'gcash', '2025-08-10 20:42:51', '2025-08-10 20:42:51'),
(487, 77, 1, NULL, 2498.00, 'cash', '2025-08-22 01:42:51', '2025-08-22 01:42:51'),
(488, 49, 1, NULL, 2956.00, 'gcash', '2025-07-27 23:42:51', '2025-07-27 23:42:51'),
(489, 105, 2, NULL, 2621.00, 'cash', '2025-07-28 23:42:51', '2025-07-28 23:42:51'),
(490, 108, 2, NULL, 1118.00, 'cash', '2025-08-19 00:42:51', '2025-08-19 00:42:51'),
(491, 6, 2, NULL, 2185.00, 'card', '2025-08-03 23:42:51', '2025-08-03 23:42:51'),
(492, 66, 2, NULL, 1033.00, 'gcash', '2025-08-03 20:42:51', '2025-08-03 20:42:51'),
(493, 5, 2, NULL, 2922.00, 'cash', '2025-08-14 01:42:51', '2025-08-14 01:42:51'),
(494, 93, 2, NULL, 2993.00, 'gcash', '2025-08-17 21:42:51', '2025-08-17 21:42:51'),
(495, 117, 2, NULL, 1179.00, 'card', '2025-08-23 23:42:51', '2025-08-23 23:42:51'),
(496, 106, 2, NULL, 771.00, 'card', '2025-08-15 21:42:51', '2025-08-15 21:42:51'),
(497, 19, 3, NULL, 792.00, 'gcash', '2025-07-29 00:42:51', '2025-07-29 00:42:51'),
(498, 93, 3, NULL, 2961.00, 'cash', '2025-08-11 20:42:51', '2025-08-11 20:42:51'),
(499, 12, 3, NULL, 2377.00, 'gcash', '2025-08-24 00:42:51', '2025-08-24 00:42:51'),
(500, 69, 3, NULL, 1319.00, 'card', '2025-08-03 02:42:51', '2025-08-03 02:42:51'),
(501, 64, 3, NULL, 1387.00, 'card', '2025-08-03 19:42:51', '2025-08-03 19:42:51'),
(502, 54, 3, NULL, 1040.00, 'gcash', '2025-08-11 03:42:51', '2025-08-11 03:42:51'),
(503, 119, 3, NULL, 544.00, 'cash', '2025-08-10 02:42:51', '2025-08-10 02:42:51'),
(504, 86, 3, NULL, 1456.00, 'gcash', '2025-08-05 21:42:51', '2025-08-05 21:42:51'),
(505, 97, 4, NULL, 2148.00, 'gcash', '2025-08-18 21:42:51', '2025-08-18 21:42:51'),
(506, 108, 4, NULL, 1702.00, 'card', '2025-08-10 03:42:51', '2025-08-10 03:42:51'),
(507, 53, 4, NULL, 1114.00, 'cash', '2025-08-12 01:42:51', '2025-08-12 01:42:51'),
(508, 31, 4, NULL, 2780.00, 'cash', '2025-08-19 19:42:51', '2025-08-19 19:42:51'),
(509, 7, 4, NULL, 1723.00, 'cash', '2025-08-09 21:42:51', '2025-08-09 21:42:51'),
(510, 59, 4, NULL, 1678.00, 'card', '2025-08-23 23:42:51', '2025-08-23 23:42:51'),
(511, 58, 4, NULL, 2788.00, 'card', '2025-08-03 19:42:51', '2025-08-03 19:42:51'),
(512, 98, 4, NULL, 2659.00, 'cash', '2025-08-08 19:42:51', '2025-08-08 19:42:51'),
(513, 19, 4, NULL, 963.00, 'card', '2025-07-28 22:42:51', '2025-07-28 22:42:51'),
(514, 63, 5, NULL, 2414.00, 'cash', '2025-08-18 22:42:51', '2025-08-18 22:42:51'),
(515, 86, 5, NULL, 512.00, 'cash', '2025-08-21 19:42:51', '2025-08-21 19:42:51'),
(516, 58, 5, NULL, 2005.00, 'gcash', '2025-07-30 00:42:51', '2025-07-30 00:42:51'),
(517, 80, 5, NULL, 2551.00, 'cash', '2025-08-16 21:42:51', '2025-08-16 21:42:51'),
(518, 107, 5, NULL, 2702.00, 'card', '2025-08-17 03:42:51', '2025-08-17 03:42:51'),
(519, 64, 5, NULL, 2640.00, 'cash', '2025-08-07 03:42:51', '2025-08-07 03:42:51'),
(520, 70, 5, NULL, 2300.00, 'cash', '2025-08-12 20:42:51', '2025-08-12 20:42:51'),
(521, 32, 5, NULL, 2824.00, 'card', '2025-08-10 23:42:51', '2025-08-10 23:42:51'),
(522, 78, 1, NULL, 2731.00, 'card', '2025-09-05 19:42:51', '2025-09-05 19:42:51'),
(523, 50, 1, NULL, 609.00, 'card', '2025-09-15 19:42:51', '2025-09-15 19:42:51'),
(524, 10, 1, NULL, 1053.00, 'card', '2025-09-23 02:42:51', '2025-09-23 02:42:51'),
(525, 106, 1, NULL, 618.00, 'cash', '2025-09-22 02:42:51', '2025-09-22 02:42:51'),
(526, 24, 1, NULL, 1817.00, 'card', '2025-09-07 03:42:51', '2025-09-07 03:42:51'),
(527, 43, 1, NULL, 1911.00, 'card', '2025-09-01 20:42:51', '2025-09-01 20:42:51'),
(528, 120, 1, NULL, 2828.00, 'cash', '2025-09-19 23:42:51', '2025-09-19 23:42:51'),
(529, 60, 1, NULL, 2908.00, 'cash', '2025-09-18 02:42:51', '2025-09-18 02:42:51'),
(530, 37, 1, NULL, 2111.00, 'cash', '2025-09-22 20:42:51', '2025-09-22 20:42:51'),
(531, 50, 1, NULL, 1203.00, 'card', '2025-09-14 19:42:51', '2025-09-14 19:42:51'),
(532, 83, 2, NULL, 2282.00, 'cash', '2025-09-13 02:42:51', '2025-09-13 02:42:51'),
(533, 20, 2, NULL, 2035.00, 'gcash', '2025-09-11 00:42:51', '2025-09-11 00:42:51'),
(534, 66, 2, NULL, 2199.00, 'card', '2025-09-23 00:42:51', '2025-09-23 00:42:51'),
(535, 44, 2, NULL, 566.00, 'card', '2025-09-06 03:42:51', '2025-09-06 03:42:51'),
(536, 103, 2, NULL, 1089.00, 'gcash', '2025-09-23 01:42:51', '2025-09-23 01:42:51'),
(537, 52, 2, NULL, 2900.00, 'card', '2025-09-23 03:42:51', '2025-09-23 03:42:51'),
(538, 116, 2, NULL, 2478.00, 'cash', '2025-09-14 01:42:51', '2025-09-14 01:42:51'),
(539, 90, 3, NULL, 1627.00, 'gcash', '2025-09-13 01:42:51', '2025-09-13 01:42:51'),
(540, 17, 3, NULL, 1147.00, 'gcash', '2025-09-14 02:42:51', '2025-09-14 02:42:51'),
(541, 76, 3, NULL, 1686.00, 'gcash', '2025-08-28 20:42:51', '2025-08-28 20:42:51'),
(542, 22, 3, NULL, 1734.00, 'cash', '2025-09-04 22:42:51', '2025-09-04 22:42:51'),
(543, 40, 3, NULL, 1182.00, 'gcash', '2025-09-06 03:42:51', '2025-09-06 03:42:51'),
(544, 120, 3, NULL, 2836.00, 'cash', '2025-09-08 01:42:51', '2025-09-08 01:42:51'),
(545, 119, 3, NULL, 2582.00, 'gcash', '2025-09-03 03:42:51', '2025-09-03 03:42:51'),
(546, 109, 3, NULL, 2303.00, 'card', '2025-09-18 21:42:51', '2025-09-18 21:42:51'),
(547, 14, 4, NULL, 916.00, 'cash', '2025-09-12 21:42:51', '2025-09-12 21:42:51'),
(548, 65, 4, NULL, 770.00, 'card', '2025-09-07 22:42:51', '2025-09-07 22:42:51'),
(549, 85, 4, NULL, 2841.00, 'gcash', '2025-09-17 23:42:51', '2025-09-17 23:42:51'),
(550, 92, 4, NULL, 1358.00, 'gcash', '2025-09-22 20:42:51', '2025-09-22 20:42:51'),
(551, 3, 4, NULL, 2754.00, 'card', '2025-09-02 20:42:51', '2025-09-02 20:42:51'),
(552, 91, 4, NULL, 1217.00, 'cash', '2025-09-07 01:42:51', '2025-09-07 01:42:51'),
(553, 23, 4, NULL, 2930.00, 'cash', '2025-09-17 23:42:51', '2025-09-17 23:42:51'),
(554, 17, 4, NULL, 1036.00, 'cash', '2025-09-07 23:42:51', '2025-09-07 23:42:51'),
(555, 105, 4, NULL, 736.00, 'card', '2025-09-22 23:42:51', '2025-09-22 23:42:51'),
(556, 110, 4, NULL, 1239.00, 'card', '2025-09-19 01:42:51', '2025-09-19 01:42:51'),
(557, 43, 4, NULL, 1003.00, 'cash', '2025-09-21 00:42:51', '2025-09-21 00:42:51'),
(558, 69, 4, NULL, 2756.00, 'cash', '2025-09-03 20:42:51', '2025-09-03 20:42:51'),
(559, 75, 5, NULL, 880.00, 'cash', '2025-09-17 02:42:51', '2025-09-17 02:42:51'),
(560, 123, 5, NULL, 1996.00, 'gcash', '2025-08-31 19:42:51', '2025-08-31 19:42:51'),
(561, 89, 5, NULL, 1727.00, 'card', '2025-09-04 02:42:51', '2025-09-04 02:42:51'),
(562, 54, 5, NULL, 1702.00, 'card', '2025-09-10 03:42:51', '2025-09-10 03:42:51'),
(563, 37, 5, NULL, 1649.00, 'gcash', '2025-08-28 23:42:51', '2025-08-28 23:42:51'),
(564, 80, 5, NULL, 1639.00, 'gcash', '2025-08-28 20:42:51', '2025-08-28 20:42:51'),
(565, 32, 1, NULL, 2738.00, 'gcash', '2025-10-02 02:42:51', '2025-10-02 02:42:51'),
(566, 114, 1, NULL, 2675.00, 'cash', '2025-10-08 23:42:51', '2025-10-08 23:42:51'),
(567, 97, 1, NULL, 541.00, 'gcash', '2025-10-09 01:42:51', '2025-10-09 01:42:51'),
(568, 72, 1, NULL, 1072.00, 'cash', '2025-09-27 22:42:51', '2025-09-27 22:42:51'),
(569, 69, 1, NULL, 2066.00, 'cash', '2025-10-03 23:42:51', '2025-10-03 23:42:51'),
(570, 73, 1, NULL, 1467.00, 'gcash', '2025-10-11 21:42:51', '2025-10-11 21:42:51'),
(571, 122, 1, NULL, 1333.00, 'gcash', '2025-10-15 03:42:51', '2025-10-15 03:42:51'),
(572, 28, 1, NULL, 1154.00, 'cash', '2025-10-18 02:42:51', '2025-10-18 02:42:51'),
(573, 116, 1, NULL, 1903.00, 'cash', '2025-10-13 20:42:51', '2025-10-13 20:42:51'),
(574, 37, 1, NULL, 1616.00, 'cash', '2025-10-06 00:42:51', '2025-10-06 00:42:51'),
(575, 62, 1, NULL, 517.00, 'cash', '2025-10-12 20:42:51', '2025-10-12 20:42:51'),
(576, 56, 1, NULL, 1172.00, 'card', '2025-10-13 19:42:51', '2025-10-13 19:42:51'),
(577, 102, 1, NULL, 2291.00, 'cash', '2025-10-05 21:42:51', '2025-10-05 21:42:51'),
(578, 104, 1, NULL, 1925.00, 'gcash', '2025-10-17 02:42:51', '2025-10-17 02:42:51'),
(579, 17, 1, NULL, 1203.00, 'gcash', '2025-10-23 20:42:51', '2025-10-23 20:42:51'),
(580, 13, 2, NULL, 1526.00, 'gcash', '2025-09-28 00:42:51', '2025-09-28 00:42:51'),
(581, 49, 2, NULL, 1943.00, 'gcash', '2025-10-04 19:42:51', '2025-10-04 19:42:51'),
(582, 68, 2, NULL, 2401.00, 'gcash', '2025-10-21 03:42:51', '2025-10-21 03:42:51'),
(583, 86, 2, NULL, 764.00, 'card', '2025-10-23 01:42:51', '2025-10-23 01:42:51'),
(584, 120, 2, NULL, 2960.00, 'card', '2025-10-02 19:42:51', '2025-10-02 19:42:51'),
(585, 111, 3, NULL, 1894.00, 'gcash', '2025-10-23 03:42:51', '2025-10-23 03:42:51'),
(586, 88, 3, NULL, 2585.00, 'cash', '2025-09-28 21:42:51', '2025-09-28 21:42:51'),
(587, 31, 3, NULL, 938.00, 'cash', '2025-10-16 02:42:51', '2025-10-16 02:42:51'),
(588, 104, 3, NULL, 585.00, 'card', '2025-10-11 19:42:51', '2025-10-11 19:42:51'),
(589, 118, 3, NULL, 1623.00, 'gcash', '2025-10-16 01:42:51', '2025-10-16 01:42:51'),
(590, 51, 3, NULL, 1970.00, 'card', '2025-10-08 23:42:51', '2025-10-08 23:42:51'),
(591, 15, 3, NULL, 1537.00, 'card', '2025-10-16 19:42:51', '2025-10-16 19:42:51'),
(592, 80, 3, NULL, 858.00, 'gcash', '2025-10-16 03:42:51', '2025-10-16 03:42:51'),
(593, 127, 3, NULL, 2952.00, 'card', '2025-10-06 01:42:51', '2025-10-06 01:42:51'),
(594, 43, 3, NULL, 1447.00, 'gcash', '2025-10-21 03:42:51', '2025-10-21 03:42:51'),
(595, 101, 4, NULL, 1319.00, 'cash', '2025-10-02 22:42:51', '2025-10-02 22:42:51'),
(596, 73, 4, NULL, 1127.00, 'cash', '2025-10-08 20:42:51', '2025-10-08 20:42:51'),
(597, 29, 4, NULL, 2264.00, 'cash', '2025-10-12 03:42:51', '2025-10-12 03:42:51'),
(598, 53, 4, NULL, 1469.00, 'gcash', '2025-10-24 02:42:51', '2025-10-24 02:42:51'),
(599, 74, 4, NULL, 2007.00, 'card', '2025-10-14 19:42:51', '2025-10-14 19:42:51'),
(600, 62, 4, NULL, 2150.00, 'cash', '2025-10-04 00:42:51', '2025-10-04 00:42:51'),
(601, 70, 4, NULL, 2731.00, 'gcash', '2025-10-04 19:42:51', '2025-10-04 19:42:51'),
(602, 86, 4, NULL, 851.00, 'card', '2025-10-05 21:42:51', '2025-10-05 21:42:51'),
(603, 84, 4, NULL, 1256.00, 'cash', '2025-10-16 19:42:51', '2025-10-16 19:42:51'),
(604, 126, 4, NULL, 2817.00, 'gcash', '2025-10-10 02:42:51', '2025-10-10 02:42:51'),
(605, 3, 4, NULL, 903.00, 'gcash', '2025-10-12 02:42:51', '2025-10-12 02:42:51'),
(606, 17, 4, NULL, 569.00, 'gcash', '2025-10-03 23:42:51', '2025-10-03 23:42:51'),
(607, 41, 5, NULL, 2600.00, 'card', '2025-10-06 23:42:51', '2025-10-06 23:42:51'),
(608, 86, 5, NULL, 546.00, 'card', '2025-10-06 20:42:51', '2025-10-06 20:42:51'),
(609, 120, 5, NULL, 827.00, 'card', '2025-09-29 19:42:51', '2025-09-29 19:42:51'),
(610, 77, 5, NULL, 2933.00, 'cash', '2025-09-30 22:42:51', '2025-09-30 22:42:51'),
(611, 30, 5, NULL, 2785.00, 'cash', '2025-10-11 19:42:51', '2025-10-11 19:42:51'),
(612, 123, 5, NULL, 1287.00, 'card', '2025-10-24 21:42:51', '2025-10-24 21:42:51'),
(613, 23, 5, NULL, 987.00, 'card', '2025-10-02 21:42:51', '2025-10-02 21:42:51'),
(614, 123, 5, NULL, 1610.00, 'card', '2025-10-18 21:42:51', '2025-10-18 21:42:51');

-- --------------------------------------------------------

--
-- Table structure for table `users`
--

CREATE TABLE `users` (
  `id` bigint(20) UNSIGNED NOT NULL,
  `name` varchar(255) NOT NULL,
  `email` varchar(255) NOT NULL,
  `email_verified_at` timestamp NULL DEFAULT NULL,
  `password` varchar(255) NOT NULL,
  `mobile_phone` varchar(255) DEFAULT NULL,
  `telephone` varchar(255) DEFAULT NULL,
  `address` text DEFAULT NULL,
  `birthday` date DEFAULT NULL,
  `role` varchar(255) NOT NULL DEFAULT 'client',
  `branch_id` bigint(20) UNSIGNED DEFAULT NULL,
  `remember_token` varchar(100) DEFAULT NULL,
  `created_at` timestamp NULL DEFAULT NULL,
  `updated_at` timestamp NULL DEFAULT NULL,
  `active` tinyint(1) NOT NULL DEFAULT 1
) ENGINE=InnoDB DEFAULT CHARSET=utf8mb4 COLLATE=utf8mb4_unicode_ci;

--
-- Dumping data for table `users`
--

INSERT INTO `users` (`id`, `name`, `email`, `email_verified_at`, `password`, `mobile_phone`, `telephone`, `address`, `birthday`, `role`, `branch_id`, `remember_token`, `created_at`, `updated_at`, `active`) VALUES
(1, 'Leo ezekiel Genodiala', 'leogenodiala@gmail.com', NULL, '$2y$12$S.lqbrc5ZoNFaLagtxKfg.nXqKWhgaqgEBMZWw4LwDkMNt4NuCp5O', '09602512409', NULL, 'Blk 3a lot 5 casimiro westville phase2 bayabas st. Bacoor cavite', NULL, 'client', NULL, '3mIVVzBAJd2PLZyQ4lfSsqjvJXTk8rSuUfs9jt4ZletAzD2xauauzOk5XUMs', '2025-08-25 12:50:22', '2025-10-08 07:13:51', 1),
(2, 'Test Client', 'client@test.com', NULL, '$2y$12$rjKQ.Q7tQ8fpwIjmV70aHeOKIV7IhA3w.Ha8ARe50Tz57Nftj/kza', NULL, NULL, NULL, NULL, 'client', NULL, NULL, '2025-08-25 15:27:02', '2025-09-26 10:38:55', 1),
(4, 'Sample Staff', 'staff@example.com', NULL, '$2y$12$rHh5Q/.FDGkXnHDK5GiYfOkyMrk/4Dvs2LlXVbOn3xE5lPfYos8NW', NULL, NULL, NULL, NULL, 'staff', NULL, 'qOVORNmz28jBOUNZZOQf7NF5jOHn0wv9w1d9pp7XZR9LmlyBgCWWa7QsPtYo', '2025-08-25 15:28:54', '2025-09-01 15:20:51', 1),
(5, 'z3eke', 'lezekgenodiala@gmail.com', NULL, '$2y$12$oW0aWQgyKZdreRkIUbvxZ.CPku9wc8QDpewQlhUBhXYPPVzAhezPm', NULL, NULL, NULL, NULL, 'client', NULL, NULL, '2025-08-26 07:14:14', '2025-08-26 07:14:14', 1),
(7, 'CEO', 'ceo@skin911.com', '2025-09-26 10:38:55', '$2y$12$jeOcf4A/axzxHWlM4PT3qeCJ.QUw/SQfK2Qbh4edELP6MyjNyk8Vm', NULL, NULL, NULL, NULL, 'ceo', NULL, NULL, '2025-09-26 10:38:55', '2025-09-26 10:38:55', 1),
(8, 'adminBanilad', 'admin1@skin911.com', NULL, '$2y$12$7We6F3hIGgYY3PUvJ4iufuayLf9MV/oN2U.VhKWbza6t/kKTz5S6K', NULL, NULL, NULL, NULL, 'admin', 1, NULL, '2025-08-30 04:12:25', '2025-09-26 08:06:52', 1),
(9, 'staff2', 'staff2@example.com', NULL, '$2y$12$StLHW4mZ0doLUoSD.dQNJ.NPSDP8L9qJylFqlBcafmPQhYiE2uqqW', NULL, NULL, NULL, NULL, 'staff', 1, '0JNIlIkOxEBFlDzHeDzE24621tsz6JI8FnYWNkypzTJnTugebqPHSi3wGrgr', '2025-09-01 09:40:49', '2025-10-08 02:47:01', 1),
(10, 'leo', 'leo@leo.com', NULL, '$2y$12$aEzeWwLaSgTnc47w/yecM..opgK4I276IdhEm2k71rY/llOC0dH3m', NULL, NULL, NULL, NULL, 'staff', 1, NULL, '2025-09-01 14:17:06', '2025-09-02 04:37:11', 1),
(11, 'adminAyala', 'admin2@gmail.com', NULL, '$2y$12$r8UDo30qo3YcQG.sCubyBuCUDaGomyAX2Qwobwi2l6J9TFWe2QpK2', NULL, NULL, NULL, NULL, 'admin', 2, NULL, '2025-09-12 13:38:13', '2025-09-26 12:34:11', 1),
(12, 'adminRama', 'admin3@skin911.com', NULL, '$2y$12$rM/cpTcAHH1tPa00Hl4jOunX4MRlkpTy0OTLDztGj7f7a8La1xHjO', NULL, NULL, NULL, NULL, 'admin', 3, NULL, '2025-09-26 08:08:29', '2025-09-26 08:08:29', 1),
(13, 'adminSM', 'admin4@skin911.com', NULL, '$2y$12$ffjcC0l4VBHqv30xGZzV5uYVgCEgiP5ifoBwwKM4.1c.h/1eluTJe', NULL, NULL, NULL, NULL, 'admin', 4, NULL, '2025-09-26 08:10:41', '2025-09-26 08:10:41', 1),
(14, 'adminSeaside', 'admin5@skin911.com', NULL, '$2y$12$Fm9et.3H26x.Iq876EtmqeHPLo7.idl/2jkVatsaveRFZbfkSxDFi', NULL, NULL, NULL, NULL, 'admin', 5, NULL, '2025-09-26 08:12:31', '2025-09-26 08:12:31', 1),
(15, 'staffRama', 'stafframa@staff.com', NULL, '$2y$12$X2HJ0i6qtu77b9X1hJzRb.k03TiVtCUHq64F2zdXjo.HM5PPNc4oy', NULL, NULL, NULL, NULL, 'staff', 3, NULL, '2025-09-26 08:13:53', '2025-09-26 08:13:53', 1),
(16, 'Sample Staff', 'staffuser@example.com', NULL, '$2y$12$jLkLveKufE5dmFmNF/esIOQxndmdmhykYKHIF2tvsiwmlodC13lBK', NULL, NULL, NULL, NULL, 'staff', NULL, NULL, '2025-09-26 10:38:24', '2025-09-26 10:38:55', 1),
(17, 'Admin', 'admin@skin911.com', '2025-09-26 10:38:56', '$2y$12$gxqPisFtzZrNvEEZ3vCCpuu/eMMqfV1osJYgjXmR6uieIg0yY.NVm', NULL, NULL, NULL, NULL, 'admin', 1, NULL, '2025-09-26 10:38:56', '2025-09-26 11:55:31', 1),
(18, 'adminQuezon', 'admin6@skin911.com', NULL, '$2y$12$fZ7GIO3j2Ty0iqbGtQYRge8YEm9A5JA4bthc1zPYF8skZutjGzMmS', NULL, NULL, NULL, NULL, 'admin', 6, NULL, '2025-09-26 12:59:19', '2025-09-26 12:59:19', 1),
(19, 'QuezonStaff', 'staffQuezon@example.com', NULL, '$2y$12$AVSk1OD0MEKllhTgt44LT.KjpJDEKz3AbLEjHpqX3Fz7NpfxrGNAm', NULL, NULL, NULL, NULL, 'staff', 6, NULL, '2025-09-26 13:02:45', '2025-09-26 13:02:45', 1);

--
-- Indexes for dumped tables
--

--
-- Indexes for table `bookings`
--
ALTER TABLE `bookings`
  ADD PRIMARY KEY (`id`),
  ADD KEY `bookings_user_id_foreign` (`user_id`),
  ADD KEY `bookings_service_id_foreign` (`service_id`),
  ADD KEY `bookings_branch_id_foreign` (`branch_id`),
  ADD KEY `bookings_package_id_foreign` (`package_id`);

--
-- Indexes for table `branches`
--
ALTER TABLE `branches`
  ADD PRIMARY KEY (`id`),
  ADD UNIQUE KEY `branches_key_unique` (`key`),
  ADD UNIQUE KEY `branches_name_unique` (`name`);

--
-- Indexes for table `branch_service`
--
ALTER TABLE `branch_service`
  ADD PRIMARY KEY (`id`),
  ADD UNIQUE KEY `branch_service_branch_id_service_id_unique` (`branch_id`,`service_id`),
  ADD KEY `branch_service_service_id_foreign` (`service_id`);

--
-- Indexes for table `cache`
--
ALTER TABLE `cache`
  ADD PRIMARY KEY (`key`);

--
-- Indexes for table `cache_locks`
--
ALTER TABLE `cache_locks`
  ADD PRIMARY KEY (`key`);

--
-- Indexes for table `failed_jobs`
--
ALTER TABLE `failed_jobs`
  ADD PRIMARY KEY (`id`),
  ADD UNIQUE KEY `failed_jobs_uuid_unique` (`uuid`);

--
-- Indexes for table `jobs`
--
ALTER TABLE `jobs`
  ADD PRIMARY KEY (`id`),
  ADD KEY `jobs_queue_index` (`queue`);

--
-- Indexes for table `job_batches`
--
ALTER TABLE `job_batches`
  ADD PRIMARY KEY (`id`);

--
-- Indexes for table `messages`
--
ALTER TABLE `messages`
  ADD PRIMARY KEY (`id`);

--
-- Indexes for table `migrations`
--
ALTER TABLE `migrations`
  ADD PRIMARY KEY (`id`);

--
-- Indexes for table `packages`
--
ALTER TABLE `packages`
  ADD PRIMARY KEY (`id`),
  ADD KEY `packages_branch_id_index` (`branch_id`);

--
-- Indexes for table `package_service`
--
ALTER TABLE `package_service`
  ADD PRIMARY KEY (`id`),
  ADD KEY `package_service_package_id_index` (`package_id`),
  ADD KEY `package_service_service_id_index` (`service_id`);

--
-- Indexes for table `password_reset_tokens`
--
ALTER TABLE `password_reset_tokens`
  ADD PRIMARY KEY (`email`);

--
-- Indexes for table `promos`
--
ALTER TABLE `promos`
  ADD PRIMARY KEY (`id`),
  ADD UNIQUE KEY `promos_code_unique` (`code`),
  ADD KEY `promos_branch_id_foreign` (`branch_id`);

--
-- Indexes for table `promo_service`
--
ALTER TABLE `promo_service`
  ADD PRIMARY KEY (`id`),
  ADD UNIQUE KEY `promo_service_promo_id_service_id_unique` (`promo_id`,`service_id`),
  ADD KEY `promo_service_service_id_foreign` (`service_id`);

--
-- Indexes for table `purchased_services`
--
ALTER TABLE `purchased_services`
  ADD PRIMARY KEY (`id`),
  ADD KEY `purchased_services_user_id_foreign` (`user_id`),
  ADD KEY `purchased_services_service_id_foreign` (`service_id`),
  ADD KEY `purchased_services_booking_id_foreign` (`booking_id`);

--
-- Indexes for table `services`
--
ALTER TABLE `services`
  ADD PRIMARY KEY (`id`),
  ADD KEY `services_branch_id_foreign` (`branch_id`);

--
-- Indexes for table `sessions`
--
ALTER TABLE `sessions`
  ADD PRIMARY KEY (`id`),
  ADD KEY `sessions_user_id_index` (`user_id`),
  ADD KEY `sessions_last_activity_index` (`last_activity`);

--
-- Indexes for table `transactions`
--
ALTER TABLE `transactions`
  ADD PRIMARY KEY (`id`),
  ADD KEY `transactions_service_id_foreign` (`service_id`),
  ADD KEY `transactions_branch_id_foreign` (`branch_id`),
  ADD KEY `transactions_staff_id_foreign` (`staff_id`);

--
-- Indexes for table `users`
--
ALTER TABLE `users`
  ADD PRIMARY KEY (`id`),
  ADD UNIQUE KEY `users_email_unique` (`email`),
  ADD KEY `users_branch_id_foreign` (`branch_id`);

--
-- AUTO_INCREMENT for dumped tables
--

--
-- AUTO_INCREMENT for table `bookings`
--
ALTER TABLE `bookings`
  MODIFY `id` bigint(20) UNSIGNED NOT NULL AUTO_INCREMENT, AUTO_INCREMENT=716;

--
-- AUTO_INCREMENT for table `branches`
--
ALTER TABLE `branches`
  MODIFY `id` bigint(20) UNSIGNED NOT NULL AUTO_INCREMENT, AUTO_INCREMENT=56;

--
-- AUTO_INCREMENT for table `branch_service`
--
ALTER TABLE `branch_service`
  MODIFY `id` bigint(20) UNSIGNED NOT NULL AUTO_INCREMENT, AUTO_INCREMENT=471;

--
-- AUTO_INCREMENT for table `failed_jobs`
--
ALTER TABLE `failed_jobs`
  MODIFY `id` bigint(20) UNSIGNED NOT NULL AUTO_INCREMENT;

--
-- AUTO_INCREMENT for table `jobs`
--
ALTER TABLE `jobs`
  MODIFY `id` bigint(20) UNSIGNED NOT NULL AUTO_INCREMENT;

--
-- AUTO_INCREMENT for table `messages`
--
ALTER TABLE `messages`
  MODIFY `id` bigint(20) UNSIGNED NOT NULL AUTO_INCREMENT, AUTO_INCREMENT=595;

--
-- AUTO_INCREMENT for table `migrations`
--
ALTER TABLE `migrations`
  MODIFY `id` int(10) UNSIGNED NOT NULL AUTO_INCREMENT, AUTO_INCREMENT=45;

--
-- AUTO_INCREMENT for table `packages`
--
ALTER TABLE `packages`
  MODIFY `id` bigint(20) UNSIGNED NOT NULL AUTO_INCREMENT, AUTO_INCREMENT=10;

--
-- AUTO_INCREMENT for table `package_service`
--
ALTER TABLE `package_service`
  MODIFY `id` bigint(20) UNSIGNED NOT NULL AUTO_INCREMENT, AUTO_INCREMENT=21;

--
-- AUTO_INCREMENT for table `promos`
--
ALTER TABLE `promos`
  MODIFY `id` bigint(20) UNSIGNED NOT NULL AUTO_INCREMENT, AUTO_INCREMENT=9;

--
-- AUTO_INCREMENT for table `promo_service`
--
ALTER TABLE `promo_service`
  MODIFY `id` bigint(20) UNSIGNED NOT NULL AUTO_INCREMENT, AUTO_INCREMENT=8;

--
-- AUTO_INCREMENT for table `purchased_services`
--
ALTER TABLE `purchased_services`
  MODIFY `id` bigint(20) UNSIGNED NOT NULL AUTO_INCREMENT, AUTO_INCREMENT=118;

--
-- AUTO_INCREMENT for table `services`
--
ALTER TABLE `services`
  MODIFY `id` bigint(20) UNSIGNED NOT NULL AUTO_INCREMENT, AUTO_INCREMENT=130;

--
-- AUTO_INCREMENT for table `transactions`
--
ALTER TABLE `transactions`
  MODIFY `id` bigint(20) UNSIGNED NOT NULL AUTO_INCREMENT, AUTO_INCREMENT=615;

--
-- AUTO_INCREMENT for table `users`
--
ALTER TABLE `users`
  MODIFY `id` bigint(20) UNSIGNED NOT NULL AUTO_INCREMENT, AUTO_INCREMENT=21;

--
-- Constraints for dumped tables
--

--
-- Constraints for table `bookings`
--
ALTER TABLE `bookings`
  ADD CONSTRAINT `bookings_branch_id_foreign` FOREIGN KEY (`branch_id`) REFERENCES `branches` (`id`) ON DELETE CASCADE,
  ADD CONSTRAINT `bookings_package_id_foreign` FOREIGN KEY (`package_id`) REFERENCES `packages` (`id`) ON DELETE SET NULL,
  ADD CONSTRAINT `bookings_service_id_foreign` FOREIGN KEY (`service_id`) REFERENCES `services` (`id`) ON DELETE CASCADE,
  ADD CONSTRAINT `bookings_user_id_foreign` FOREIGN KEY (`user_id`) REFERENCES `users` (`id`) ON DELETE CASCADE;

--
-- Constraints for table `branch_service`
--
ALTER TABLE `branch_service`
  ADD CONSTRAINT `branch_service_branch_id_foreign` FOREIGN KEY (`branch_id`) REFERENCES `branches` (`id`) ON DELETE CASCADE,
  ADD CONSTRAINT `branch_service_service_id_foreign` FOREIGN KEY (`service_id`) REFERENCES `services` (`id`) ON DELETE CASCADE;

--
-- Constraints for table `package_service`
--
ALTER TABLE `package_service`
  ADD CONSTRAINT `package_service_package_id_foreign` FOREIGN KEY (`package_id`) REFERENCES `packages` (`id`) ON DELETE CASCADE,
  ADD CONSTRAINT `package_service_service_id_foreign` FOREIGN KEY (`service_id`) REFERENCES `services` (`id`) ON DELETE CASCADE;

--
-- Constraints for table `promos`
--
ALTER TABLE `promos`
  ADD CONSTRAINT `promos_branch_id_foreign` FOREIGN KEY (`branch_id`) REFERENCES `branches` (`id`) ON DELETE SET NULL;

--
-- Constraints for table `promo_service`
--
ALTER TABLE `promo_service`
  ADD CONSTRAINT `promo_service_promo_id_foreign` FOREIGN KEY (`promo_id`) REFERENCES `promos` (`id`) ON DELETE CASCADE,
  ADD CONSTRAINT `promo_service_service_id_foreign` FOREIGN KEY (`service_id`) REFERENCES `services` (`id`) ON DELETE CASCADE;

--
-- Constraints for table `purchased_services`
--
ALTER TABLE `purchased_services`
  ADD CONSTRAINT `purchased_services_booking_id_foreign` FOREIGN KEY (`booking_id`) REFERENCES `bookings` (`id`) ON DELETE CASCADE,
  ADD CONSTRAINT `purchased_services_service_id_foreign` FOREIGN KEY (`service_id`) REFERENCES `services` (`id`) ON DELETE CASCADE,
  ADD CONSTRAINT `purchased_services_user_id_foreign` FOREIGN KEY (`user_id`) REFERENCES `users` (`id`) ON DELETE CASCADE;

--
-- Constraints for table `services`
--
ALTER TABLE `services`
  ADD CONSTRAINT `services_branch_id_foreign` FOREIGN KEY (`branch_id`) REFERENCES `branches` (`id`) ON DELETE SET NULL;

--
-- Constraints for table `transactions`
--
ALTER TABLE `transactions`
  ADD CONSTRAINT `transactions_branch_id_foreign` FOREIGN KEY (`branch_id`) REFERENCES `branches` (`id`) ON DELETE SET NULL,
  ADD CONSTRAINT `transactions_service_id_foreign` FOREIGN KEY (`service_id`) REFERENCES `services` (`id`) ON DELETE CASCADE,
  ADD CONSTRAINT `transactions_staff_id_foreign` FOREIGN KEY (`staff_id`) REFERENCES `users` (`id`) ON DELETE SET NULL;

--
-- Constraints for table `users`
--
ALTER TABLE `users`
  ADD CONSTRAINT `users_branch_id_foreign` FOREIGN KEY (`branch_id`) REFERENCES `branches` (`id`) ON DELETE SET NULL;
COMMIT;

/*!40101 SET CHARACTER_SET_CLIENT=@OLD_CHARACTER_SET_CLIENT */;
/*!40101 SET CHARACTER_SET_RESULTS=@OLD_CHARACTER_SET_RESULTS */;
/*!40101 SET COLLATION_CONNECTION=@OLD_COLLATION_CONNECTION */;
